[
  {
    "book": "ज्ञान गंगा",
    "language": "हिन्दी",
    "name": "Sachin",
    "fatherName": "Santos",
    "mobile": "8586003472",
    "altMobile": "",
    "pincode": "465227",
    "postOffices": [
      {
        "location": "Chitawad"
      },
      {
        "location": "Kadwala"
      },
      {
        "location": "Kevda Khedi"
      },
      {
        "location": "Killoda"
      },
      {
        "location": "Loharkheda"
      },
      {
        "location": "Madana"
      },
      {
        "location": "Manglaj"
      },
      {
        "location": "Salsalai"
      }
    ],
    "district": "Shajapur",
    "state": "Madhya Pradesh",
    "location": "Kadwala",
    "timestamp": "2025-11-21T06:55:10.170Z",
    "whatsapp": "38302602231848@lid"
  },
  {
    "name": "Sachin",
    "father": "Santosh",
    "mobile": "7747920884",
    "bookName": "ज्ञान गंगा",
    "language": "हिन्दी",
    "address": "Kadwala",
    "pincode": "465227",
    "district": "Shajapur",
    "stateName": "Madhya Pradesh",
    "whatsapp": "38302602231848@lid",
    "timestamp": "2025-11-21T08:18:24.210Z",
    "id": 1763713104216,
    "status": "completed"
  },
  {
    "name": "Sachin",
    "father": "Back",
    "mobile": "9174406375",
    "bookName": "ज्ञान गंगा",
    "language": "हिन्दी",
    "address": "Kadwala",
    "pincode": "465227",
    "district": "Shajapur",
    "stateName": "Madhya Pradesh",
    "whatsapp": "38302602231848@lid",
    "timestamp": "2025-11-21T09:49:55.460Z",
    "id": 1763718595491,
    "status": "completed"
  },
  {
    "name": "Sachin",
    "father": "Santosh",
    "mobile": "9174406375",
    "bookName": "ज्ञान गंगा",
    "language": "हिन्दी",
    "address": "Chitawad",
    "pincode": "465227",
    "district": "Shajapur",
    "stateName": "Madhya Pradesh",
    "whatsapp": "38302602231848@lid",
    "timestamp": "2025-11-21T10:03:32.150Z",
    "id": 1763719412161,
    "status": "completed"
  },
  {
    "name": "Sachin",
    "father": "Santosh",
    "mobile": "9174406375",
    "language": "हिन्दी",
    "address": "Kadwala",
    "pincode": "465227",
    "district": "Shajapur",
    "stateName": "Madhya Pradesh",
    "whatsapp": "38302602231848@lid",
    "timestamp": "2025-11-21T10:17:25.311Z",
    "id": 1763720245318,
    "status": "completed"
  },
  {
    "name": "Sachin",
    "father": "Santosh",
    "mobile": "8586003472",
    "bookName": "ज्ञान गंगा",
    "language": "हिन्दी",
    "address": "Kadwala",
    "pincode": "465227",
    "district": "Shajapur",
    "stateName": "Madhya Pradesh",
    "whatsapp": "38302602231848@lid",
    "timestamp": "2025-11-21T10:57:03.778Z",
    "id": 1763722623780,
    "status": "completed"
  },
  {
    "name": "Sachin",
    "father": "Santosh",
    "mobile": "7747920884",
    "bookName": "ज्ञान गंगा",
    "language": "हिन्दी",
    "address": "Kadwala",
    "pincode": "465227",
    "district": "Shajapur",
    "stateName": "Madhya Pradesh",
    "whatsapp": "38302602231848@lid",
    "timestamp": "2025-11-21T15:17:17.755Z",
    "orderNumber": 1,
    "id": 1763738237762,
    "status": "completed"
  },
  {
    "name": "Sachin",
    "father": "Santosh",
    "mobile": "7747920884",
    "bookName": "ज्ञान गंगा",
    "language": "English",
    "address": "Kadwala",
    "pincode": "465227",
    "district": "Shajapur",
    "stateName": "Madhya Pradesh",
    "whatsapp": "38302602231848@lid",
    "timestamp": "2025-11-21T17:08:59.255Z",
    "id": 1763744939265,
    "status": "completed"
  },
  {
    "name": "Sachin",
    "father": "Santosh",
    "mobile": "7747920884",
    "bookName": "ज्ञान गंगा",
    "language": "हिन्दी",
    "address": "Kadwala",
    "pincode": "465227",
    "district": "Shajapur",
    "stateName": "Madhya Pradesh",
    "whatsapp": "38302602231848@lid",
    "timestamp": "2025-11-21T17:18:26.183Z",
    "id": 1763745506196,
    "status": "completed"
  },
  {
    "name": "Rajendra",
    "father": "Chagan lal",
    "mobile": "7089347810",
    "bookName": "ज्ञान गंगा",
    "language": "हिन्दी",
    "address": "Kadwala",
    "pincode": "465227",
    "district": "Shajapur",
    "stateName": "Madhya Pradesh",
    "whatsapp": "917089347810@s.whatsapp.net",
    "timestamp": "2025-11-21T17:46:37.738Z",
    "id": 1763747197749,
    "status": "completed"
  },
  {
    "name": "Sachinji",
    "father": "Santosh",
    "mobile": "9174406375",
    "bookName": "ज्ञान गंगा",
    "language": "हिन्दी",
    "address": "Kadwala",
    "pincode": "465227",
    "district": "Shajapur",
    "stateName": "Madhya Pradesh",
    "whatsapp": "38302602231848@lid",
    "timestamp": "2025-11-22T04:16:46.505Z",
    "id": 1763785006512,
    "status": "completed"
  },
  {
    "name": "सतीश कुमार",
    "father": "अमर सिंह",
    "mobile": "9752889799",
    "bookName": "ज्ञान गंगा",
    "language": "हिन्दी",
    "address": "Shujalpur  Mandi",
    "pincode": "465333",
    "district": "Shajapur",
    "stateName": "Madhya Pradesh",
    "whatsapp": "919752889799@s.whatsapp.net",
    "timestamp": "2025-11-22T04:35:09.589Z",
    "id": 1763786109605,
    "status": "completed"
  },
  {
    "name": "Sachin",
    "father": "Santosh",
    "mobile": "9926290166",
    "bookName": "ज्ञान गंगा",
    "language": "हिन्दी",
    "address": "Kadwala",
    "pincode": "465227",
    "district": "Shajapur",
    "stateName": "Madhya Pradesh",
    "whatsapp": "38302602231848@lid",
    "timestamp": "2025-11-22T06:14:48.188Z",
    "id": 1763792088195,
    "status": "completed"
  },
  {
    "name": "Sachin",
    "father": "Santosh",
    "mobile": "9999988888",
    "bookName": "ज्ञान गंगा",
    "language": "हिन्दी",
    "address": "Kadwala",
    "pincode": "465227",
    "district": "Shajapur",
    "stateName": "Madhya Pradesh",
    "whatsapp": "38302602231848@lid",
    "timestamp": "2025-11-22T08:27:22.274Z",
    "id": 1763800042281,
    "status": "completed"
  },
  {
    "name": "Sachin.",
    "father": "Santosh",
    "mobile": "9999088888",
    "bookName": "ज्ञान गंगा",
    "language": "हिन्दी",
    "address": "Kadwala",
    "pincode": "465227",
    "district": "Shajapur",
    "stateName": "Madhya Pradesh",
    "whatsapp": "1138719985668@lid",
    "timestamp": "2025-11-22T08:52:33.048Z",
    "id": 1763801553054,
    "status": "completed"
  },
  {
    "name": "Sachin",
    "father": "Santosh",
    "mobile": "9999777888",
    "bookName": "ज्ञान गंगा",
    "language": "हिन्दी",
    "address": "Shujalpur  Mandi",
    "pincode": "465333",
    "district": "Shajapur",
    "stateName": "Madhya Pradesh",
    "whatsapp": "38302602231848@lid",
    "timestamp": "2025-11-22T09:53:03.634Z",
    "id": 1763805183644,
    "status": "completed"
  }
]