{"version":22,"hash":{"type":"Buffer","data":"zxcmna/hJ7O7nExcStJcLCajr+1V5jRvIdAjOM+OQcO/PWBdKVoIuYi5B1EQDGIb4RzIEzK9pcTYD3E4+KqqNwAMObdMzv3hd42rF4lpWQwfGOWD+7VOpXWaYvzY6OR+VLRDdyri7y3IMO2VlmW03lIZ05Tno7B1D1ifX0OQFKA="},"indexValueMap":{"AOT5WLIzefH3JTFawwSm4XW+FcXOJCG/NP/AGlP0CuU=":{"valueMac":{"type":"Buffer","data":"jNo6VtmyxDjFT3j2Jzvno2nFtkajOVqw+xMGpbAJL9Q="}},"A49nkfJ/VSKzNh80BxWsX94KIuUHzIFcHQ9ilhdT+ig=":{"valueMac":{"type":"Buffer","data":"PRQ9WuC4z9wMHZw8TbknC+KX1LlraL+zTJ5y/mKpenY="}},"CHDNR8VXOxZi5ZZ436G0HL4oE4MRWdxX6GBGM1bBjR0=":{"valueMac":{"type":"Buffer","data":"ahzCIYuD79472PUNtcRVeS1GOpCudSApR+DpAOsXec8="}},"CmwzD8vfIU1rM7xTV3ECQYvDAsBoHNoDY+JxMECFVUQ=":{"valueMac":{"type":"Buffer","data":"AqJFlHrsHmEkA8ZFToGBzjgeVQY9OK4Po9+aCcP6wE4="}},"HrbFeUb4uV3HqJ3BrYDU4WOHqAuhMnkZzJ9tlwopvO4=":{"valueMac":{"type":"Buffer","data":"aOFBUEQazXUhavmTwKU+iTjw4+WnExOSZsUf/PaCjHo="}},"H+MJGjkHg+IZWPjnI5lGdGt2e4501ittIo2bHC9hKuo=":{"valueMac":{"type":"Buffer","data":"BIK9J4ea8lluGrvSsHqqMtJfTcg+wsPtZ92/nFoq20M="}},"JbjRSOD6t9B+CX7Wf9wXnnIHZF5/kxCD0F7R6Xh7TnM=":{"valueMac":{"type":"Buffer","data":"YtFM4vur/6BFs9TPmb+BQ1BLsnPbgCaMH6Usq98tKNM="}},"LZ3LunqTDPe5zazwM84t5tOmu1pk7pgMvK+RO+pNJM8=":{"valueMac":{"type":"Buffer","data":"cIFWMPxmEknZVYZYoD3m61RF4NFY0u4l/ND0GQsRVfM="}},"M6YmQ7EKKLkCq5BmVaS7ZYVbNXGpgbYP6TRqA9wZRik=":{"valueMac":{"type":"Buffer","data":"wP23AhX0tUyM5AZg0weyK61VNqtwmmk7QPbO+5M/Ti4="}},"NVkB1tTfL/GJmx/KQpYRWRgXWGtq8i9poke7ZyuZ5Us=":{"valueMac":{"type":"Buffer","data":"cU8p29x8nLTlckk93WxHykLlaI0A2WjJv3e1nCrRdqc="}},"N7eR0GyZIUC5BjRLpIw3JaqrCeY9kF+3unOYnOtsa6M=":{"valueMac":{"type":"Buffer","data":"PkPWdA4aV8DOcHc38CrHxdWZNfv0d72GTLENfqQt1JI="}},"Pr6Z85BhMu629mt5BwnCKJNCH+4F3X4G7QCTbInMqUs=":{"valueMac":{"type":"Buffer","data":"nFzV3tjldCcI/H2egSaZcBIjnYVP+bYSrvsCkt3lF+s="}},"RoLmwz+oGGhRIntnUDrAUdDOToChreqQyDR0Fim4SJc=":{"valueMac":{"type":"Buffer","data":"1n+jhvglHL0+i1rqNBEUJ70zZLI3MCGuC3hB028JKho="}},"UQ3Nc7fjrqL1q6Zczo6y1FKX+glkjTtNZ27ftWMxBN0=":{"valueMac":{"type":"Buffer","data":"Y55z/9ME1kp60RJ7TPQXRyzkv9EcjRWGUTqhxDB4JF4="}},"UvQ06U2+U8a4yhlDXP6HL6WNvk+t3JHopluQx9vOVyE=":{"valueMac":{"type":"Buffer","data":"0ps6Ek3e+IiU3+OHFNeivm/XQtShXgnR0DYeJ4DpUhM="}},"VMF436Ey7L/z0QLyxdgQhibxpHy/W8B47pTZ+R1Ap2k=":{"valueMac":{"type":"Buffer","data":"kr2EVjWYyuKMEKSSTSQ+ljzGGToWpxF/MSuFF2WziF8="}},"aabYf1+Oti9IIystsvpEDMdRZyVUu3N3FuyGCJHzomQ=":{"valueMac":{"type":"Buffer","data":"a42Xsd0gkBMzlUnIcu4BfweK2qLCCGMc34NX7Z9aPm4="}},"ajwpDgLCyaJ3vc/C9ZR84nxlV0VXTay+pUd5B1WB2KI=":{"valueMac":{"type":"Buffer","data":"jJ9mi6IZ3WLhj14amBME8tgOuv0nLyr+5vBEwYHqN/g="}},"cpyJMjiBLDCEmaMfrbUfvNJ/DZV6D+eokh2uuvuNdWU=":{"valueMac":{"type":"Buffer","data":"omKTyx63um73ou1sVWCevx5uaneJGfg5TEUlanG5KmQ="}},"fl/fY4bQersObEkQ+ttvazz1urLS2xFDifjJJ/zaSlA=":{"valueMac":{"type":"Buffer","data":"miibo6PViMck7a3xE/UGdxdeJydjVIZjyh61irAiJwk="}},"izNQ21X2sCplNPLkZ0nowLucM1B+1d8q53o7ho9EXUg=":{"valueMac":{"type":"Buffer","data":"b+vDX/oZkMVlZ27jHJzZCpFGj56Zg61SQ4zuxk/l65Q="}},"jNqpc+fOiWl2pLal8wk4fZo/2tO7SqoosGEpJkbedcQ=":{"valueMac":{"type":"Buffer","data":"dqQemXCGrQp4OJPKVQcov0gcUl5x/TieWWYBe+IHohQ="}},"kZyP6lErmTcSNyDQLmi6GgoNCBYp8aWHnnyYPNmf/lU=":{"valueMac":{"type":"Buffer","data":"ruE3O3dTf9eKssQKYq1o/JVgqrupb/FfAG1OB7/3Tco="}},"lCuQIQ3C+WBuYpbo0QH0rXOGVAhGi0vX1foaBHAtA7I=":{"valueMac":{"type":"Buffer","data":"k2DDzgUdI9m+o/8eeOxjj1q+qEFQn4XCn0Q79pb/iYQ="}},"lP4Ny8J4fPk4u0r9G7JU9ZP5/BnhqY0Gx9A0CekTEX0=":{"valueMac":{"type":"Buffer","data":"7OvlSHeBxd+IELdor+uIR823Mp4W6X9xblxb/FxO35o="}},"lSE8j9Wbu5K1TA+5pK2U4d2n8I8Tblc23lwWRco+yYw=":{"valueMac":{"type":"Buffer","data":"yMADu0bzhm8JxilugFB2IIe0l/CPovyL10C56MdJ330="}},"li7pbddnRxW9X5X4VDQzdWFmMbBDXpQsXvuUewCt6EI=":{"valueMac":{"type":"Buffer","data":"WWp/mJvmdDjYlOI3+AE5XwZ3b2HkXGD/Zw0a6gfdS3o="}},"n64Lr/sSNbf7nVqG24n94gOVrUwYVFIh2TmrWoEaQw0=":{"valueMac":{"type":"Buffer","data":"vEu07JID9s6Gne8xCYyYEr2EAuTi7klu9JMaQJ64Fig="}},"ovOIiZBq6ifHY5/T+qYolxElUXONDxriVGSLiLkJ1uw=":{"valueMac":{"type":"Buffer","data":"31PXV2i9/s/wOZjzDRXPJKCw+hWmBIBUp2dZmFPNhBI="}},"oxFxlo3L7LtDbA/7JANwGRF50lxEPrEWQAV0hK2yA8E=":{"valueMac":{"type":"Buffer","data":"qzzqSoXkSTCura7dpRpE7UdTNubQ4vlG176nUHzyCUI="}},"o9wbAVidd1dU1aUIZChmWk4MZkdG8fXz2WwBzU81Uto=":{"valueMac":{"type":"Buffer","data":"EHjVy5XbPWvLiJyBzwtdnCEemP9NJ9tf7le+IcXm6a4="}},"pFaE0rtg0+aEWTPVc5fNY5qLAieIewhIVjcxz6k2LCU=":{"valueMac":{"type":"Buffer","data":"3RK0JVS78LaUvxzvBy/5Cd4j1QKgepFnkfwVnQ5C9/k="}},"pMqKE/xxbrHHH49Y1yz8XXJStEgnohnb9b5VCQA0oig=":{"valueMac":{"type":"Buffer","data":"vs1Na+PNg4+HiFIF1zR1KHVosqvJXQdE6wTfaypmu2k="}},"qeftghPrCA/TdDbaRgCGn99Kd/WSsJ4t3XjyvRv+RjI=":{"valueMac":{"type":"Buffer","data":"NV+MDF5o1YYYXVWpei9he+6dRa5W1aJTgjaFwtpXyMY="}},"tYHEpQ9P8aeVSyXrWlkY5gVOrZuTzwqa1pM+vmZZkD4=":{"valueMac":{"type":"Buffer","data":"X8+5rIh3GEmnqY8G6fM4RZhnrcquanIq+iegAAgqYRk="}},"trkkuItGd+QFBQJxYJHZlPAGVRYZ03lk66kYkjjlJzc=":{"valueMac":{"type":"Buffer","data":"qmnb1Bhoe9OjFIlpjgmtn1xu7ie4MAgcUnaszeaSFSs="}},"uHLuW8W0MqIxmLos4FFOF7UV0aNRK4HohlXa9zZVHGc=":{"valueMac":{"type":"Buffer","data":"satWT+QKTcvpe1mnF3Vu4+0xUptj+l4ctJIo/ERD2SI="}},"vbhvGXc7RCccC72/nNhgDPvhv6HrmPgcggFyQ09pwGM=":{"valueMac":{"type":"Buffer","data":"Uv4uMUg9iWMleaT2POBGk6d0ULdavXY4cvCkqj4zlB0="}},"voNW++EHc6u2SNJtyHVtELPcti8+4ZI5A0Ype2ev7PE=":{"valueMac":{"type":"Buffer","data":"uo7RL1n/kv3H+rB8TKuVc8u4ruK8tDqHTTyJTxXiz08="}},"v9mBeF5wHmJ68W0kqc3hXakjq7etGNE8fnSa4/HdHus=":{"valueMac":{"type":"Buffer","data":"C2cOBJC4WNj2m9lvrRlHCV8VPWGHXyd8WRQsFpsbLMQ="}},"v+agqG2dVEQ0CDEwW5Cb+ENGIlloeft18+CVXDwWlvY=":{"valueMac":{"type":"Buffer","data":"Muy0RAwEAPDtIj/RbHLbv5RbtoOiNZ17EF6aHUln0ls="}},"w2GAe41Dd8DDw4lsjq9mlAYR6E+amL2GFGDZpMRocww=":{"valueMac":{"type":"Buffer","data":"AtMvJiHLVpnAjONSQGWC3m6QJYw8iHsKGXIDUH3hLQs="}},"xjOr2uFH3tCta7Tt8nmPzme26sruItqKieIE3F1vVmA=":{"valueMac":{"type":"Buffer","data":"JHGOH4TWA2dU2JhcqTnY9VuGYfnarMn5F/9VyWxz9/c="}},"yKuIEuw7yyU4xyqTMjr9h1faKL93DDhyt2eh3G7cO6k=":{"valueMac":{"type":"Buffer","data":"bDLjVXvjWG38e35ESJAY0fhj+e23iTadEcCJ+NizH7o="}},"yh+3cNcB3QTlxKiC8ltdB9PLRgYQdvp/C/uN6/5/CUw=":{"valueMac":{"type":"Buffer","data":"GGdGv4Kp8NcdGuo3i3HRtioN3FIuyFwL4uWojyqStes="}},"zMt+XZKtehtcseUdkK9OrSAvYKEqSJVv8/0KAB8sel4=":{"valueMac":{"type":"Buffer","data":"/NwU2CFcugnJek+XoYZsne95PIRvp99z3pu+loShBzA="}},"zvZczF3gkXUuz/w3wVC/00tz/Pk8GShRE1VBp+xbvZM=":{"valueMac":{"type":"Buffer","data":"uX8R9nvtYpxEJgzLus4jRkfLcOEleG0qLxSHCTPBZy8="}},"z2V0X/sl4BuphIoPcIsGuH0a7TEKuCLuwrX6gSaNfjE=":{"valueMac":{"type":"Buffer","data":"7dknclBRy8nFdn4UCKEJGTnz+Av6KHzpZGuoHjEj/uM="}},"0Ja/3NPp1QnixIwmHJw6MGhpBZAL/oxNqZVzFc3kssQ=":{"valueMac":{"type":"Buffer","data":"pZXz2ui4VYSmzlrciRi9qjlBAWmrWgb68LW/DPB4XkE="}},"1Dby3+TlQ3HyHaA5yZmW/s4h5C+fFXRy3ai64wgFQOQ=":{"valueMac":{"type":"Buffer","data":"8FMtHr7wrMBtT5o58IalTZhqEvZ8jjwPGD4hXI0h7Hw="}},"1fwluZJqLfeBpwBS1+WcgcMYYQRwL2HRSxq+cZwlZfk=":{"valueMac":{"type":"Buffer","data":"8m4hecmWw9LBRMg0HINqdSA4GFTz0TVVWmpLf2aopqk="}},"32tqkXCgr0GYvQ5yRX2GMKN59CFCydW8DmPeVIQM4Oc=":{"valueMac":{"type":"Buffer","data":"8HobtBH/MuIh8c+6Ko246PhjF72XtNVzNbP0sZ5Z950="}},"5VMrVx+uqrYj46F5QVr77Fi/QRwU3EOwgiPn9wg+Ri0=":{"valueMac":{"type":"Buffer","data":"iC1vUggeyO0mw7dOlIDwZRMlPQ9znGYfJ9JaWk/yt3Y="}},"9dasp4QXOgVHB9RyULVx3RInQvWSEbzEWBKt9huUEtY=":{"valueMac":{"type":"Buffer","data":"+57IV4oTl4yPHXmLUaoFDHK7dDPf9AhR05lDFc7aQCo="}},"/sqdLzW2gSESEaJVHEzOcbWAOE+LNpl70/VcvnQxhKE=":{"valueMac":{"type":"Buffer","data":"GHIGDkrHLqVeWMrBVfwBmbc6T0Mn6EYguxUTdbHW3co="}},"A7/QmY/zqOSWXJxM99e6lxIpyodKwdEe9c7sMupNJjU=":{"valueMac":{"type":"Buffer","data":"Wbkk4NNE4UO+MykimCuUpfhySSVKYvh0D1qm2RGtA5s="}},"+VBi42uI44uSYkONwZFJbngNpE/TanSvxX+ph+iv9zw=":{"valueMac":{"type":"Buffer","data":"N0cLNpzO6YOcIIJia1MV/ZRt0EPNAvpsFFFTc2k9If8="}},"7X9wwJDUbRp1wJm2Ex4mPgAqQ3zy/RB92YFsLce/2FQ=":{"valueMac":{"type":"Buffer","data":"GukVSfEPrzug/7w0q3c6TE8bRKT4qbMaCxYs56r2HUg="}},"saQZxqHMujWjEUd6+ahD06jQho0yJqDO3tbiU2SaCco=":{"valueMac":{"type":"Buffer","data":"0uxipTqtv4BxRSH2J3H5vX0dSd0db42xYfEx6u1IC2Q="}},"QBTdjlOrHagCorp4AycN84vKCtrm7hxV2n9Yw4rNIQ8=":{"valueMac":{"type":"Buffer","data":"ns9YNtgffc8EGJOrvVkMfdnoXZfkPnoJfZuCRaAsNOI="}},"ToBuZs9SricwLWI7CHFuyLs5ofb+oBamJMCsFUP1IR4=":{"valueMac":{"type":"Buffer","data":"fTxt8jGEX4PC6WomYiWDZ7ioX0gmrLtWGvMg4GxNtQ4="}},"H5ydnSXkPaCnoir8fFDDDmfKDcVPDS+RV4fA1rcTYHc=":{"valueMac":{"type":"Buffer","data":"5tTUotB/FFGWmULjiHJJZoLGkIawzylapcMDk9PvcPQ="}},"8GBui8x9mbrvyJH0A5k3Fw6c3bIClfGByPmpVPagDoY=":{"valueMac":{"type":"Buffer","data":"NLTUYB2+9+5zqsSvZVrZGGw/oJ0P+ZishOffxWEzu5M="}},"6G8l25WWCf9zUTOzfeEhTVO5eYGT9FDc3qoC+6ovPzw=":{"valueMac":{"type":"Buffer","data":"S4J9raazx/JgsdD15oxqZmriofZ5oKGh0MwGQAXIDOI="}},"l9YDHiAb5ASRLW/p6q/gZRpJoO7CcmNdLdwerpsXzXY=":{"valueMac":{"type":"Buffer","data":"d5Sk8iOMnT1s6YRDfumB/Hq/vw273lmj0tON0OTAl84="}},"4HT9vu8bl4DhGoH/Vv4xIijjzNkWxSlXGSIYVljQp1I=":{"valueMac":{"type":"Buffer","data":"Lw0Fu8CGLsDuEn4hFG0NzCt/mbkEWRLO3o/AahNBCwI="}},"qCSZQqRSKroIH3HbeAWY67s0mkEzoq7BAGby8Mp/HX4=":{"valueMac":{"type":"Buffer","data":"OSruPrGyKuQYH1gs7S69V1mHb0AKb4d3gAP0RLD0QoI="}},"6o+yW5fL3wm60QF9lDboioSFncr+2bxoXjM8Z6fHYYw=":{"valueMac":{"type":"Buffer","data":"sGYMwUXsOwHedUpDaS7raUscv9uB8u9xu0WQF9OdjAk="}},"X4yUOsbs44pYSDXmE7cNDcQQHWgvdErrIhRIvrXudgA=":{"valueMac":{"type":"Buffer","data":"1WrJ8jzchVvoleFbJJUqQFJOzAJf+bnAvgd47omlStI="}},"smhHoDMLnFdElyF78kbKXWwXmiMapNaTBe5hWvAfRyc=":{"valueMac":{"type":"Buffer","data":"p53PxnBjwaerUCy31upC/PJTHHLsr5xLNVFAJJj8du0="}}}}