{"noiseKey":{"private":{"type":"Buffer","data":"sLR5VZnBkO4DHLYPE/BUpRKhZjObok1MkHcF2fnYuHA="},"public":{"type":"Buffer","data":"2p3AsNKcupLpZaDPkgth2nq3yTFqELcBOjFvYgnZNkQ="}},"pairingEphemeralKeyPair":{"private":{"type":"Buffer","data":"wETlNtuUTOphvLajt/CCPhcjkdNpipgN70MPuY23B3s="},"public":{"type":"Buffer","data":"WM55J9oG+/tRLt4ivi64X8MaRUjBNRwZJfcTg9lgPkM="}},"signedIdentityKey":{"private":{"type":"Buffer","data":"gFtqyi1a9RDlalwA5SEjExRBs/Gja4s29HDBMs8eO1o="},"public":{"type":"Buffer","data":"9b46xPr2djs1onkugR3IuMz8Q+P62s2jCrpw2pgJmGs="}},"signedPreKey":{"keyPair":{"private":{"type":"Buffer","data":"yKv6mPv5cQRsJr927FbbKH6C7KgDYpj0pRU5YnIQi1I="},"public":{"type":"Buffer","data":"SdoQ7ruhaaLqjPeuXJCsGFCbOoqxGpygq3kMNPGnWhA="}},"signature":{"type":"Buffer","data":"4xUp77gIm6TUASZ0bz9ryXF1wIMn9Utn9/HqJCtyEbyOYuV6MJNtOZonB0YjMrmRVOf4+bmWQINdLgjlhP9HAw=="},"keyId":1},"registrationId":22,"advSecretKey":"NwVWK9akYoieA88t/EY12pAkqn5eo6Q/6iJao/QWsng=","processedHistoryMessages":[],"nextPreKeyId":97,"firstUnuploadedPreKeyId":97,"accountSyncCounter":0,"accountSettings":{"unarchiveChats":false},"registered":true,"pairingCode":"AJBB5EZM","me":{"id":"917747920884:44@s.whatsapp.net","name":"free book","lid":"1138719985668:44@lid"},"account":{"details":"CIqVwNUGEO7RgMkGGAYgACgA","accountSignatureKey":"dNOcVC0p5234wQY3nHBum6dNrpGriKpR3r+vuQEKtR8=","accountSignature":"rHFfM9OimqYULxaWRqk8B9pDic1m294Kg/o7R59t7mtF2USJQtBAN/DpqvWGU3yIvpuo7ShmXZOQit8a60zhDA==","deviceSignature":"LvX8ntQbg4LUGONIw60MnizfiLT/Mz9LBJY+Xdpkd/u7EE1lzvtMhMjoWTNFk37Z4XpZHaqlLw+hqWJwUHfICg=="},"signalIdentities":[{"identifier":{"name":"917747920884:44@s.whatsapp.net","deviceId":0},"identifierKey":{"type":"Buffer","data":"BXTTnFQtKedt+MEGN5xwbpunTa6Rq4iqUd6/r7kBCrUf"}}],"platform":"smba","routingInfo":{"type":"Buffer","data":"CAUIDQgI"},"lastAccountSyncTimestamp":1763716066,"lastPropHash":"2MFKPQ","myAppStateKeyId":"AAAAADF7"}