{"_sessions":{"BTIsHvKxj1kkiUQ3FTEXPA0Bwfisnabs6nHQ0rOPLKh3":{"registrationId":1913285830,"currentRatchet":{"ephemeralKeyPair":{"pubKey":"BdQMvWXNfcqXjO4U6subuVa217L0GwmFAdsuep+XNLIG","privKey":"0ERhdO7J0gymKXHKtuK/CwUTP1kRb6JyuGBJO+Qmwng="},"lastRemoteEphemeralKey":"BaPxNwGuZ4N94JiAaI/dOcnMunX67PNI7JOrg7P6wosN","previousCounter":0,"rootKey":"T9S4J6B4ijBFmMjFlXjX6GJ/pEX3UKfw/UXgOqV3MKw="},"indexInfo":{"baseKey":"BTIsHvKxj1kkiUQ3FTEXPA0Bwfisnabs6nHQ0rOPLKh3","baseKeyType":1,"closed":1763718482074,"used":1763718481234,"created":1763718481234,"remoteIdentityKey":"BSYYIuDvLdLH5ZHq9RtKT/CZaw/cgALogS9640iiaJkX"},"_chains":{"BdQMvWXNfcqXjO4U6subuVa217L0GwmFAdsuep+XNLIG":{"chainKey":{"counter":-1,"key":"AaFWOSk8ReRoJtYBZ/dZaXBCuIRfqnpmOssS2oMPJl0="},"chainType":1,"messageKeys":{}}},"pendingPreKey":{"signedKeyId":3,"baseKey":"BTIsHvKxj1kkiUQ3FTEXPA0Bwfisnabs6nHQ0rOPLKh3","preKeyId":14207619}},"BQIXBnxYW85bjpst52Ibofr8NMIWOHHwIBLuotJKELlj":{"registrationId":1913285830,"currentRatchet":{"ephemeralKeyPair":{"pubKey":"Be9xmzri0suj+n6Ts9ygZHUoZtr1xI+1jB/oqCA8mEN/","privKey":"IHnmPw139l9N6iznXg3zjUxKGW1g6BPAhaQCEVSFn0M="},"lastRemoteEphemeralKey":"BaPxNwGuZ4N94JiAaI/dOcnMunX67PNI7JOrg7P6wosN","previousCounter":0,"rootKey":"KnLRUL3+WdfbYr4xoK308Axpq5Xtuu8K47Y5S5DNncc="},"indexInfo":{"baseKey":"BQIXBnxYW85bjpst52Ibofr8NMIWOHHwIBLuotJKELlj","baseKeyType":1,"closed":-1,"used":1763718482072,"created":1763718482072,"remoteIdentityKey":"BSYYIuDvLdLH5ZHq9RtKT/CZaw/cgALogS9640iiaJkX"},"_chains":{"Be9xmzri0suj+n6Ts9ygZHUoZtr1xI+1jB/oqCA8mEN/":{"chainKey":{"counter":145,"key":"kUb35+q3DSSZphp6R/yK0a3q8+RsjyjFkPUOp739c5M="},"chainType":1,"messageKeys":{}}},"pendingPreKey":{"signedKeyId":3,"baseKey":"BQIXBnxYW85bjpst52Ibofr8NMIWOHHwIBLuotJKELlj","preKeyId":14207544}}},"version":"v1"}