{"_sessions":{"BW0L9VTVegt+dbYfFTcyGV7lPs/WT1iIh+/m2k0b44Rj":{"registrationId":1408636683,"currentRatchet":{"ephemeralKeyPair":{"pubKey":"BUI9PzqTyfPAvP/pp3Khm/eZcgJ4MzXLMhdLWVoWAc5T","privKey":"iNTnUm3bv5Zu18pChTl0PWUSNvlKv2Q1JydPKrr6iVs="},"lastRemoteEphemeralKey":"BTtiVJlkz2StnFZB2KAzYpLkgeFk64eCy9EfXaIcR2d0","previousCounter":0,"rootKey":"FFZqmiXyyW3wfXHVdFWm31xe96M9n0Et/+rkiZaccBc="},"indexInfo":{"baseKey":"BW0L9VTVegt+dbYfFTcyGV7lPs/WT1iIh+/m2k0b44Rj","baseKeyType":1,"closed":1763718478010,"used":1763718477240,"created":1763718477240,"remoteIdentityKey":"BQhlAi5gbISdWZSYWeWS9/UR7SkhFyS7/soiHBlR1gJF"},"_chains":{"BUI9PzqTyfPAvP/pp3Khm/eZcgJ4MzXLMhdLWVoWAc5T":{"chainKey":{"counter":-1,"key":"RsuHZ+cghFpwoaWSjVxA9wEI3tRMyn+f0+iKP3AXkwE="},"chainType":1,"messageKeys":{}}},"pendingPreKey":{"signedKeyId":5,"baseKey":"BW0L9VTVegt+dbYfFTcyGV7lPs/WT1iIh+/m2k0b44Rj","preKeyId":9784517}},"BbjdALC1Avl0Lk8DZab8hfAA1lLKRO0bXuMeF7QeaQ8p":{"registrationId":1408636683,"currentRatchet":{"ephemeralKeyPair":{"pubKey":"BXrJ07hRSBCwlHqCLfktmRkNLtOoQXDSbk7r1qVJ1mAY","privKey":"cB87ZKvsIXv3Bk6o++n0tpDN+5uvWksgaDCRAwlbUGs="},"lastRemoteEphemeralKey":"BTtiVJlkz2StnFZB2KAzYpLkgeFk64eCy9EfXaIcR2d0","previousCounter":0,"rootKey":"Cscwe2Ncl1/Xb9GqOd8fEUuaavDu46QSNw4kQeXKMRo="},"indexInfo":{"baseKey":"BbjdALC1Avl0Lk8DZab8hfAA1lLKRO0bXuMeF7QeaQ8p","baseKeyType":1,"closed":-1,"used":1763718478007,"created":1763718478007,"remoteIdentityKey":"BQhlAi5gbISdWZSYWeWS9/UR7SkhFyS7/soiHBlR1gJF"},"_chains":{"BXrJ07hRSBCwlHqCLfktmRkNLtOoQXDSbk7r1qVJ1mAY":{"chainKey":{"counter":145,"key":"Syp52NQZsDgmZpiODsCx2wz9CWKTD/TueDNSGSZ9bQ8="},"chainType":1,"messageKeys":{}}},"pendingPreKey":{"signedKeyId":5,"baseKey":"BbjdALC1Avl0Lk8DZab8hfAA1lLKRO0bXuMeF7QeaQ8p","preKeyId":9783926}}},"version":"v1"}