{"_sessions":{"BQTxmzdGjpanlVgge6E9WGe9khiFmdcmeNkVJOnm8y0D":{"registrationId":191169817,"currentRatchet":{"ephemeralKeyPair":{"pubKey":"BTBjbLsjKZHU+MFBEHZTorujff3pNvZqMeLlfYqId+gO","privKey":"YPv6bQYKGqRMZ69KQ32va+l3uKU53+Hz8hWyfQzhy3U="},"lastRemoteEphemeralKey":"BSmSbAiYBkig7cpWpr7pvQdQAbABpx39PihvBec6iJ5p","previousCounter":0,"rootKey":"uoFk/y09VEbTuRZnfQMkdedxsfQVt17iyqtMbGM1Y3M="},"indexInfo":{"baseKey":"BQTxmzdGjpanlVgge6E9WGe9khiFmdcmeNkVJOnm8y0D","baseKeyType":1,"closed":1763718472890,"used":1763718471934,"created":1763718471934,"remoteIdentityKey":"Bc4QCLSyq8IRAQlXZdEcRqnQa3UR7rzvA/0u9qnjiDl5"},"_chains":{"BTBjbLsjKZHU+MFBEHZTorujff3pNvZqMeLlfYqId+gO":{"chainKey":{"counter":-1,"key":"gAVJnW+SEaymKVRI6e4yvPmWRpj5aJuhcpn/5W0xJQU="},"chainType":1,"messageKeys":{}}},"pendingPreKey":{"signedKeyId":2,"baseKey":"BQTxmzdGjpanlVgge6E9WGe9khiFmdcmeNkVJOnm8y0D","preKeyId":15333643}},"BVcfKdRIehYhq84gQ5y6pmphssYfdDyh3pR6m4+N3FBA":{"registrationId":191169817,"currentRatchet":{"ephemeralKeyPair":{"pubKey":"BdDjfpF7LSDCds1lBWr7Cbp4BAf45Wif5XnfvP0qiUNr","privKey":"EMfUm2D48QHoaHH4uM8b85lppk9ffEFr4AM2qBBjMWk="},"lastRemoteEphemeralKey":"BSmSbAiYBkig7cpWpr7pvQdQAbABpx39PihvBec6iJ5p","previousCounter":0,"rootKey":"7BJhyNrxcupIccalMf1FjaReHy/izXwFT0zpLsyeMIU="},"indexInfo":{"baseKey":"BVcfKdRIehYhq84gQ5y6pmphssYfdDyh3pR6m4+N3FBA","baseKeyType":1,"closed":-1,"used":1763718472887,"created":1763718472887,"remoteIdentityKey":"Bc4QCLSyq8IRAQlXZdEcRqnQa3UR7rzvA/0u9qnjiDl5"},"_chains":{"BdDjfpF7LSDCds1lBWr7Cbp4BAf45Wif5XnfvP0qiUNr":{"chainKey":{"counter":145,"key":"5mAI1zFeTL1I80OwMBTlumeet3HRYesmk6p8NwwSgc4="},"chainType":1,"messageKeys":{}}},"pendingPreKey":{"signedKeyId":2,"baseKey":"BVcfKdRIehYhq84gQ5y6pmphssYfdDyh3pR6m4+N3FBA","preKeyId":15334285}}},"version":"v1"}