{"_sessions":{"Ba5tA8MHXQuCdl5jSMva4MgbT9zgQzm+nmCPpj4DYQMh":{"registrationId":474264392,"currentRatchet":{"ephemeralKeyPair":{"pubKey":"BXrFT5dXFcFSTRmCGnsU/3vC/TOoPkh2KvpjtmYjz5dz","privKey":"GIxQx2swqg+tBd6iclaFtphbVqpsszVB+DO57taBI3A="},"lastRemoteEphemeralKey":"BdHBWUCHrrYEhtwVWsYEcJxx2d3SHSJmiu8NtEne+xVh","previousCounter":0,"rootKey":"S+ISw1wgD5Qu/8DxmSzPMUGDQfa1zeHvVHuzj53RNcA="},"indexInfo":{"baseKey":"Ba5tA8MHXQuCdl5jSMva4MgbT9zgQzm+nmCPpj4DYQMh","baseKeyType":1,"closed":1763718473263,"used":1763718472147,"created":1763718472147,"remoteIdentityKey":"BdmtZlfg/8KwwfWAIStsZ0wpjWWZwKT5PEnX8NcPRXMW"},"_chains":{"BXrFT5dXFcFSTRmCGnsU/3vC/TOoPkh2KvpjtmYjz5dz":{"chainKey":{"counter":-1,"key":"ziZhonqsp8hd+UnYWqeW/dTEMjFUCHZXoHxSjIEAXpo="},"chainType":1,"messageKeys":{}}},"pendingPreKey":{"signedKeyId":46,"baseKey":"Ba5tA8MHXQuCdl5jSMva4MgbT9zgQzm+nmCPpj4DYQMh","preKeyId":12291436}},"BbGHSvpT8r+2CQBsaxegNt2uHOrb38MFDFH7XGC0U5gW":{"registrationId":474264392,"currentRatchet":{"ephemeralKeyPair":{"pubKey":"BWuH/JcHM1ElNGEnsX82tlqtIpNTMpseQAzefEWOrLEa","privKey":"KE2/In4aA8OAPThx/iSvC9K9tGhsyTg+liOpTrLp9XM="},"lastRemoteEphemeralKey":"BdHBWUCHrrYEhtwVWsYEcJxx2d3SHSJmiu8NtEne+xVh","previousCounter":0,"rootKey":"mbwsKFMqvVj0r3WsNBJajMnZmhCicUw0Js6ivZZXq7Q="},"indexInfo":{"baseKey":"BbGHSvpT8r+2CQBsaxegNt2uHOrb38MFDFH7XGC0U5gW","baseKeyType":1,"closed":-1,"used":1763718473260,"created":1763718473260,"remoteIdentityKey":"BdmtZlfg/8KwwfWAIStsZ0wpjWWZwKT5PEnX8NcPRXMW"},"_chains":{"BWuH/JcHM1ElNGEnsX82tlqtIpNTMpseQAzefEWOrLEa":{"chainKey":{"counter":145,"key":"+3Vk3qnkHPr3pQ2oR7LPyoEsRUb0nRgvcQMkNc8us3M="},"chainType":1,"messageKeys":{}}},"pendingPreKey":{"signedKeyId":46,"baseKey":"BbGHSvpT8r+2CQBsaxegNt2uHOrb38MFDFH7XGC0U5gW","preKeyId":12291136}}},"version":"v1"}