{"_sessions":{"BS7vtvCPLQmrQGqEY9y0m0KlrmrZfQA44osk5iubYFht":{"registrationId":842353103,"currentRatchet":{"ephemeralKeyPair":{"pubKey":"BUtCSwHAbJE40wyECgnt7E8Qfmc5szMBktblDNPgFesF","privKey":"4P7Soaws6GlSWKNnPLB+M6tXt16w2Cs197A8eorewHE="},"lastRemoteEphemeralKey":"BYpa+QRKzzIX1EsMJbTdNDHwEKY6QY4DdcJDtzEHjLN0","previousCounter":0,"rootKey":"iGLznOCeKvAeSqPzV+QhbJvxgi/k7yHHrhK82OxkYJk="},"indexInfo":{"baseKey":"BS7vtvCPLQmrQGqEY9y0m0KlrmrZfQA44osk5iubYFht","baseKeyType":1,"closed":1763718471544,"used":1763718470278,"created":1763718470278,"remoteIdentityKey":"Ba+SAlve+o7qUI8aMrI++ruFbBPtqjwb6lvo8CGlwtdY"},"_chains":{"BUtCSwHAbJE40wyECgnt7E8Qfmc5szMBktblDNPgFesF":{"chainKey":{"counter":-1,"key":"Jq8DaaTK7a8f74oBaiNGM5qksQcDM5ZVHbW+NOKRKe8="},"chainType":1,"messageKeys":{}}},"pendingPreKey":{"signedKeyId":34,"baseKey":"BS7vtvCPLQmrQGqEY9y0m0KlrmrZfQA44osk5iubYFht","preKeyId":2197284}},"BaHg7no/w2clQ7hH88RHwrDGNouEfQ4zZiGTZcxap3pl":{"registrationId":842353103,"currentRatchet":{"ephemeralKeyPair":{"pubKey":"Bacbo6IHF2pDaYu6i9rMs6VH4lUGEM7y72+5alYXKSVg","privKey":"EEJ+Bxuyxic3fLQ1DKy0Gm8fUWxYsRQM2T+vOmguxk4="},"lastRemoteEphemeralKey":"BYpa+QRKzzIX1EsMJbTdNDHwEKY6QY4DdcJDtzEHjLN0","previousCounter":0,"rootKey":"N71ZSBHW43hfUsFdC9znPJ0uJtOGgWEROXwphaEx7Ls="},"indexInfo":{"baseKey":"BaHg7no/w2clQ7hH88RHwrDGNouEfQ4zZiGTZcxap3pl","baseKeyType":1,"closed":-1,"used":1763718471541,"created":1763718471541,"remoteIdentityKey":"Ba+SAlve+o7qUI8aMrI++ruFbBPtqjwb6lvo8CGlwtdY"},"_chains":{"Bacbo6IHF2pDaYu6i9rMs6VH4lUGEM7y72+5alYXKSVg":{"chainKey":{"counter":145,"key":"Xqa1LRoTX/P8gQk47mgB4lBCVsQOSHs1ZfdbfCuYaPE="},"chainType":1,"messageKeys":{}}},"pendingPreKey":{"signedKeyId":34,"baseKey":"BaHg7no/w2clQ7hH88RHwrDGNouEfQ4zZiGTZcxap3pl","preKeyId":2197040}}},"version":"v1"}