{"_sessions":{"BbrvQNWKQ1JYPyl1hwOx0+adbZTtsfr83abKBQbeU88W":{"registrationId":1902507261,"currentRatchet":{"ephemeralKeyPair":{"pubKey":"Bfq7NS8VwK1Hx7+a8gMhLqvTVm9V+MnSqLuCqi/vjWd0","privKey":"8FKXpYDJitKZOQu3Ee/LaKYFdzpvJM9w9d5+GSwPkVA="},"lastRemoteEphemeralKey":"BUT/I31jPlAC1+RtENl5sqnywdHCcpUMbk+Da75ts5Uh","previousCounter":0,"rootKey":"Vs7sCXLHo8368vbziaTEYUdSe3iX+Rlx9oUcR/R5mF0="},"indexInfo":{"baseKey":"BbrvQNWKQ1JYPyl1hwOx0+adbZTtsfr83abKBQbeU88W","baseKeyType":1,"closed":1763718479716,"used":1763718478966,"created":1763718478966,"remoteIdentityKey":"BaZGmiVbGyZqrkQrvh590crikblIJPLTVKwF3yGYqMEe"},"_chains":{"Bfq7NS8VwK1Hx7+a8gMhLqvTVm9V+MnSqLuCqi/vjWd0":{"chainKey":{"counter":-1,"key":"lZ7UIbGQYB1PnzANtoKg/HJPPuIPZKQOgu8DDk0GeY8="},"chainType":1,"messageKeys":{}}},"pendingPreKey":{"signedKeyId":11,"baseKey":"BbrvQNWKQ1JYPyl1hwOx0+adbZTtsfr83abKBQbeU88W","preKeyId":7365031}},"BdIS6p5iF1UycVTxTmM0HxZwA2jOgs1SdAPVtw+nNqhv":{"registrationId":1902507261,"currentRatchet":{"ephemeralKeyPair":{"pubKey":"BZ9GtKZvxq9ETf1RCqhYZEFEWph5t+uF25nJjhtgMElp","privKey":"uFakzdq1MI7Xv5yjdU/sZygm5gcYQCiZVTNad+a+vUk="},"lastRemoteEphemeralKey":"BUT/I31jPlAC1+RtENl5sqnywdHCcpUMbk+Da75ts5Uh","previousCounter":0,"rootKey":"ug9oL109sMkHch8tpaidbwy1b+lHhkkb69mFT3p2u74="},"indexInfo":{"baseKey":"BdIS6p5iF1UycVTxTmM0HxZwA2jOgs1SdAPVtw+nNqhv","baseKeyType":1,"closed":-1,"used":1763718479714,"created":1763718479714,"remoteIdentityKey":"BaZGmiVbGyZqrkQrvh590crikblIJPLTVKwF3yGYqMEe"},"_chains":{"BZ9GtKZvxq9ETf1RCqhYZEFEWph5t+uF25nJjhtgMElp":{"chainKey":{"counter":145,"key":"hft0MNqnZpsMHL8JYDJLdUjwVStwSlMiQu5ksbp+FRE="},"chainType":1,"messageKeys":{}}},"pendingPreKey":{"signedKeyId":11,"baseKey":"BdIS6p5iF1UycVTxTmM0HxZwA2jOgs1SdAPVtw+nNqhv","preKeyId":7365294}}},"version":"v1"}