{"_sessions":{"BWSwgp5IB2q0Nf9HAfxJKP2QlM1alJJDPN30ZPXfVupD":{"registrationId":1590645791,"currentRatchet":{"ephemeralKeyPair":{"pubKey":"BbhRLDd+25Qz1XTVnxXoeeIRg4y0JK1AHATvCp0EXqcM","privKey":"gJr5LXysKoJFQGq3fQ1zJWVxIPNzgQr7KFKaimd8wmA="},"lastRemoteEphemeralKey":"BSmqXsDuePHK2WCwRG9Eq2/kIWLaZpHXv2Ht08wmoY0u","previousCounter":0,"rootKey":"RUQjf1doXH2kSqjpYP1ftHMWfWwvxIpScaNHjVglIP4="},"indexInfo":{"baseKey":"BWSwgp5IB2q0Nf9HAfxJKP2QlM1alJJDPN30ZPXfVupD","baseKeyType":1,"closed":1763718473443,"used":1763718472236,"created":1763718472236,"remoteIdentityKey":"BXTRrMO4WUYkAR2SIM9/M3HsSqP5+6+TjM1G0bc6JP9A"},"_chains":{"BbhRLDd+25Qz1XTVnxXoeeIRg4y0JK1AHATvCp0EXqcM":{"chainKey":{"counter":-1,"key":"7lZ0fm0OHlS6wG6j8000zo3ZiKAZgVDkR6vPLeEOOLk="},"chainType":1,"messageKeys":{}}},"pendingPreKey":{"signedKeyId":2,"baseKey":"BWSwgp5IB2q0Nf9HAfxJKP2QlM1alJJDPN30ZPXfVupD","preKeyId":15710911}},"BV1UVuFe8MsNQH2+rx3AijjflGl0buKwyuYjXdtI9fA+":{"registrationId":1590645791,"currentRatchet":{"ephemeralKeyPair":{"pubKey":"BXJFFua/50dXW/IA+YMgU5MmFQXukQDrp9UIdbfBFKI1","privKey":"gGS1F+7ZKYQi69YavIToXvQhnnHNDoBNhKqkJZ84rEA="},"lastRemoteEphemeralKey":"BSmqXsDuePHK2WCwRG9Eq2/kIWLaZpHXv2Ht08wmoY0u","previousCounter":0,"rootKey":"Vd3hoEcFOV9yYmZjKhuXaBeI/rmnkvmzGxZMGxU4PIM="},"indexInfo":{"baseKey":"BV1UVuFe8MsNQH2+rx3AijjflGl0buKwyuYjXdtI9fA+","baseKeyType":1,"closed":-1,"used":1763718473440,"created":1763718473440,"remoteIdentityKey":"BXTRrMO4WUYkAR2SIM9/M3HsSqP5+6+TjM1G0bc6JP9A"},"_chains":{"BXJFFua/50dXW/IA+YMgU5MmFQXukQDrp9UIdbfBFKI1":{"chainKey":{"counter":145,"key":"yMintpi3C9HCQ6gbdwlfurFtshqoafpSbuhfKeirGYo="},"chainType":1,"messageKeys":{}}},"pendingPreKey":{"signedKeyId":2,"baseKey":"BV1UVuFe8MsNQH2+rx3AijjflGl0buKwyuYjXdtI9fA+","preKeyId":15710896}}},"version":"v1"}