{"_sessions":{"BcRajBGcI8+n83g2pYv2ciZeVxb42YWsem7yembUc1V1":{"registrationId":2052063574,"currentRatchet":{"ephemeralKeyPair":{"pubKey":"BbJUt6QwNSm2SA2CBKo1qlYiwQwTP938oCjglqre6jlY","privKey":"oJHA1sQmQduJZrUhQLZp004KGqPungRtOI3g6O0COW8="},"lastRemoteEphemeralKey":"BSu+67WPuO5QYZU95/zmwrdYhTR66jnxfgEMLDHPbDgo","previousCounter":0,"rootKey":"QK2WOeKrfyCkzEWE7F6sKas+Dyh6WKVien6PIl1A4A0="},"indexInfo":{"baseKey":"BcRajBGcI8+n83g2pYv2ciZeVxb42YWsem7yembUc1V1","baseKeyType":1,"closed":1763718478537,"used":1763718477555,"created":1763718477555,"remoteIdentityKey":"BZ+cQP39n/ko3V0TO+0ckn5yw4vOhT///2VHoFCvE+4z"},"_chains":{"BbJUt6QwNSm2SA2CBKo1qlYiwQwTP938oCjglqre6jlY":{"chainKey":{"counter":-1,"key":"2MqN0Hu04LVaOTOU1C/bN2d7HL0jxvFdxCKvO+qdBHc="},"chainType":1,"messageKeys":{}}},"pendingPreKey":{"signedKeyId":2,"baseKey":"BcRajBGcI8+n83g2pYv2ciZeVxb42YWsem7yembUc1V1"}},"BaKdfptbFCVtf9wGZqnRcxMFfNL5NSmWxmNHNTXRSJZN":{"registrationId":2052063574,"currentRatchet":{"ephemeralKeyPair":{"pubKey":"BXxcF0PpMYpYGGIU9Ej8fadh33RABmSpSEd6Ewg93MlF","privKey":"kL85ompgLc0CabPSV+zXsIjIsCjqovZAgDHYcE5odVk="},"lastRemoteEphemeralKey":"BSu+67WPuO5QYZU95/zmwrdYhTR66jnxfgEMLDHPbDgo","previousCounter":0,"rootKey":"rmjYWEOf/vUoAxIc8M6r3dhegDS5ANTrL/QjhjsgNjo="},"indexInfo":{"baseKey":"BaKdfptbFCVtf9wGZqnRcxMFfNL5NSmWxmNHNTXRSJZN","baseKeyType":1,"closed":-1,"used":1763718478533,"created":1763718478533,"remoteIdentityKey":"BZ+cQP39n/ko3V0TO+0ckn5yw4vOhT///2VHoFCvE+4z"},"_chains":{"BXxcF0PpMYpYGGIU9Ej8fadh33RABmSpSEd6Ewg93MlF":{"chainKey":{"counter":145,"key":"KvGWMR/JrV6ZZZJy9N/ZFmwdcx2Ad6U5f3r+4Z9qC9A="},"chainType":1,"messageKeys":{}}},"pendingPreKey":{"signedKeyId":2,"baseKey":"BaKdfptbFCVtf9wGZqnRcxMFfNL5NSmWxmNHNTXRSJZN"}}},"version":"v1"}