{"_sessions":{"Bbn5zorWoU8Uqf/tU0j1MfDxKojP1VnqDCm0upXpMVFT":{"registrationId":1396821799,"currentRatchet":{"ephemeralKeyPair":{"pubKey":"BVqV8kK51M+qODczzZAYg24pC+2JFh834cjSXe0QOy96","privKey":"6G6LMRHJ53zgwtzfsAmjBLiVDK9CujU4EKZ67ytc6k8="},"lastRemoteEphemeralKey":"BRZ9oUaACgy00RYUODAiFuZp+JEhXMdyyONzmSNrLBZd","previousCounter":0,"rootKey":"LuJUi9UorrUvKIzjIrqi2g+oVMuBCzzrhxqcbo2SWDY="},"indexInfo":{"baseKey":"Bbn5zorWoU8Uqf/tU0j1MfDxKojP1VnqDCm0upXpMVFT","baseKeyType":1,"closed":1763718470792,"used":1763718469832,"created":1763718469832,"remoteIdentityKey":"BbpIaroQieIRdtAhqmsrKmgQbCtJKzkk6XkLo8YSHG58"},"_chains":{"BVqV8kK51M+qODczzZAYg24pC+2JFh834cjSXe0QOy96":{"chainKey":{"counter":-1,"key":"SaFhKyPEuoN63Ot7I7VyROuJXLPgtfg5X1rYhnYbJSc="},"chainType":1,"messageKeys":{}}},"pendingPreKey":{"signedKeyId":1,"baseKey":"Bbn5zorWoU8Uqf/tU0j1MfDxKojP1VnqDCm0upXpMVFT","preKeyId":10212981}},"BcsFsXYxX3ZCehOt3ms7jQ2G1sRDxc+ldhijCgDgC1RO":{"registrationId":1396821799,"currentRatchet":{"ephemeralKeyPair":{"pubKey":"BSYIrjK2M8eb8T3fGVZJBzbkvRA4arkJNJ5bVNyD85ld","privKey":"4HWPku76NTt8y5gNkzLX4by5yplEN+mrM5Z9HWSgdng="},"lastRemoteEphemeralKey":"BRZ9oUaACgy00RYUODAiFuZp+JEhXMdyyONzmSNrLBZd","previousCounter":0,"rootKey":"3llJjK1T+/9qcRo12wTJkXTTiV/DLjxqVltQ5JalfbE="},"indexInfo":{"baseKey":"BcsFsXYxX3ZCehOt3ms7jQ2G1sRDxc+ldhijCgDgC1RO","baseKeyType":1,"closed":-1,"used":1763718470788,"created":1763718470788,"remoteIdentityKey":"BbpIaroQieIRdtAhqmsrKmgQbCtJKzkk6XkLo8YSHG58"},"_chains":{"BSYIrjK2M8eb8T3fGVZJBzbkvRA4arkJNJ5bVNyD85ld":{"chainKey":{"counter":145,"key":"TvuZ8LRVYZwkF6JVeUO0LoEdVInKK325AgLBlPp3JWw="},"chainType":1,"messageKeys":{}}},"pendingPreKey":{"signedKeyId":1,"baseKey":"BcsFsXYxX3ZCehOt3ms7jQ2G1sRDxc+ldhijCgDgC1RO","preKeyId":10212750}}},"version":"v1"}