{"_sessions":{"BV4hyBOOaoiiQlkSjMCf2o2rjTBjtCARjiYmA1+8pIwZ":{"registrationId":1009900107,"currentRatchet":{"ephemeralKeyPair":{"pubKey":"BSL6ObnbxqASO8ccjdAYcNNp21TJKb4VS+VtPAME/JET","privKey":"wHOz3xbVREhqUgjzu2QTFOwC/f5Mm44koRdMy/hTF0c="},"lastRemoteEphemeralKey":"BdvjTxGPGYoLQTWAjUJv98HA0tLrNnhvzXN/hdqJZXwk","previousCounter":0,"rootKey":"o2tMhDr94TfXq/YaRa4u9sGk+BPrMDzNCFTnX53OXYA="},"indexInfo":{"baseKey":"BV4hyBOOaoiiQlkSjMCf2o2rjTBjtCARjiYmA1+8pIwZ","baseKeyType":1,"closed":1763718472736,"used":1763718471837,"created":1763718471837,"remoteIdentityKey":"BWDHuJ6uzbet/57AVOnrYmoIEl9/sBt7eSz8mYrZYRgK"},"_chains":{"BSL6ObnbxqASO8ccjdAYcNNp21TJKb4VS+VtPAME/JET":{"chainKey":{"counter":-1,"key":"RP0k6QrmG7DAFuQC76kX2+PHJyIfOpGwmKAiTz4mdUA="},"chainType":1,"messageKeys":{}}},"pendingPreKey":{"signedKeyId":60,"baseKey":"BV4hyBOOaoiiQlkSjMCf2o2rjTBjtCARjiYmA1+8pIwZ","preKeyId":16278043}},"BdOxuY6QekgLWAtbLJdAw8uOFeCLsBR37+m5FtG/P8Vw":{"registrationId":1009900107,"currentRatchet":{"ephemeralKeyPair":{"pubKey":"BXI8twAhpMNNBLn4F+1F1JmXGm02Bt9uobUj02rJ23My","privKey":"EAvxfc85bjlI4+BiXzTvu17hLXVYfkPDE1RuZyicXX4="},"lastRemoteEphemeralKey":"BdvjTxGPGYoLQTWAjUJv98HA0tLrNnhvzXN/hdqJZXwk","previousCounter":0,"rootKey":"ePidw4+XlFr2Qtar1iqx5M2iHQhqY/X0cWWjxBc4GnQ="},"indexInfo":{"baseKey":"BdOxuY6QekgLWAtbLJdAw8uOFeCLsBR37+m5FtG/P8Vw","baseKeyType":1,"closed":-1,"used":1763718472734,"created":1763718472734,"remoteIdentityKey":"BWDHuJ6uzbet/57AVOnrYmoIEl9/sBt7eSz8mYrZYRgK"},"_chains":{"BXI8twAhpMNNBLn4F+1F1JmXGm02Bt9uobUj02rJ23My":{"chainKey":{"counter":145,"key":"Oy+Tq84y+DN4VTTLrj6EliT9EDQz4LQ13WEerbJiIZk="},"chainType":1,"messageKeys":{}}},"pendingPreKey":{"signedKeyId":60,"baseKey":"BdOxuY6QekgLWAtbLJdAw8uOFeCLsBR37+m5FtG/P8Vw","preKeyId":16277743}}},"version":"v1"}