{"_sessions":{"BYt+dmVSltyvP34PiVD9vbLLT3vJFZZLQ7VmifQJUAZZ":{"registrationId":1700819394,"currentRatchet":{"ephemeralKeyPair":{"pubKey":"BZG3PnjfjHK6eI+W8L2mI7+Pt8PvB+wNUqi1n4sDM6oY","privKey":"2CqLuuzAKMThOm1QHZ1txE+SX7wEV2UF+07GAFqddFY="},"lastRemoteEphemeralKey":"BWHAfqMB88ZXcjuGDUgCQS615Vh5Qa6gKG8l0JAxUEct","previousCounter":0,"rootKey":"PnS5OOztkmV4jN2815Plm72qmrP9lVeyZ6wqMa3ww7E="},"indexInfo":{"baseKey":"BYt+dmVSltyvP34PiVD9vbLLT3vJFZZLQ7VmifQJUAZZ","baseKeyType":1,"closed":1763718474796,"used":1763718473875,"created":1763718473875,"remoteIdentityKey":"BaWzQAVjhbMhvHu1iF64oS49v+JK0owjuwnKMbP0oXY1"},"_chains":{"BZG3PnjfjHK6eI+W8L2mI7+Pt8PvB+wNUqi1n4sDM6oY":{"chainKey":{"counter":-1,"key":"QCYKm+uCVp0DJSbIeb6+FP9h47tlczERYYXJ73kYOaQ="},"chainType":1,"messageKeys":{}}},"pendingPreKey":{"signedKeyId":48,"baseKey":"BYt+dmVSltyvP34PiVD9vbLLT3vJFZZLQ7VmifQJUAZZ","preKeyId":499993}},"BXNuCGkDyCBPNXx1NEl7sBfVj6ZN+uqBifXZe21vF1E6":{"registrationId":1700819394,"currentRatchet":{"ephemeralKeyPair":{"pubKey":"BdZIe2ZklTj+ukTZXp6xW1lSS6vNQBpWkZttvG0Wf3Zo","privKey":"OBgWy1TMEcoVbaFQd3RTwyf77cJ372CXTFjVAzRodU8="},"lastRemoteEphemeralKey":"BWHAfqMB88ZXcjuGDUgCQS615Vh5Qa6gKG8l0JAxUEct","previousCounter":0,"rootKey":"DFqR8St9qfQsjE6hPotYpUCuVGItJpFAPbsj6koHhmw="},"indexInfo":{"baseKey":"BXNuCGkDyCBPNXx1NEl7sBfVj6ZN+uqBifXZe21vF1E6","baseKeyType":1,"closed":-1,"used":1763718474793,"created":1763718474793,"remoteIdentityKey":"BaWzQAVjhbMhvHu1iF64oS49v+JK0owjuwnKMbP0oXY1"},"_chains":{"BdZIe2ZklTj+ukTZXp6xW1lSS6vNQBpWkZttvG0Wf3Zo":{"chainKey":{"counter":145,"key":"4yTdQjkjI0lHuT2ahJSC0jRjase0zlSaTOm/q1FZPjE="},"chainType":1,"messageKeys":{}}},"pendingPreKey":{"signedKeyId":48,"baseKey":"BXNuCGkDyCBPNXx1NEl7sBfVj6ZN+uqBifXZe21vF1E6","preKeyId":499508}}},"version":"v1"}