{"_sessions":{"BZzvW8ZU0t/TmKE2LDkEXkLIOzZD/B5uQl0HP6uTMttO":{"registrationId":1776148196,"currentRatchet":{"ephemeralKeyPair":{"pubKey":"BZgbIRDnrDH27Wr+exQPJXNhC3J+MQebMn1ZZLX8POBb","privKey":"6ADF9aVn3+KfErut9pl4phqcwK5zGSmvqz1qdFkM1Gs="},"lastRemoteEphemeralKey":"BbUBwJNwVMLpQUPB5t2v4jbOfuJ5gfvI6gHiSHVMpXtF","previousCounter":0,"rootKey":"qqc3ITJKXwgnj1+MwblxsbNVLAPF3HA2Vtc2Otfp/0w="},"indexInfo":{"baseKey":"BZzvW8ZU0t/TmKE2LDkEXkLIOzZD/B5uQl0HP6uTMttO","baseKeyType":1,"closed":1763718474425,"used":1763718473630,"created":1763718473630,"remoteIdentityKey":"BWwEdhVYHfYzsGHjiIz9TTTDEAJFkt0TwkrrIsMURsUS"},"_chains":{"BZgbIRDnrDH27Wr+exQPJXNhC3J+MQebMn1ZZLX8POBb":{"chainKey":{"counter":-1,"key":"jCQR2191mjJNFtiRirYALeKdCSStEwIAxovq3AXqZOk="},"chainType":1,"messageKeys":{}}},"pendingPreKey":{"signedKeyId":4,"baseKey":"BZzvW8ZU0t/TmKE2LDkEXkLIOzZD/B5uQl0HP6uTMttO"}},"BTjHr3qudZ2jOaQ9pxwqQgaq3446gN8ROYRetd4Jd0QH":{"registrationId":1776148196,"currentRatchet":{"ephemeralKeyPair":{"pubKey":"Bezq4mBE/+TT3jukP9jA/+o3amBcgampVqFYu/b3ZP8B","privKey":"cABwsLIw4Q1wFaGmYgMAX/uNkjStfwa/qhV5yQFSKW8="},"lastRemoteEphemeralKey":"BbUBwJNwVMLpQUPB5t2v4jbOfuJ5gfvI6gHiSHVMpXtF","previousCounter":0,"rootKey":"5p0qVRJO9Nn6vFvezWNxvHrOR6QnZvp1mASSm4xAlvw="},"indexInfo":{"baseKey":"BTjHr3qudZ2jOaQ9pxwqQgaq3446gN8ROYRetd4Jd0QH","baseKeyType":1,"closed":-1,"used":1763718474422,"created":1763718474422,"remoteIdentityKey":"BWwEdhVYHfYzsGHjiIz9TTTDEAJFkt0TwkrrIsMURsUS"},"_chains":{"Bezq4mBE/+TT3jukP9jA/+o3amBcgampVqFYu/b3ZP8B":{"chainKey":{"counter":145,"key":"kmvcOqv8qqVrZQJY22VZozwAqlSRvtMqKEsfmPxqUBU="},"chainType":1,"messageKeys":{}}},"pendingPreKey":{"signedKeyId":4,"baseKey":"BTjHr3qudZ2jOaQ9pxwqQgaq3446gN8ROYRetd4Jd0QH"}}},"version":"v1"}