{"_sessions":{"BbrjVMqi0I/WisJ8jckLiu0YN3UBr0y3y67KLsmdkJoW":{"registrationId":423348322,"currentRatchet":{"ephemeralKeyPair":{"pubKey":"Ba9KYMjQHk2Y+lZUQTJIMg0Z24gakF7YKJYHDdi2FNp7","privKey":"QGE2gWuNFFn9VwkqzcU1eT+eIArqMJkn2wfDjtjuFHM="},"lastRemoteEphemeralKey":"Bc7t7STrtd9SOiN7E6ZD+D5b4iK+3dyiraLGq+GdAGNZ","previousCounter":0,"rootKey":"fcHk4YklBphQ2IIKM7Ha4o4fXfg2Etxr7ktCkqDLE8w="},"indexInfo":{"baseKey":"BbrjVMqi0I/WisJ8jckLiu0YN3UBr0y3y67KLsmdkJoW","baseKeyType":1,"closed":1763718474467,"used":1763718473662,"created":1763718473662,"remoteIdentityKey":"BbRle9EzvfaumGKk1XTg3MR9A2fC/I50kCrjQ3LizFYF"},"_chains":{"Ba9KYMjQHk2Y+lZUQTJIMg0Z24gakF7YKJYHDdi2FNp7":{"chainKey":{"counter":-1,"key":"pB5JNwDIydiKNc8tq7Zs/uz5glpGTqGZuuq2jugkhpc="},"chainType":1,"messageKeys":{}}},"pendingPreKey":{"signedKeyId":7888653,"baseKey":"BbrjVMqi0I/WisJ8jckLiu0YN3UBr0y3y67KLsmdkJoW","preKeyId":8301036}},"BZDJUhFvXLoMQnpVoUolQBE4Xv1RMjVjuas+MSPxV6s/":{"registrationId":423348322,"currentRatchet":{"ephemeralKeyPair":{"pubKey":"BaWCoxiJTOXZoZGuHt8aBgGCGiltfZNg5z+V0m+84VkZ","privKey":"ULgtHIfCJSPIL+DaHBih9OldAJJV3vTTcI1wvhg9UWQ="},"lastRemoteEphemeralKey":"Bc7t7STrtd9SOiN7E6ZD+D5b4iK+3dyiraLGq+GdAGNZ","previousCounter":0,"rootKey":"Jvbl2Iyod59uTGf/fjX62fav0Oq/da7wxA/mGiC8aW4="},"indexInfo":{"baseKey":"BZDJUhFvXLoMQnpVoUolQBE4Xv1RMjVjuas+MSPxV6s/","baseKeyType":1,"closed":-1,"used":1763718474464,"created":1763718474464,"remoteIdentityKey":"BbRle9EzvfaumGKk1XTg3MR9A2fC/I50kCrjQ3LizFYF"},"_chains":{"BaWCoxiJTOXZoZGuHt8aBgGCGiltfZNg5z+V0m+84VkZ":{"chainKey":{"counter":145,"key":"t0UszxVVBROxAbJKkv5/wzvc6c8mkZJhZzb6BsoJlLA="},"chainType":1,"messageKeys":{}}},"pendingPreKey":{"signedKeyId":7888653,"baseKey":"BZDJUhFvXLoMQnpVoUolQBE4Xv1RMjVjuas+MSPxV6s/","preKeyId":8301785}}},"version":"v1"}