{"_sessions":{"BSZvGavqYfNx9+cy2qZgleqaE3220uLpyxPz1s6lEvxc":{"registrationId":172786176,"currentRatchet":{"ephemeralKeyPair":{"pubKey":"BRzt1uqR2rlQIdgI9gcN+Fa+UbdGpgGMDoTr51dEXRoL","privKey":"WMBmaLyBReXbAkuKt4v12B0X6LHNbkgc3rhNUGifyWE="},"lastRemoteEphemeralKey":"Bb+a4Cvgn1SUK9FVAsqBdMPZ/8JRvSzBGZUNT7zzQoJ+","previousCounter":0,"rootKey":"a16BdqCfGqWmjsMemA8+53HvaplcHiZTLZLoXV/cJUI="},"indexInfo":{"baseKey":"BSZvGavqYfNx9+cy2qZgleqaE3220uLpyxPz1s6lEvxc","baseKeyType":1,"closed":1763718473099,"used":1763718472053,"created":1763718472053,"remoteIdentityKey":"BfzvLZe1jD6GinbhB7VFOVujscfHCn+PfCXrc38EScM6"},"_chains":{"BRzt1uqR2rlQIdgI9gcN+Fa+UbdGpgGMDoTr51dEXRoL":{"chainKey":{"counter":-1,"key":"mPoyema82YwkrRm/2X42DsLNRKud4frwUqdpe/tNX3k="},"chainType":1,"messageKeys":{}}},"pendingPreKey":{"signedKeyId":3,"baseKey":"BSZvGavqYfNx9+cy2qZgleqaE3220uLpyxPz1s6lEvxc","preKeyId":14244397}},"Be94RNstqITYBPCOAJegzRqFiNdazYCX74Zg/8SstzQD":{"registrationId":172786176,"currentRatchet":{"ephemeralKeyPair":{"pubKey":"BUQDIS5RMtcovC7JBWwrk6teZ+kvmbj/QTrI/8OwFGxy","privKey":"YFzUlSoei1e9WwKP8QieuCukI4/rARXFezDDM1cW/n4="},"lastRemoteEphemeralKey":"Bb+a4Cvgn1SUK9FVAsqBdMPZ/8JRvSzBGZUNT7zzQoJ+","previousCounter":0,"rootKey":"sJjYJSMG8OZxQ8Dk6DSo+jrTUTnXr2Q86yi8ye78/KY="},"indexInfo":{"baseKey":"Be94RNstqITYBPCOAJegzRqFiNdazYCX74Zg/8SstzQD","baseKeyType":1,"closed":-1,"used":1763718473097,"created":1763718473097,"remoteIdentityKey":"BfzvLZe1jD6GinbhB7VFOVujscfHCn+PfCXrc38EScM6"},"_chains":{"BUQDIS5RMtcovC7JBWwrk6teZ+kvmbj/QTrI/8OwFGxy":{"chainKey":{"counter":145,"key":"8tITtU5kN6MNfStiqku5gU0DlKX7fS8AtjslsZgyyFU="},"chainType":1,"messageKeys":{}}},"pendingPreKey":{"signedKeyId":3,"baseKey":"Be94RNstqITYBPCOAJegzRqFiNdazYCX74Zg/8SstzQD","preKeyId":14244635}}},"version":"v1"}