{"_sessions":{"BdgAQZiNzDEVnmgk+tQWGzlqnMK+/BSGwhr4NlUjrKIt":{"registrationId":1062644447,"currentRatchet":{"ephemeralKeyPair":{"pubKey":"BRpnREDqyV9nnPmC1E5kbptWmoBefK7DXGrQl9RBufhe","privKey":"oLdaJusfvk48ht9bw+8hpx5/w+4h+zBQr50OzUDu8GY="},"lastRemoteEphemeralKey":"BVl0jZbithpHvh9wNrG42/g5o1t+EYDt2cvF55J+JS9r","previousCounter":0,"rootKey":"1yJes2UIgjj07hBF5koydSQR4EvBzocmXVtpuw58h1A="},"indexInfo":{"baseKey":"BdgAQZiNzDEVnmgk+tQWGzlqnMK+/BSGwhr4NlUjrKIt","baseKeyType":1,"closed":1763718470728,"used":1763718469796,"created":1763718469796,"remoteIdentityKey":"BfR93LZBAzWUJMmVoFUUKnsgm52UqAy+18r4nWsn8oV+"},"_chains":{"BRpnREDqyV9nnPmC1E5kbptWmoBefK7DXGrQl9RBufhe":{"chainKey":{"counter":-1,"key":"LoQs6Ut8jOo1qbZW3oIURgVzGRi8CG7AxFBGsc5aWyQ="},"chainType":1,"messageKeys":{}}},"pendingPreKey":{"signedKeyId":8143103,"baseKey":"BdgAQZiNzDEVnmgk+tQWGzlqnMK+/BSGwhr4NlUjrKIt","preKeyId":9996704}},"BUF3MZ+kuD90iFeD0Xl76NyVArrgqEw1Jvi9YxKL9+pd":{"registrationId":1062644447,"currentRatchet":{"ephemeralKeyPair":{"pubKey":"BVGMHKtbOkticb4L6ylVafvE/OKZygaBAWDq/W5EjYI+","privKey":"kEKPX/M4B3QZL8+JLnzhpRmVwIN2eAlP+HtAdjPZS3w="},"lastRemoteEphemeralKey":"BVl0jZbithpHvh9wNrG42/g5o1t+EYDt2cvF55J+JS9r","previousCounter":0,"rootKey":"BPlqX5culJh5tD+65Vi6oyKNjF7cPz3+Qy4gcDPCMHo="},"indexInfo":{"baseKey":"BUF3MZ+kuD90iFeD0Xl76NyVArrgqEw1Jvi9YxKL9+pd","baseKeyType":1,"closed":-1,"used":1763718470725,"created":1763718470725,"remoteIdentityKey":"BfR93LZBAzWUJMmVoFUUKnsgm52UqAy+18r4nWsn8oV+"},"_chains":{"BVGMHKtbOkticb4L6ylVafvE/OKZygaBAWDq/W5EjYI+":{"chainKey":{"counter":145,"key":"4K5bzORJ63rbHwhVqADUZyPcGYbbTTFtSddFkIW41Bs="},"chainType":1,"messageKeys":{}}},"pendingPreKey":{"signedKeyId":8143103,"baseKey":"BUF3MZ+kuD90iFeD0Xl76NyVArrgqEw1Jvi9YxKL9+pd","preKeyId":9997058}}},"version":"v1"}