{"_sessions":{"BW9gp5PNYbh99tQ22+hX0oJsArtKOK735b/3jmkYb+YD":{"registrationId":2067436413,"currentRatchet":{"ephemeralKeyPair":{"pubKey":"BXdDbKURzst1CfLMgptYesN7kyt9i3YXksMG7UMqwuFI","privKey":"AMFHwhWag0kEmZXdLmv1BHVorEUfoMVoU1LNDT50aUE="},"lastRemoteEphemeralKey":"BewKTdgziI3braBjmD8JXpLXK8BksksB7Gkxj6WWBgIL","previousCounter":0,"rootKey":"d520YKbLRNY9nOGUiQT1dK9j9ZTfI1Xrt0zGJ3Ov9vs="},"indexInfo":{"baseKey":"BW9gp5PNYbh99tQ22+hX0oJsArtKOK735b/3jmkYb+YD","baseKeyType":1,"closed":1763718474406,"used":1763718473615,"created":1763718473615,"remoteIdentityKey":"BRnHBlvGAM7K/OknN+BjNVe5JSLbO3vGCDp29DIEVyB/"},"_chains":{"BXdDbKURzst1CfLMgptYesN7kyt9i3YXksMG7UMqwuFI":{"chainKey":{"counter":-1,"key":"CmsVmhJAzc/XX7+kqX5reYLi2z7I82rzkk9nqfFF7oA="},"chainType":1,"messageKeys":{}}},"pendingPreKey":{"signedKeyId":50,"baseKey":"BW9gp5PNYbh99tQ22+hX0oJsArtKOK735b/3jmkYb+YD","preKeyId":10341979}},"BUWXUq6+WISUZI4GezvyQvpk8OmctgpmKAE0i9//S5AX":{"registrationId":2067436413,"currentRatchet":{"ephemeralKeyPair":{"pubKey":"BVjewmc4q6z3R/LZhux6cEUxHX8GO2NXJhPLy5v93FI5","privKey":"wLFbDGvlhHWJ7PttorDE4DIc9Tvc5W8ZmosnCaSsAU0="},"lastRemoteEphemeralKey":"BewKTdgziI3braBjmD8JXpLXK8BksksB7Gkxj6WWBgIL","previousCounter":0,"rootKey":"7DTlb1BTNXPdH/5YZE9fMVILfPCAOiTnH08IeL141Ew="},"indexInfo":{"baseKey":"BUWXUq6+WISUZI4GezvyQvpk8OmctgpmKAE0i9//S5AX","baseKeyType":1,"closed":-1,"used":1763718474403,"created":1763718474403,"remoteIdentityKey":"BRnHBlvGAM7K/OknN+BjNVe5JSLbO3vGCDp29DIEVyB/"},"_chains":{"BVjewmc4q6z3R/LZhux6cEUxHX8GO2NXJhPLy5v93FI5":{"chainKey":{"counter":145,"key":"mxdfEfll+/MFEOYVZWWVot5xkRSQ8sd726sf2wl1kHU="},"chainType":1,"messageKeys":{}}},"pendingPreKey":{"signedKeyId":50,"baseKey":"BUWXUq6+WISUZI4GezvyQvpk8OmctgpmKAE0i9//S5AX","preKeyId":10342234}}},"version":"v1"}