{"_sessions":{"BUqgZOZsfo3mm3Y2nSQMj/X3nYwEyi3r+3iWt8s9jsg8":{"registrationId":1150146264,"currentRatchet":{"ephemeralKeyPair":{"pubKey":"BbBf69k//SpLV0b1SVb+yqdKcLhNFcnChNp5g6bQw+U1","privKey":"2PGvLYUxUlaOrZCX48dj1xq8mTuGNg1gIOY9S6QRPV8="},"lastRemoteEphemeralKey":"BRiIxDENGtbPdST+4pVTLo1N1b+Bbgf7TDN8gziw6i9F","previousCounter":0,"rootKey":"u9BHUI1+BJX4EHZ29h7me2YYmFmcm71rTzZ6iN6mY0Q="},"indexInfo":{"baseKey":"BUqgZOZsfo3mm3Y2nSQMj/X3nYwEyi3r+3iWt8s9jsg8","baseKeyType":1,"closed":1763718474743,"used":1763718473841,"created":1763718473841,"remoteIdentityKey":"BRhc3Rcc5BHzw3L1QroekiLo0B44n74xAZtAwvImaflh"},"_chains":{"BbBf69k//SpLV0b1SVb+yqdKcLhNFcnChNp5g6bQw+U1":{"chainKey":{"counter":-1,"key":"oHpViEV1Vgak1SP59CR5SnwZzvCZBypjVSsabLKiyv4="},"chainType":1,"messageKeys":{}}},"pendingPreKey":{"signedKeyId":8038053,"baseKey":"BUqgZOZsfo3mm3Y2nSQMj/X3nYwEyi3r+3iWt8s9jsg8","preKeyId":12769163}},"BYo0O9mSBk1rapgmU4D8mHYP9QNiUzDnWWt0n0/JLtQg":{"registrationId":1150146264,"currentRatchet":{"ephemeralKeyPair":{"pubKey":"BUOA3lnG4nAEMrNjq0GHbO5xgI1jSmc91lPRDAwLfe8Y","privKey":"II+79Xb9o6WpD4FnfbBBns5dcLXVgFhWhX7b4dV2KVk="},"lastRemoteEphemeralKey":"BRiIxDENGtbPdST+4pVTLo1N1b+Bbgf7TDN8gziw6i9F","previousCounter":0,"rootKey":"mYG6NVZxSKzElffVdwTXBVxAC5AczWKWHdaJZ9BjTX4="},"indexInfo":{"baseKey":"BYo0O9mSBk1rapgmU4D8mHYP9QNiUzDnWWt0n0/JLtQg","baseKeyType":1,"closed":-1,"used":1763718474739,"created":1763718474739,"remoteIdentityKey":"BRhc3Rcc5BHzw3L1QroekiLo0B44n74xAZtAwvImaflh"},"_chains":{"BUOA3lnG4nAEMrNjq0GHbO5xgI1jSmc91lPRDAwLfe8Y":{"chainKey":{"counter":145,"key":"8v7C9wf9Uvfw6KHVUWN/SlWtN4NEX/Y6Wcnv3aAJHfA="},"chainType":1,"messageKeys":{}}},"pendingPreKey":{"signedKeyId":8038053,"baseKey":"BYo0O9mSBk1rapgmU4D8mHYP9QNiUzDnWWt0n0/JLtQg","preKeyId":12769685}}},"version":"v1"}