{"_sessions":{"BYisnEWU+zj3wulYv0l6gt662fLKG4wU8bWfTjPfiZRq":{"registrationId":1290357739,"currentRatchet":{"ephemeralKeyPair":{"pubKey":"BSICkjTzXMIdCO7L9/FQ4sbUyfd0DQVObjW550Hw240F","privKey":"QF5dofIZyEDds3PH42l/cIyXQUU9jfC/gVlRsxQQ8no="},"lastRemoteEphemeralKey":"Be3N4PqLu6Qh4TCOCd19tXMi9ybfbaJ4mFFqWSTggIxA","previousCounter":0,"rootKey":"XbPN5c9sVTTbsX43mliWdvy5Ov15X8hOfDc8euiRHME="},"indexInfo":{"baseKey":"BYisnEWU+zj3wulYv0l6gt662fLKG4wU8bWfTjPfiZRq","baseKeyType":1,"closed":1763718482131,"used":1763718481271,"created":1763718481271,"remoteIdentityKey":"BeDyvhgO/hxGfJNu6NP3BNLnnOvjGi8JU++wzZyHW2Je"},"_chains":{"BSICkjTzXMIdCO7L9/FQ4sbUyfd0DQVObjW550Hw240F":{"chainKey":{"counter":-1,"key":"jbT0b5oiI9O6mqlW4EIozJkOaL+1XZiFqj5xG2d3hLA="},"chainType":1,"messageKeys":{}}},"pendingPreKey":{"signedKeyId":6,"baseKey":"BYisnEWU+zj3wulYv0l6gt662fLKG4wU8bWfTjPfiZRq","preKeyId":6822893}},"BVWt6yB/JHkY/3716xahvxxNCaL45TDiW8bmcH/R3NAW":{"registrationId":1290357739,"currentRatchet":{"ephemeralKeyPair":{"pubKey":"BQ0rYVtUxdx4nFLeVcTKNmQQ4zhf0m+IaE+RFzF68LYV","privKey":"MBJDT11uwIpcNLQUsrMebIzLZLQQTcdNp7/ur0KG61Y="},"lastRemoteEphemeralKey":"Be3N4PqLu6Qh4TCOCd19tXMi9ybfbaJ4mFFqWSTggIxA","previousCounter":0,"rootKey":"E2H7tiSeIBzQai/Av1go0A4bumEIOm/3f3aHFZ9Bc1U="},"indexInfo":{"baseKey":"BVWt6yB/JHkY/3716xahvxxNCaL45TDiW8bmcH/R3NAW","baseKeyType":1,"closed":-1,"used":1763718482129,"created":1763718482129,"remoteIdentityKey":"BeDyvhgO/hxGfJNu6NP3BNLnnOvjGi8JU++wzZyHW2Je"},"_chains":{"BQ0rYVtUxdx4nFLeVcTKNmQQ4zhf0m+IaE+RFzF68LYV":{"chainKey":{"counter":145,"key":"fan3g326mAcXJvGznvtqWtK1dXcO4Xtf/B9RHWfKWqI="},"chainType":1,"messageKeys":{}}},"pendingPreKey":{"signedKeyId":6,"baseKey":"BVWt6yB/JHkY/3716xahvxxNCaL45TDiW8bmcH/R3NAW","preKeyId":6822281}}},"version":"v1"}