{"_sessions":{"BWyZ9GjC+LOIIzOUD78XSvD5Du5bICBgNJZdb2chEiVq":{"registrationId":978372599,"currentRatchet":{"ephemeralKeyPair":{"pubKey":"BaM5SC1N6so/pbRhp4OEU/GzVS2CRBnxg8Ln3WHlztRR","privKey":"EA8PCc7EhC+shlpQPUTnvYHKc7gjVjWE6yxRJksAj30="},"lastRemoteEphemeralKey":"BZcEOhI+fE8UL7SvslBLkJsxRFm9LMLihSNlVYBYCDM+","previousCounter":0,"rootKey":"6VRr+spCG/E5IY2ZPSo0JDOiSt7B2Odl0/diICXFi48="},"indexInfo":{"baseKey":"BWyZ9GjC+LOIIzOUD78XSvD5Du5bICBgNJZdb2chEiVq","baseKeyType":1,"closed":1763718473228,"used":1763718472128,"created":1763718472128,"remoteIdentityKey":"BbrgGLrxh1GO4pzLMPSYbokDp08C3YHDr/mnOHYt81oG"},"_chains":{"BaM5SC1N6so/pbRhp4OEU/GzVS2CRBnxg8Ln3WHlztRR":{"chainKey":{"counter":-1,"key":"LGVjh6sC48WoU2q3ljge1J9IOteR+1WsdfbSKjTQleg="},"chainType":1,"messageKeys":{}}},"pendingPreKey":{"signedKeyId":4,"baseKey":"BWyZ9GjC+LOIIzOUD78XSvD5Du5bICBgNJZdb2chEiVq","preKeyId":10679778}},"BZbQV/WAqHffzY8qige4MAzYFObPJCgBbmrt0nX7rUpe":{"registrationId":978372599,"currentRatchet":{"ephemeralKeyPair":{"pubKey":"BdcNdBqLuJjbJuR7GnggztxzgAnZih1E6aOS17Vut0Us","privKey":"uICDbuBWFiwp8CfjoXrSMgUGYI8ZaIdFM904Sgy4YWA="},"lastRemoteEphemeralKey":"BZcEOhI+fE8UL7SvslBLkJsxRFm9LMLihSNlVYBYCDM+","previousCounter":0,"rootKey":"oNdydGLuwtUzqHFhKDkJFZwZ9Xf4LXaPZ5LuDtqUVps="},"indexInfo":{"baseKey":"BZbQV/WAqHffzY8qige4MAzYFObPJCgBbmrt0nX7rUpe","baseKeyType":1,"closed":-1,"used":1763718473223,"created":1763718473223,"remoteIdentityKey":"BbrgGLrxh1GO4pzLMPSYbokDp08C3YHDr/mnOHYt81oG"},"_chains":{"BdcNdBqLuJjbJuR7GnggztxzgAnZih1E6aOS17Vut0Us":{"chainKey":{"counter":145,"key":"bg1cNigq0HxJf0su9PmPx7qY0NfC8A8PIDZBsb1vqkE="},"chainType":1,"messageKeys":{}}},"pendingPreKey":{"signedKeyId":4,"baseKey":"BZbQV/WAqHffzY8qige4MAzYFObPJCgBbmrt0nX7rUpe","preKeyId":10679837}}},"version":"v1"}