{"_sessions":{"BXsO36RCOSozk9FVLte/4hYsU51Q0w1T1uf+0h/uYVx+":{"registrationId":6396638,"currentRatchet":{"ephemeralKeyPair":{"pubKey":"BYHjFHSmvuyw4hAJOvIYTU5BDzpQH03izDqTID1iS7Fq","privKey":"sKPfkr6R5u6q8R7cbpgL8bmf7YLkkce63VeoUU7brnQ="},"lastRemoteEphemeralKey":"BeN5nBO6wFTMzH1renSNwmN/fETDSmmnqlsf9AAjzPRJ","previousCounter":0,"rootKey":"gH/4V98hbdbSGBu2XwcFsXaAR72wiEFDXytSUGfoIZU="},"indexInfo":{"baseKey":"BXsO36RCOSozk9FVLte/4hYsU51Q0w1T1uf+0h/uYVx+","baseKeyType":1,"closed":1763718482114,"used":1763718481259,"created":1763718481259,"remoteIdentityKey":"BctT8v+e+klzJ1CVTmsu82KCOFkDKw2EyzdOoYk6Y/lZ"},"_chains":{"BYHjFHSmvuyw4hAJOvIYTU5BDzpQH03izDqTID1iS7Fq":{"chainKey":{"counter":-1,"key":"Kh5uCr/2mFoI+3ye4zHjeSODDbD/nmNr5NKj9MRP5kc="},"chainType":1,"messageKeys":{}}},"pendingPreKey":{"signedKeyId":24,"baseKey":"BXsO36RCOSozk9FVLte/4hYsU51Q0w1T1uf+0h/uYVx+","preKeyId":6336745}},"BULhieYleYa0iCOqelJNAtMAcWDV2dfxUfSUbq4Wx/pb":{"registrationId":6396638,"currentRatchet":{"ephemeralKeyPair":{"pubKey":"BQZLJGNL1JzgEdzAidUL3WWTGccodByOIOTW0aYuR9B5","privKey":"wOHo9QFynab0g/CCzEe3M4rZcPbMoP1PRYNzx+lBa2c="},"lastRemoteEphemeralKey":"BeN5nBO6wFTMzH1renSNwmN/fETDSmmnqlsf9AAjzPRJ","previousCounter":0,"rootKey":"ARE4MdXoljjo1SpUvy7vkFqsGO85ra51xUTyUblD7BI="},"indexInfo":{"baseKey":"BULhieYleYa0iCOqelJNAtMAcWDV2dfxUfSUbq4Wx/pb","baseKeyType":1,"closed":-1,"used":1763718482111,"created":1763718482111,"remoteIdentityKey":"BctT8v+e+klzJ1CVTmsu82KCOFkDKw2EyzdOoYk6Y/lZ"},"_chains":{"BQZLJGNL1JzgEdzAidUL3WWTGccodByOIOTW0aYuR9B5":{"chainKey":{"counter":145,"key":"w6Kv4yheZSONCphToDIyDvbDmVosM/IpkrquN+ZA6UE="},"chainType":1,"messageKeys":{}}},"pendingPreKey":{"signedKeyId":24,"baseKey":"BULhieYleYa0iCOqelJNAtMAcWDV2dfxUfSUbq4Wx/pb","preKeyId":6336582}}},"version":"v1"}