{"_sessions":{"BRSOsY7d+ReZkpVn18BDD/rvFx+dGjbvw8u/k2Xo7GxI":{"registrationId":1978319669,"currentRatchet":{"ephemeralKeyPair":{"pubKey":"BdK/kRGUnNrH8b9TDzJkXYw4zNgFmo/eIODLyD2QyNJT","privKey":"4KDzNEtgXoS0s8cq3EaSNhyE8E6ZIhRawnWJ5dbEb04="},"lastRemoteEphemeralKey":"BXXAVQ3ZKZpiZNw0nUT4e065mPygbEBmPKpNyaInPIso","previousCounter":0,"rootKey":"wJLjj8wcQOMMXn6/xtaufnoWjgZsp1t+RSO8yxA3M90="},"indexInfo":{"baseKey":"BRSOsY7d+ReZkpVn18BDD/rvFx+dGjbvw8u/k2Xo7GxI","baseKeyType":1,"closed":1763718478485,"used":1763718477521,"created":1763718477521,"remoteIdentityKey":"BTZgPmea0s2UbjlcjSm4UmwAOeBb5vV+jNDZXBhvVMVj"},"_chains":{"BdK/kRGUnNrH8b9TDzJkXYw4zNgFmo/eIODLyD2QyNJT":{"chainKey":{"counter":-1,"key":"INbjABubVoETwhEW9+WFuX9sDgDtzgYi1RI11iv66aM="},"chainType":1,"messageKeys":{}}},"pendingPreKey":{"signedKeyId":1,"baseKey":"BRSOsY7d+ReZkpVn18BDD/rvFx+dGjbvw8u/k2Xo7GxI","preKeyId":11725019}},"BTDmXFMwsR7eZNcTattfoFaPo7oZRS7GcbmCu0bmDskz":{"registrationId":1978319669,"currentRatchet":{"ephemeralKeyPair":{"pubKey":"BfRQanKFXeC7KO2gMeqmiIFYAmzJTj0jcYMt77vR7dxW","privKey":"mDYmfrG2/a0qMRZac619ekDZdAvbrkiKUXcapPPe3Ho="},"lastRemoteEphemeralKey":"BXXAVQ3ZKZpiZNw0nUT4e065mPygbEBmPKpNyaInPIso","previousCounter":0,"rootKey":"c3xBt9PkUpSmi82Z3+fL0lJP7NflDfWJoL3fchnOU0E="},"indexInfo":{"baseKey":"BTDmXFMwsR7eZNcTattfoFaPo7oZRS7GcbmCu0bmDskz","baseKeyType":1,"closed":-1,"used":1763718478482,"created":1763718478482,"remoteIdentityKey":"BTZgPmea0s2UbjlcjSm4UmwAOeBb5vV+jNDZXBhvVMVj"},"_chains":{"BfRQanKFXeC7KO2gMeqmiIFYAmzJTj0jcYMt77vR7dxW":{"chainKey":{"counter":145,"key":"BFBS949wuJXICxyIrP1bWtjHd+5C8N0TKdYzxYmE8u8="},"chainType":1,"messageKeys":{}}},"pendingPreKey":{"signedKeyId":1,"baseKey":"BTDmXFMwsR7eZNcTattfoFaPo7oZRS7GcbmCu0bmDskz","preKeyId":11724925}}},"version":"v1"}