{"_sessions":{"BXzpjT6H5eeYVyd0EaFeQr0JX9pQofi/ClS31nlAV+d3":{"registrationId":530769660,"currentRatchet":{"ephemeralKeyPair":{"pubKey":"BZTveaZVMf4S+gYlXEWb+vSwELqdd2/kQebgw7FFxK9s","privKey":"UH6427UNQWtm4QlSLIyBIkqAWsgL+m4JJp5CwdVNH2Y="},"lastRemoteEphemeralKey":"BRFN2+Zxg4ssCdMpkcjc2cTSg1EsqIpJZiH9/T5bT0Ne","previousCounter":0,"rootKey":"2k/xUDj2z+t9V0FEPDg8G294d/N60YPBPsrmbjlC+5E="},"indexInfo":{"baseKey":"BXzpjT6H5eeYVyd0EaFeQr0JX9pQofi/ClS31nlAV+d3","baseKeyType":1,"closed":1763718478777,"used":1763718477708,"created":1763718477708,"remoteIdentityKey":"BbH/2eRVdUJnjGVx/uq8zcMWGXvgVzlNL6omQOhnEpx1"},"_chains":{"BZTveaZVMf4S+gYlXEWb+vSwELqdd2/kQebgw7FFxK9s":{"chainKey":{"counter":-1,"key":"/EiMaQ+33/tPVKW1WJpWqk4Du6PANQIvLJxuotH+ekc="},"chainType":1,"messageKeys":{}}},"pendingPreKey":{"signedKeyId":36,"baseKey":"BXzpjT6H5eeYVyd0EaFeQr0JX9pQofi/ClS31nlAV+d3","preKeyId":4445964}},"BdV9zQpQkAlOO08xWgHlal0GP7DQgcTuleTu+yLvNzt8":{"registrationId":530769660,"currentRatchet":{"ephemeralKeyPair":{"pubKey":"BRtKU8xIRa6jSpiZjz5iJX0acyZ/NfnxaQeqcp2Fa59D","privKey":"CCs6njSTouPmU77beVOwflGqD9Ct+0Ep3CXkn9kkElo="},"lastRemoteEphemeralKey":"BRFN2+Zxg4ssCdMpkcjc2cTSg1EsqIpJZiH9/T5bT0Ne","previousCounter":0,"rootKey":"i/3cmRZxvqbQdMuwSibCEC2XFgYXsixPAtaTAXwua38="},"indexInfo":{"baseKey":"BdV9zQpQkAlOO08xWgHlal0GP7DQgcTuleTu+yLvNzt8","baseKeyType":1,"closed":-1,"used":1763718478774,"created":1763718478774,"remoteIdentityKey":"BbH/2eRVdUJnjGVx/uq8zcMWGXvgVzlNL6omQOhnEpx1"},"_chains":{"BRtKU8xIRa6jSpiZjz5iJX0acyZ/NfnxaQeqcp2Fa59D":{"chainKey":{"counter":145,"key":"hBNLxB2+iNq5uFKqosuNe5uXMdBkXhjVPOcOSJtVBpU="},"chainType":1,"messageKeys":{}}},"pendingPreKey":{"signedKeyId":36,"baseKey":"BdV9zQpQkAlOO08xWgHlal0GP7DQgcTuleTu+yLvNzt8","preKeyId":4445198}}},"version":"v1"}