{"_sessions":{"BchunZzXufBiJ3k/RwTFsHvOqC/nidmdBYDcLYXRG6Rk":{"registrationId":794194444,"currentRatchet":{"ephemeralKeyPair":{"pubKey":"BbbmYBQKw5iQuGHusGBgAYlDTea+fOPFaXovs9RNZ4Rf","privKey":"SN4QrrkZ8UsZZc5FIXr2OiO6tPZIYMHt3I/QI715S0k="},"lastRemoteEphemeralKey":"BduMWz4ljdkGQajf7SE14nbP/Nla/+YtlHCjXqaiRoM3","previousCounter":0,"rootKey":"8pkn/+qSkY6QRgCMg0IquPnGL6+Q73KN2sv2B21SsuQ="},"indexInfo":{"baseKey":"BchunZzXufBiJ3k/RwTFsHvOqC/nidmdBYDcLYXRG6Rk","baseKeyType":1,"closed":1763718473336,"used":1763718472181,"created":1763718472181,"remoteIdentityKey":"BewrLUlTZx0yxnJEL/n2gAQv4bv+5ABXYI4nYdHfIysd"},"_chains":{"BbbmYBQKw5iQuGHusGBgAYlDTea+fOPFaXovs9RNZ4Rf":{"chainKey":{"counter":-1,"key":"XNvD+xwQbn35RVZoJuKuNwkk92A3ts5ZSaBsduegzyQ="},"chainType":1,"messageKeys":{}}},"pendingPreKey":{"signedKeyId":2,"baseKey":"BchunZzXufBiJ3k/RwTFsHvOqC/nidmdBYDcLYXRG6Rk"}},"BZVTOL/yBczkPSvqh1bptqH4zGKwtm1Jj0ytWWdCLgQ7":{"registrationId":794194444,"currentRatchet":{"ephemeralKeyPair":{"pubKey":"BaswbNOrN9CvdjZclsrRMm7VMF5IawKNrZU33kHU3oQU","privKey":"aDCD+FMiSWr5Ew4C+c6NLuRMQJ2Tez6mSnyEt34xr1Q="},"lastRemoteEphemeralKey":"BduMWz4ljdkGQajf7SE14nbP/Nla/+YtlHCjXqaiRoM3","previousCounter":0,"rootKey":"aqAtSjJ8u/jJi4jYCxk6N+p15TdC8RTWuYacXoVRnxs="},"indexInfo":{"baseKey":"BZVTOL/yBczkPSvqh1bptqH4zGKwtm1Jj0ytWWdCLgQ7","baseKeyType":1,"closed":-1,"used":1763718473332,"created":1763718473332,"remoteIdentityKey":"BewrLUlTZx0yxnJEL/n2gAQv4bv+5ABXYI4nYdHfIysd"},"_chains":{"BaswbNOrN9CvdjZclsrRMm7VMF5IawKNrZU33kHU3oQU":{"chainKey":{"counter":145,"key":"/+3KTp35w/GGaWOhWERCzUYv+mozjri2z/F5Ww8RfJ8="},"chainType":1,"messageKeys":{}}},"pendingPreKey":{"signedKeyId":2,"baseKey":"BZVTOL/yBczkPSvqh1bptqH4zGKwtm1Jj0ytWWdCLgQ7"}}},"version":"v1"}