{"_sessions":{"BaJKo/LhyA1y6P3089woQfYVC8QNNfhtU0cTVZGi0xkc":{"registrationId":488840563,"currentRatchet":{"ephemeralKeyPair":{"pubKey":"BRTdtrOhGGPQMYpdTy0+4G+8ERttM2VVNHQx1n0vUdgP","privKey":"cEpj7QY13/Tb8KSVaehyiYProTD2f8ofWPvNyOJG9UU="},"lastRemoteEphemeralKey":"BVgreJueXI52sl3iXWFywFb5wd0jTWgBrsp+D/x70Igz","previousCounter":0,"rootKey":"GbDeIHq9hnqFjcBbK+TlAautFXQpw7FZ7H8Kgkb3NHo="},"indexInfo":{"baseKey":"BaJKo/LhyA1y6P3089woQfYVC8QNNfhtU0cTVZGi0xkc","baseKeyType":1,"closed":1763718476876,"used":1763718475968,"created":1763718475968,"remoteIdentityKey":"BbPX+7LIfmyAY6w19i9jAwviolkYZT52aCao+4GkIdN6"},"_chains":{"BRTdtrOhGGPQMYpdTy0+4G+8ERttM2VVNHQx1n0vUdgP":{"chainKey":{"counter":-1,"key":"jJeowlw+6rUluYduR9U3u2s2oTDZ40DVl5O4576Ls9Q="},"chainType":1,"messageKeys":{}}},"pendingPreKey":{"signedKeyId":10,"baseKey":"BaJKo/LhyA1y6P3089woQfYVC8QNNfhtU0cTVZGi0xkc","preKeyId":9108203}},"BU7UTWI7ndz5t4GvRkbOPnZNXF42kGx6KaN+XDQrZh1P":{"registrationId":488840563,"currentRatchet":{"ephemeralKeyPair":{"pubKey":"BbpJY18mYu5ncHt8b5/l0tWp9Qm0WTVA+UyzPQcIlbk3","privKey":"aBRv8/wUWhZGlASx2xLDGtkRmOn4NGwBAlotUcsXiXc="},"lastRemoteEphemeralKey":"BVgreJueXI52sl3iXWFywFb5wd0jTWgBrsp+D/x70Igz","previousCounter":0,"rootKey":"uZaQ3lZO9A3+INjnwqRK4vs5yRVAgClHhOSjvTwQb8k="},"indexInfo":{"baseKey":"BU7UTWI7ndz5t4GvRkbOPnZNXF42kGx6KaN+XDQrZh1P","baseKeyType":1,"closed":-1,"used":1763718476874,"created":1763718476874,"remoteIdentityKey":"BbPX+7LIfmyAY6w19i9jAwviolkYZT52aCao+4GkIdN6"},"_chains":{"BbpJY18mYu5ncHt8b5/l0tWp9Qm0WTVA+UyzPQcIlbk3":{"chainKey":{"counter":145,"key":"BETBMPlHsI71SdwBiZsuyf3atSuEmDu5RDgrFhVP5NU="},"chainType":1,"messageKeys":{}}},"pendingPreKey":{"signedKeyId":10,"baseKey":"BU7UTWI7ndz5t4GvRkbOPnZNXF42kGx6KaN+XDQrZh1P","preKeyId":9108208}}},"version":"v1"}