{"_sessions":{"Bfjcm9xPBgJYrptYrMko3JTFijdevqSCS8lNyK1CIMIF":{"registrationId":1742456596,"currentRatchet":{"ephemeralKeyPair":{"pubKey":"BaGE0+OjMrvQNOs+MPrVZso8gcdV+ZQ+clg2MjRySKhw","privKey":"UB1RtD+FrigKGVAnxSgufJEr1ZgTzlOdqc7iEFRjcn4="},"lastRemoteEphemeralKey":"BeGzPOd7R/eQBeofr6kjHLx73T0sIRgreqh+9/rhLKUU","previousCounter":0,"rootKey":"D3XHgesq4eAEsN+R0BaX45E0AL/z8aOxQTPsevlIji0="},"indexInfo":{"baseKey":"Bfjcm9xPBgJYrptYrMko3JTFijdevqSCS8lNyK1CIMIF","baseKeyType":1,"closed":1763718478261,"used":1763718477382,"created":1763718477382,"remoteIdentityKey":"BShPhp3gPsKS9Y00i/SWEx7MQS4HkY58aQd2JAMf7C9u"},"_chains":{"BaGE0+OjMrvQNOs+MPrVZso8gcdV+ZQ+clg2MjRySKhw":{"chainKey":{"counter":-1,"key":"sOt9kpNHtTHljF1xFayDQmDRP52IdabNpI/W5bH2rl4="},"chainType":1,"messageKeys":{}}},"pendingPreKey":{"signedKeyId":6226170,"baseKey":"Bfjcm9xPBgJYrptYrMko3JTFijdevqSCS8lNyK1CIMIF","preKeyId":14348878}},"BXq2omFoLrsnflxmbitnVNovvJqWI41N32qX/r2FGJx1":{"registrationId":1742456596,"currentRatchet":{"ephemeralKeyPair":{"pubKey":"BfXJiIEpQ3+sxl9ib/ZoLPU7domzciQQNVGLv9op8kUe","privKey":"uJ+g/mqV1zokM+ZcdjPE3/iwutlak8S8HefUBQsAnFE="},"lastRemoteEphemeralKey":"BeGzPOd7R/eQBeofr6kjHLx73T0sIRgreqh+9/rhLKUU","previousCounter":0,"rootKey":"8gOds9dhBRSDJXLgXCaHVkQAoNmbnvUDwMQ0KjjGPeg="},"indexInfo":{"baseKey":"BXq2omFoLrsnflxmbitnVNovvJqWI41N32qX/r2FGJx1","baseKeyType":1,"closed":-1,"used":1763718478258,"created":1763718478258,"remoteIdentityKey":"BShPhp3gPsKS9Y00i/SWEx7MQS4HkY58aQd2JAMf7C9u"},"_chains":{"BfXJiIEpQ3+sxl9ib/ZoLPU7domzciQQNVGLv9op8kUe":{"chainKey":{"counter":145,"key":"fsetF/v/LtLKOe7v+Py7Uco9BL8P9ZRtBKUL4Sqde0k="},"chainType":1,"messageKeys":{}}},"pendingPreKey":{"signedKeyId":6226170,"baseKey":"BXq2omFoLrsnflxmbitnVNovvJqWI41N32qX/r2FGJx1","preKeyId":14348869}}},"version":"v1"}