{"_sessions":{"BSx3FH9XCovfM/7db1FIdpbvujIK6aoxPZYz9fN9u9B1":{"registrationId":1158654661,"currentRatchet":{"ephemeralKeyPair":{"pubKey":"BRdysqHsCSftzV10swZbvD4q0QiFgkLJfW7HFxs9QTVA","privKey":"iBVk/mu0KKEP21QyaeefWfbSulsVThYEab38jB5jKGE="},"lastRemoteEphemeralKey":"BXuvR/zJ6U/Q3D7/kiasiMVV5SecmNaF2BwGAdi4T+cQ","previousCounter":0,"rootKey":"sjNQJZWyKzOLBdPD3L+Q+6UBWNcgLZKSAq2Hl3qtV/8="},"indexInfo":{"baseKey":"BSx3FH9XCovfM/7db1FIdpbvujIK6aoxPZYz9fN9u9B1","baseKeyType":1,"closed":1763718476221,"used":1763718475559,"created":1763718475559,"remoteIdentityKey":"BUXnxq9JuWs3N0CLIy5BIfsfSiQ0Jc1kiXZizWad0WUn"},"_chains":{"BRdysqHsCSftzV10swZbvD4q0QiFgkLJfW7HFxs9QTVA":{"chainKey":{"counter":-1,"key":"iuN4jIBrGL0M/DgpnoUoNRFWMflVFOyzgrYqnyZ1CkU="},"chainType":1,"messageKeys":{}}},"pendingPreKey":{"signedKeyId":12847627,"baseKey":"BSx3FH9XCovfM/7db1FIdpbvujIK6aoxPZYz9fN9u9B1","preKeyId":1055097}},"BY/Y0eHItaA8jHYWXl5nX+yym3lb3DmoF2xop6HUSTpv":{"registrationId":1158654661,"currentRatchet":{"ephemeralKeyPair":{"pubKey":"BQZQVChak6rYw+UNab7D1BY8d8M4WAQtZRWTZ3wMS8QO","privKey":"eCHh43GOfVe211Ug8VB1SLpgHjjx14l3hA/0p4Ju40s="},"lastRemoteEphemeralKey":"BXuvR/zJ6U/Q3D7/kiasiMVV5SecmNaF2BwGAdi4T+cQ","previousCounter":0,"rootKey":"uct3bq2VE+GYmu4Dq0xChuEUh3+qXSQ2TDazkRJx6kU="},"indexInfo":{"baseKey":"BY/Y0eHItaA8jHYWXl5nX+yym3lb3DmoF2xop6HUSTpv","baseKeyType":1,"closed":-1,"used":1763718476219,"created":1763718476219,"remoteIdentityKey":"BUXnxq9JuWs3N0CLIy5BIfsfSiQ0Jc1kiXZizWad0WUn"},"_chains":{"BQZQVChak6rYw+UNab7D1BY8d8M4WAQtZRWTZ3wMS8QO":{"chainKey":{"counter":145,"key":"0OamAkERhjqc86HS4+L85YgxixTz/Tx8rq7CFZF7aDc="},"chainType":1,"messageKeys":{}}},"pendingPreKey":{"signedKeyId":12847627,"baseKey":"BY/Y0eHItaA8jHYWXl5nX+yym3lb3DmoF2xop6HUSTpv","preKeyId":1055073}}},"version":"v1"}