{"_sessions":{"BRS8q2YGkT7xmU0+qL9l2F59SfYhvCDXE5uZKLZz/b9L":{"registrationId":1746880086,"currentRatchet":{"ephemeralKeyPair":{"pubKey":"BXhdsU8sezb1w3a51CcmQilwM5jdzW+Ezp76oiFggNUM","privKey":"iBtp1Zxklto7km9Xbclf41RiXQ+0/K8dY7ktfJ/BjVc="},"lastRemoteEphemeralKey":"BVGstPxh7S3bNQa/uWc2TLJgQgJd/XSMZoFZPtvDFpd+","previousCounter":0,"rootKey":"HyVo2ZTZ2p9DPzO1lfbas/InpBb6RBXd1gOh4btgJhc="},"indexInfo":{"baseKey":"BRS8q2YGkT7xmU0+qL9l2F59SfYhvCDXE5uZKLZz/b9L","baseKeyType":1,"closed":1763718478105,"used":1763718477297,"created":1763718477297,"remoteIdentityKey":"BV6Hu95DwxRYQKAY2w36cB3pzxUFDwflnNRWq78tA9MT"},"_chains":{"BXhdsU8sezb1w3a51CcmQilwM5jdzW+Ezp76oiFggNUM":{"chainKey":{"counter":-1,"key":"nXBdK3a7XOpZgQprZVCzw5W7FWeBRrfkqhdnG7XTtUw="},"chainType":1,"messageKeys":{}}},"pendingPreKey":{"signedKeyId":19,"baseKey":"BRS8q2YGkT7xmU0+qL9l2F59SfYhvCDXE5uZKLZz/b9L","preKeyId":16733034}},"BU7NrJWEl1RcdAVPx1izoM9yFOzQVA0JErM5VqgyX4NS":{"registrationId":1746880086,"currentRatchet":{"ephemeralKeyPair":{"pubKey":"Bb1AUUi9sAFwbREAsDQRev412GA60GVBeQO7QndHnCxI","privKey":"wKFu7rC2CLzO0WWWR/tjUM8B+BqKZhd1izJkT84xE3w="},"lastRemoteEphemeralKey":"BVGstPxh7S3bNQa/uWc2TLJgQgJd/XSMZoFZPtvDFpd+","previousCounter":0,"rootKey":"SE61NbSNgGAewTGDoo1Z00bXslLslFioRK1ULRwVPLY="},"indexInfo":{"baseKey":"BU7NrJWEl1RcdAVPx1izoM9yFOzQVA0JErM5VqgyX4NS","baseKeyType":1,"closed":-1,"used":1763718478101,"created":1763718478101,"remoteIdentityKey":"BV6Hu95DwxRYQKAY2w36cB3pzxUFDwflnNRWq78tA9MT"},"_chains":{"Bb1AUUi9sAFwbREAsDQRev412GA60GVBeQO7QndHnCxI":{"chainKey":{"counter":145,"key":"jonfE9eoNJI+qN/RJFC2i1TvOxs1tXvkSgpF2Jp4f1Y="},"chainType":1,"messageKeys":{}}},"pendingPreKey":{"signedKeyId":19,"baseKey":"BU7NrJWEl1RcdAVPx1izoM9yFOzQVA0JErM5VqgyX4NS","preKeyId":16732885}}},"version":"v1"}