{"_sessions":{"Bb/XKboiFD1/IHi7XXCe/aaC6La8A1lXH8yUb4+vom55":{"registrationId":911497871,"currentRatchet":{"ephemeralKeyPair":{"pubKey":"BbMtoFHeSPmcDx9elxliwhSGU4ORlZmRg2ajcU+e1c9i","privKey":"2AN4iUcCDCfWWyOQijpDgFYo2A3Lw/7K6JoPZBqsKl8="},"lastRemoteEphemeralKey":"BTe9NlDolzxGcF2MlxJuOf/pB2yTYCREz4uQOAS9eqIg","previousCounter":0,"rootKey":"oHgwqsFpq4svrQFWARz4ijRA5TQ+USqVhdwEuD+zPXs="},"indexInfo":{"baseKey":"Bb/XKboiFD1/IHi7XXCe/aaC6La8A1lXH8yUb4+vom55","baseKeyType":1,"closed":1763718471028,"used":1763718469968,"created":1763718469968,"remoteIdentityKey":"Be4eYVfjvME7gNOMBWXE6UAAeIO2vYvU4plidsP3BogG"},"_chains":{"BbMtoFHeSPmcDx9elxliwhSGU4ORlZmRg2ajcU+e1c9i":{"chainKey":{"counter":-1,"key":"BLEr4TieeI2diknT4zMiEYaoQf77MShl7OeO5cNCHVU="},"chainType":1,"messageKeys":{}}},"pendingPreKey":{"signedKeyId":6432431,"baseKey":"Bb/XKboiFD1/IHi7XXCe/aaC6La8A1lXH8yUb4+vom55","preKeyId":6091642}},"BSFPBcLYACFfWrju+eme4wfoAjc2kYhHV28rwczoJV0E":{"registrationId":911497871,"currentRatchet":{"ephemeralKeyPair":{"pubKey":"BZD+eZtAwMdvZmUCdwIbHIMufsfo1kLwR1HB82U44p8k","privKey":"cLMku/xTwi6gXhe85leQaF5qHcpdMFDGHU/OLwnVH10="},"lastRemoteEphemeralKey":"BTe9NlDolzxGcF2MlxJuOf/pB2yTYCREz4uQOAS9eqIg","previousCounter":0,"rootKey":"/aZ7fv3t6a33KqRBzdgiZLo5pQltLjOl0IOn9rG+LYg="},"indexInfo":{"baseKey":"BSFPBcLYACFfWrju+eme4wfoAjc2kYhHV28rwczoJV0E","baseKeyType":1,"closed":-1,"used":1763718471025,"created":1763718471025,"remoteIdentityKey":"Be4eYVfjvME7gNOMBWXE6UAAeIO2vYvU4plidsP3BogG"},"_chains":{"BZD+eZtAwMdvZmUCdwIbHIMufsfo1kLwR1HB82U44p8k":{"chainKey":{"counter":145,"key":"Ox0Sm9Y35ICMtMQlgkDxD0LG0kCITVEXAd2Aeioqxd4="},"chainType":1,"messageKeys":{}}},"pendingPreKey":{"signedKeyId":6432431,"baseKey":"BSFPBcLYACFfWrju+eme4wfoAjc2kYhHV28rwczoJV0E","preKeyId":6091160}}},"version":"v1"}