{"_sessions":{"BdDLMjYSW9M8cASLEWD9sKqEratRyal9fSBOXMr75k54":{"registrationId":2105230361,"currentRatchet":{"ephemeralKeyPair":{"pubKey":"BbtJUiMQ+rWaDEzAw+o8rOwl2LVp46pwokV08cxoe3dH","privKey":"CN3pUcbSAKNtCaxS74JAZ2M73ab3OTkTJlGcrztK5VY="},"lastRemoteEphemeralKey":"BXWoTgPj2qHIM7oLFMC0UejldGL0or7eld742NStR7Fk","previousCounter":0,"rootKey":"PrhYbiboGK9QyNXnrCR6BbEtkf9A2xgi/vnmekRSZq4="},"indexInfo":{"baseKey":"BdDLMjYSW9M8cASLEWD9sKqEratRyal9fSBOXMr75k54","baseKeyType":1,"closed":1763718475367,"used":1763718474303,"created":1763718474303,"remoteIdentityKey":"Baellgu041GTz/vSjX8nMCIznGQqyxduLcskOtTp53sk"},"_chains":{"BbtJUiMQ+rWaDEzAw+o8rOwl2LVp46pwokV08cxoe3dH":{"chainKey":{"counter":-1,"key":"uCo+bQEWTknRrFJTh4WXkJRqHQRhgIYoFXQrTQ8dOvs="},"chainType":1,"messageKeys":{}}},"pendingPreKey":{"signedKeyId":12989052,"baseKey":"BdDLMjYSW9M8cASLEWD9sKqEratRyal9fSBOXMr75k54"}},"BYNgfyJU8u3c8UBDV3ctRznulqYP4hK05jj/p1ttlsdc":{"registrationId":2105230361,"currentRatchet":{"ephemeralKeyPair":{"pubKey":"BQo6pb8oN60W+BRx9+oUgcUpJjmtXqQPqXOepPM0uzg1","privKey":"GAR8GgBfqO3rKHB/cDE4ULOow2g384HlJVO0UnGRZ04="},"lastRemoteEphemeralKey":"BXWoTgPj2qHIM7oLFMC0UejldGL0or7eld742NStR7Fk","previousCounter":0,"rootKey":"znZqJnhxIsGqnwWNA4zTRjAtCAZ5VBnZJw1Coz8Ccac="},"indexInfo":{"baseKey":"BYNgfyJU8u3c8UBDV3ctRznulqYP4hK05jj/p1ttlsdc","baseKeyType":1,"closed":-1,"used":1763718475364,"created":1763718475364,"remoteIdentityKey":"Baellgu041GTz/vSjX8nMCIznGQqyxduLcskOtTp53sk"},"_chains":{"BQo6pb8oN60W+BRx9+oUgcUpJjmtXqQPqXOepPM0uzg1":{"chainKey":{"counter":145,"key":"/ThIDPBrqS4tqz1mK3lrMpR9jLFVKXV9RBmcONOJxJA="},"chainType":1,"messageKeys":{}}},"pendingPreKey":{"signedKeyId":12989052,"baseKey":"BYNgfyJU8u3c8UBDV3ctRznulqYP4hK05jj/p1ttlsdc"}}},"version":"v1"}