{"_sessions":{"BaGIAzpFshkUem3CHwVPl4Z9g3Pvgr+XUqlGaAM32LFl":{"registrationId":1605033836,"currentRatchet":{"ephemeralKeyPair":{"pubKey":"BR7XLoi3E/CfNI3ovhiiddRef1/guoRwF/cvgnCsfKo5","privKey":"AI4/DxwN6Nl1ejfMXqCdgQq/kq5KI8fKlU7ihwFhNGE="},"lastRemoteEphemeralKey":"BabWal9GWfavy+ojqHOY0vKo6FPy6LTZe8/xZUjCwTUm","previousCounter":0,"rootKey":"vj7vJwVfke72CEJJ2bPbgeJr1E8fnP+oI4EQtqW1jHI="},"indexInfo":{"baseKey":"BaGIAzpFshkUem3CHwVPl4Z9g3Pvgr+XUqlGaAM32LFl","baseKeyType":1,"closed":1763718476917,"used":1763718475998,"created":1763718475998,"remoteIdentityKey":"Bcxt06niFYgsARb2gcdhuj+2AOad7nA9VKa6LEKXmT9s"},"_chains":{"BR7XLoi3E/CfNI3ovhiiddRef1/guoRwF/cvgnCsfKo5":{"chainKey":{"counter":-1,"key":"TADWfHR1DCt/G19Z8iyqLRWN6NVGlJwIueiaqx7ZYRE="},"chainType":1,"messageKeys":{}}},"pendingPreKey":{"signedKeyId":21,"baseKey":"BaGIAzpFshkUem3CHwVPl4Z9g3Pvgr+XUqlGaAM32LFl","preKeyId":9312732}},"Bf2VV2ZHaJMazCHNZjR2+MCqDHqpRrvdbUrhHn2qsHc8":{"registrationId":1605033836,"currentRatchet":{"ephemeralKeyPair":{"pubKey":"BUEwugBVlqcaNSxotpKsc2c8HLiiZpd/6046gcVNHhV8","privKey":"8PLZSSKJjejoTw5qFMJYw/lrCobKM+Nlzp5gUCvT4VU="},"lastRemoteEphemeralKey":"BabWal9GWfavy+ojqHOY0vKo6FPy6LTZe8/xZUjCwTUm","previousCounter":0,"rootKey":"sL4sp/K9tCfCmLIT4n6Mzqe+Q4XNI2Z60OH26IhSrjg="},"indexInfo":{"baseKey":"Bf2VV2ZHaJMazCHNZjR2+MCqDHqpRrvdbUrhHn2qsHc8","baseKeyType":1,"closed":-1,"used":1763718476915,"created":1763718476915,"remoteIdentityKey":"Bcxt06niFYgsARb2gcdhuj+2AOad7nA9VKa6LEKXmT9s"},"_chains":{"BUEwugBVlqcaNSxotpKsc2c8HLiiZpd/6046gcVNHhV8":{"chainKey":{"counter":145,"key":"H1aef6tWZ/946IqV54kYHR2aWrZuYLJvj//rGjwbP9k="},"chainType":1,"messageKeys":{}}},"pendingPreKey":{"signedKeyId":21,"baseKey":"Bf2VV2ZHaJMazCHNZjR2+MCqDHqpRrvdbUrhHn2qsHc8","preKeyId":9312684}}},"version":"v1"}