{"_sessions":{"BQk5VaQIiCjbRJdvDMTsgwY6+ZEe+AVGsnB/3e8E3Lxb":{"registrationId":1705141126,"currentRatchet":{"ephemeralKeyPair":{"pubKey":"BSNlBcoaiQ5JL7Elo3/gcw16BN07q+dppGHWK7+lKG8i","privKey":"gPURklr5D32MC2iNxsIvBHfXC+oyTGR3iJ0RCc8EoFs="},"lastRemoteEphemeralKey":"Ben2m9ec0WBb+OP4Wp58EX/TwVZnuoIGb1OPnzPgfQMa","previousCounter":0,"rootKey":"/awwZ9w+tHmBvvngUa9pXAQc1vL+9XBx87lJgOMOijw="},"indexInfo":{"baseKey":"BQk5VaQIiCjbRJdvDMTsgwY6+ZEe+AVGsnB/3e8E3Lxb","baseKeyType":1,"closed":1763718480323,"used":1763718479310,"created":1763718479310,"remoteIdentityKey":"BXSnwoAB6fUCNE/AACEs8j5MuAYtcmMu6CqOjTdjEQgZ"},"_chains":{"BSNlBcoaiQ5JL7Elo3/gcw16BN07q+dppGHWK7+lKG8i":{"chainKey":{"counter":-1,"key":"ptr7z3NWiMhsChfJt2EsXWyaIrBY2n4AlONlZ6nPAEs="},"chainType":1,"messageKeys":{}}},"pendingPreKey":{"signedKeyId":9975671,"baseKey":"BQk5VaQIiCjbRJdvDMTsgwY6+ZEe+AVGsnB/3e8E3Lxb","preKeyId":15925518}},"Ba7LsR+PHeEm4ah2qR3zBmY8vJAP4CadbziofBwDahxY":{"registrationId":1705141126,"currentRatchet":{"ephemeralKeyPair":{"pubKey":"Bac7as2yM/ddQnY3bdc32hlUuD4D6HUueg5Gpy6ZSY1Y","privKey":"sAYK7qxhZIWgx+kBzs0++R+P9HanULzQ1g/73X538XM="},"lastRemoteEphemeralKey":"Ben2m9ec0WBb+OP4Wp58EX/TwVZnuoIGb1OPnzPgfQMa","previousCounter":0,"rootKey":"hLsJ1bZB8789wK/QRwy8qUX/QFmp6D1hyT9tFkx/VVY="},"indexInfo":{"baseKey":"Ba7LsR+PHeEm4ah2qR3zBmY8vJAP4CadbziofBwDahxY","baseKeyType":1,"closed":-1,"used":1763718480321,"created":1763718480321,"remoteIdentityKey":"BXSnwoAB6fUCNE/AACEs8j5MuAYtcmMu6CqOjTdjEQgZ"},"_chains":{"Bac7as2yM/ddQnY3bdc32hlUuD4D6HUueg5Gpy6ZSY1Y":{"chainKey":{"counter":145,"key":"jfDDzXaCbpuSsvTd+Y8s6IEh8F7R+ABXb25x5eT5FrY="},"chainType":1,"messageKeys":{}}},"pendingPreKey":{"signedKeyId":9975671,"baseKey":"Ba7LsR+PHeEm4ah2qR3zBmY8vJAP4CadbziofBwDahxY","preKeyId":15925850}}},"version":"v1"}