{"_sessions":{"BTA8yqOaVh9g2/f5s/J6f3uTbwhQusSF1Z/qAULgIKV9":{"registrationId":564060333,"currentRatchet":{"ephemeralKeyPair":{"pubKey":"BelLHQ+WsP7EJNxec2AqRq8ivcOst3ngimJjfmABnPgE","privKey":"GDaGXeSfbeSbQsFPWRsdKhCaNxPzUzWFRGIyRA8Uf1w="},"lastRemoteEphemeralKey":"Bd3UU2EZXiVbFJuVIMyOuPtYiSQ4RKuLOG9eDGb6Sr95","previousCounter":0,"rootKey":"GuNa2d7fR7KYZHfm9kqPhogBMXyMcB4vzmkt+yRhFLI="},"indexInfo":{"baseKey":"BTA8yqOaVh9g2/f5s/J6f3uTbwhQusSF1Z/qAULgIKV9","baseKeyType":1,"closed":1763718474446,"used":1763718473648,"created":1763718473648,"remoteIdentityKey":"BcO21B1OhVoucAG/5Qwuggs/iISeVMgdoS08emyVa8Vy"},"_chains":{"BelLHQ+WsP7EJNxec2AqRq8ivcOst3ngimJjfmABnPgE":{"chainKey":{"counter":-1,"key":"JUQ8GERwmvagy2Pl3kZiKt9i1vd+QMyQY+7TVqFbKDM="},"chainType":1,"messageKeys":{}}},"pendingPreKey":{"signedKeyId":10759415,"baseKey":"BTA8yqOaVh9g2/f5s/J6f3uTbwhQusSF1Z/qAULgIKV9","preKeyId":7300517}},"BV7i8e8vDFfT65m9Dwv/wCs+XEHoMVHp2BEJMZbsLVdz":{"registrationId":564060333,"currentRatchet":{"ephemeralKeyPair":{"pubKey":"BYszUJgE8KWWoAw7FUAHmgAEH5w74gSlQwlmRblqejxt","privKey":"KAu+rYi67dxfdt5ZtE4t+53lAPAYqNzuC8RLm9dWLW0="},"lastRemoteEphemeralKey":"Bd3UU2EZXiVbFJuVIMyOuPtYiSQ4RKuLOG9eDGb6Sr95","previousCounter":0,"rootKey":"qvkivEBf7hUDMzz++RMaymVOtK8PMBtU2gQhGdTD5ko="},"indexInfo":{"baseKey":"BV7i8e8vDFfT65m9Dwv/wCs+XEHoMVHp2BEJMZbsLVdz","baseKeyType":1,"closed":-1,"used":1763718474443,"created":1763718474443,"remoteIdentityKey":"BcO21B1OhVoucAG/5Qwuggs/iISeVMgdoS08emyVa8Vy"},"_chains":{"BYszUJgE8KWWoAw7FUAHmgAEH5w74gSlQwlmRblqejxt":{"chainKey":{"counter":145,"key":"ECvOIJqiZ1C57N5U4o46wiaxnXmLRNrmm6+GEatG3O8="},"chainType":1,"messageKeys":{}}},"pendingPreKey":{"signedKeyId":10759415,"baseKey":"BV7i8e8vDFfT65m9Dwv/wCs+XEHoMVHp2BEJMZbsLVdz","preKeyId":7300516}}},"version":"v1"}