{"_sessions":{"BW6B41cc7oT66RjspW37Jshga4oQyeZMfhK7meZ+JZk0":{"registrationId":536542306,"currentRatchet":{"ephemeralKeyPair":{"pubKey":"BbHvwQVOi/JrRumcC5VmPnmJ+8Ad1KS35wsMqypZoFkF","privKey":"mMKo1IB000kRJNgYwZmLXLTuumrhboL24JqsrIBNKmc="},"lastRemoteEphemeralKey":"BSGuuASRKKCz7kH8FyOC9vi2x7Jui/45jZDAdhm8qLdO","previousCounter":0,"rootKey":"Ev9BqjAgvYzgIkQKjBOwMuZ7KY86+6aEhEOJN0f4Mv8="},"indexInfo":{"baseKey":"BW6B41cc7oT66RjspW37Jshga4oQyeZMfhK7meZ+JZk0","baseKeyType":1,"closed":1763718470718,"used":1763718469788,"created":1763718469788,"remoteIdentityKey":"BeZGHQvKwrnoTuoITA29a9ys8espBJXcE2Xa0Cy0sWRD"},"_chains":{"BbHvwQVOi/JrRumcC5VmPnmJ+8Ad1KS35wsMqypZoFkF":{"chainKey":{"counter":-1,"key":"NuysFJQUCF/ClkPJHqLlNk348Dfnarg3HmJWs+g4N6E="},"chainType":1,"messageKeys":{}}},"pendingPreKey":{"signedKeyId":10,"baseKey":"BW6B41cc7oT66RjspW37Jshga4oQyeZMfhK7meZ+JZk0","preKeyId":10087825}},"BQN6axlrvVd2SP1A253Q99slGot2k+bJyEnodF92CuJt":{"registrationId":536542306,"currentRatchet":{"ephemeralKeyPair":{"pubKey":"BctUwIhgdEXORW4ctFBlFfRZR++QWJlHUcE0zoPDv/V+","privKey":"ULXO6uixI+sBQO+yw8G/M2ntaYoIie/+9apVdUnvEkQ="},"lastRemoteEphemeralKey":"BSGuuASRKKCz7kH8FyOC9vi2x7Jui/45jZDAdhm8qLdO","previousCounter":0,"rootKey":"21fpfufUpRvzaF068F0/mg0QWEjoO/bA129TEAkOrIo="},"indexInfo":{"baseKey":"BQN6axlrvVd2SP1A253Q99slGot2k+bJyEnodF92CuJt","baseKeyType":1,"closed":-1,"used":1763718470714,"created":1763718470714,"remoteIdentityKey":"BeZGHQvKwrnoTuoITA29a9ys8espBJXcE2Xa0Cy0sWRD"},"_chains":{"BctUwIhgdEXORW4ctFBlFfRZR++QWJlHUcE0zoPDv/V+":{"chainKey":{"counter":145,"key":"WOuAD2NYXd8K0+HG7MOwsADI6o371V4W87IfXpKX5+k="},"chainType":1,"messageKeys":{}}},"pendingPreKey":{"signedKeyId":10,"baseKey":"BQN6axlrvVd2SP1A253Q99slGot2k+bJyEnodF92CuJt","preKeyId":10087815}}},"version":"v1"}