{"_sessions":{"BS6WntYBghxAZf6C4esH+9clFYpqJVNYlV+FWz7acIt7":{"registrationId":1858770867,"currentRatchet":{"ephemeralKeyPair":{"pubKey":"Bb6YGChat5WILgen3KR2CverX8T7zKkPVKYzVDHcUoBu","privKey":"oDvuwMGLgH7H8aNwiii3wXzmpziPN3jMaGCxjYAR9FU="},"lastRemoteEphemeralKey":"BaObb9clD9JO/1mtw1FXBajT4ngg3H2S+hMI1fKSJUls","previousCounter":0,"rootKey":"7T+8lYr1lGWTfCLt+i9NSVGStWOZXaGpwONQNac+LPI="},"indexInfo":{"baseKey":"BS6WntYBghxAZf6C4esH+9clFYpqJVNYlV+FWz7acIt7","baseKeyType":1,"closed":1763718472879,"used":1763718471928,"created":1763718471928,"remoteIdentityKey":"BX7oF+2EhTu90hmcpG0WFgjuGS3RJ/Pcd4DEuLrfMWkU"},"_chains":{"Bb6YGChat5WILgen3KR2CverX8T7zKkPVKYzVDHcUoBu":{"chainKey":{"counter":-1,"key":"2wI+7freBv5am4fqVpyRQ9C8fYaCsabJ2wM+K0WTJrQ="},"chainType":1,"messageKeys":{}}},"pendingPreKey":{"signedKeyId":4140338,"baseKey":"BS6WntYBghxAZf6C4esH+9clFYpqJVNYlV+FWz7acIt7","preKeyId":8272535}},"Bax22k47dYaxOzd7XFVbFDCbVSI5sy3Lt9i5X2pggaIg":{"registrationId":1858770867,"currentRatchet":{"ephemeralKeyPair":{"pubKey":"BZSzZzOGo03gmNXWieGQocvWq/utGO17X2lgdUZ69fNz","privKey":"IOC3B0rIxAGZcXvVfHjso332ciRBgvEor/gLz0MtMkc="},"lastRemoteEphemeralKey":"BaObb9clD9JO/1mtw1FXBajT4ngg3H2S+hMI1fKSJUls","previousCounter":0,"rootKey":"noh5Lp6AWyoBckKhSyEKTGaHjyohrXJjHIvjt+IOAOo="},"indexInfo":{"baseKey":"Bax22k47dYaxOzd7XFVbFDCbVSI5sy3Lt9i5X2pggaIg","baseKeyType":1,"closed":-1,"used":1763718472876,"created":1763718472876,"remoteIdentityKey":"BX7oF+2EhTu90hmcpG0WFgjuGS3RJ/Pcd4DEuLrfMWkU"},"_chains":{"BZSzZzOGo03gmNXWieGQocvWq/utGO17X2lgdUZ69fNz":{"chainKey":{"counter":145,"key":"et68L9OSiFPRcYTO/KfikRpgaLCIIll0TbuadukJttQ="},"chainType":1,"messageKeys":{}}},"pendingPreKey":{"signedKeyId":4140338,"baseKey":"Bax22k47dYaxOzd7XFVbFDCbVSI5sy3Lt9i5X2pggaIg","preKeyId":8272007}}},"version":"v1"}