{"_sessions":{"BRnjoDnPdthk8Qh7/5S3JdBoaKnCQRSusoAOeJ9yWjdX":{"registrationId":1875454531,"currentRatchet":{"ephemeralKeyPair":{"pubKey":"Bfh6kSF1K8n00pAkaLR8wsy2LcXOy8N+ivEja9S+HBs2","privKey":"2LOtLm0aIEQP0Lk6kR1iX1LGVKfoJ7uUA5G8UtZdmlQ="},"lastRemoteEphemeralKey":"BSmhfAYrKzZ+lVzD8jSdDP6RbnYL3HBOWulagXGtmZ4l","previousCounter":0,"rootKey":"Wph1mIdwIIl6gnXa4vRJeqtd9SmQ1sTA+vuFIA/9kIQ="},"indexInfo":{"baseKey":"BRnjoDnPdthk8Qh7/5S3JdBoaKnCQRSusoAOeJ9yWjdX","baseKeyType":1,"closed":1763718473253,"used":1763718472140,"created":1763718472140,"remoteIdentityKey":"BSMSH9FaWlOPKb94XZel6Roz0Mdv1IOMThggFbgQobYK"},"_chains":{"Bfh6kSF1K8n00pAkaLR8wsy2LcXOy8N+ivEja9S+HBs2":{"chainKey":{"counter":-1,"key":"CnuEcbfwgSIQ3+Xfjfgprhk9ifED/47hlJwRnssyFv4="},"chainType":1,"messageKeys":{}}},"pendingPreKey":{"signedKeyId":15,"baseKey":"BRnjoDnPdthk8Qh7/5S3JdBoaKnCQRSusoAOeJ9yWjdX","preKeyId":14363351}},"BbFSOb43XoOgvzppaMGFI74NXH58F+iWDFmkFbaPB+9V":{"registrationId":1875454531,"currentRatchet":{"ephemeralKeyPair":{"pubKey":"BfyYwD7SHKU2KLVqbhrL3KMT1x4LOzmy9oAzy0+5mMw8","privKey":"QBTMvufZG38O7GCySaQWoD4DdFy89WJ532UIs4psK3A="},"lastRemoteEphemeralKey":"BSmhfAYrKzZ+lVzD8jSdDP6RbnYL3HBOWulagXGtmZ4l","previousCounter":0,"rootKey":"CHiOmn/aUzNf5f0NrUJl0f94NL9FUeA4XTXBd/e84d0="},"indexInfo":{"baseKey":"BbFSOb43XoOgvzppaMGFI74NXH58F+iWDFmkFbaPB+9V","baseKeyType":1,"closed":-1,"used":1763718473250,"created":1763718473250,"remoteIdentityKey":"BSMSH9FaWlOPKb94XZel6Roz0Mdv1IOMThggFbgQobYK"},"_chains":{"BfyYwD7SHKU2KLVqbhrL3KMT1x4LOzmy9oAzy0+5mMw8":{"chainKey":{"counter":145,"key":"VotOt8E/rIYr1qxqBVNY2sUV1cmoNyH3Es6a2BTDYVY="},"chainType":1,"messageKeys":{}}},"pendingPreKey":{"signedKeyId":15,"baseKey":"BbFSOb43XoOgvzppaMGFI74NXH58F+iWDFmkFbaPB+9V","preKeyId":14362886}}},"version":"v1"}