{"_sessions":{"BQiThEaAQagvVV18i/rXsP2k0Qb+57gKN1f92ZhME6FW":{"registrationId":1459686201,"currentRatchet":{"ephemeralKeyPair":{"pubKey":"BfLH67u3M+QSpVjgXiFisBup5cAdUdzcBeVfJoHjPLYP","privKey":"0KO/JrxbNfpUqB8DspLJNmbneO56twv2xXWajihcdHQ="},"lastRemoteEphemeralKey":"BcHE8jcoEOhVpRJcQJ83iH/YWguClG58F16IbZU683dH","previousCounter":0,"rootKey":"ylucgYEkL/pn/ASwPuoGoX0VPpcxZyocUSn46SiT+pM="},"indexInfo":{"baseKey":"BQiThEaAQagvVV18i/rXsP2k0Qb+57gKN1f92ZhME6FW","baseKeyType":1,"closed":1763718470934,"used":1763718469907,"created":1763718469907,"remoteIdentityKey":"BWm+5uio7W2oy+gvj/QEYqTGN48A8+DKMXsYFb9td9Ro"},"_chains":{"BfLH67u3M+QSpVjgXiFisBup5cAdUdzcBeVfJoHjPLYP":{"chainKey":{"counter":-1,"key":"Yg0PIXddHMrCyKwxnFuikcrC07J3PmqRInGBa8/FtZY="},"chainType":1,"messageKeys":{}}},"pendingPreKey":{"signedKeyId":49,"baseKey":"BQiThEaAQagvVV18i/rXsP2k0Qb+57gKN1f92ZhME6FW","preKeyId":15167542}},"BUyuaUcm19hC+GNafSmbB1oFdl0c4XlvpyiGiBXgc1Fe":{"registrationId":1459686201,"currentRatchet":{"ephemeralKeyPair":{"pubKey":"BZcLu2RTn4QVSfQPYS1AuQSYades7n/T3UaooRWq6tdG","privKey":"EDm+lptryDOf/r9Snt4+vBQ46j5M9/r1a/YBOn9qA1M="},"lastRemoteEphemeralKey":"BcHE8jcoEOhVpRJcQJ83iH/YWguClG58F16IbZU683dH","previousCounter":0,"rootKey":"Ahx80vakBElKODVpecdhrYAROTNMJJH3T5FU7UM+O/o="},"indexInfo":{"baseKey":"BUyuaUcm19hC+GNafSmbB1oFdl0c4XlvpyiGiBXgc1Fe","baseKeyType":1,"closed":-1,"used":1763718470930,"created":1763718470930,"remoteIdentityKey":"BWm+5uio7W2oy+gvj/QEYqTGN48A8+DKMXsYFb9td9Ro"},"_chains":{"BZcLu2RTn4QVSfQPYS1AuQSYades7n/T3UaooRWq6tdG":{"chainKey":{"counter":145,"key":"iPD2aGx5fZwWdVlrLfZg6WhJvTftoDheA9ScnD5Rdt8="},"chainType":1,"messageKeys":{}}},"pendingPreKey":{"signedKeyId":49,"baseKey":"BUyuaUcm19hC+GNafSmbB1oFdl0c4XlvpyiGiBXgc1Fe","preKeyId":15167551}}},"version":"v1"}