{"_sessions":{"BafzN1y831Aze16GD3ald21ayDeh8LWT4povUdoDMJ0w":{"registrationId":377229785,"currentRatchet":{"ephemeralKeyPair":{"pubKey":"BRq9RmKDhos0jtZxlBI+janrMvymYEbT3YIO6mok/axn","privKey":"aFMQQ875OvyKV3wP+4mxBi3GBO+yQs6fUc5+9+aH8mY="},"lastRemoteEphemeralKey":"BRCLELiG/Nuhkma6m7IisClfZoMPbDPAm9r63cHnTE1h","previousCounter":0,"rootKey":"p57OJm8DDQXHrOCp0peeQtZzORXmxCYzCSc/f478eIo="},"indexInfo":{"baseKey":"BafzN1y831Aze16GD3ald21ayDeh8LWT4povUdoDMJ0w","baseKeyType":1,"closed":1763718480501,"used":1763718479408,"created":1763718479408,"remoteIdentityKey":"BZT8XF4J03FIG7itRRn4qGIlEUF3RlmFbqylTabKDrsS"},"_chains":{"BRq9RmKDhos0jtZxlBI+janrMvymYEbT3YIO6mok/axn":{"chainKey":{"counter":-1,"key":"TKry0sut92ksmT2ddhzOl3wdbN17tkQ1h49mO6hMKbk="},"chainType":1,"messageKeys":{}}},"pendingPreKey":{"signedKeyId":1,"baseKey":"BafzN1y831Aze16GD3ald21ayDeh8LWT4povUdoDMJ0w","preKeyId":13629235}},"BfNg/1nhOU7M3poQHJNajPsg8gPMzSWAlEsoZlOi8gch":{"registrationId":377229785,"currentRatchet":{"ephemeralKeyPair":{"pubKey":"BUZjsO2XA87R8nSlhBdH1V1KDkjY8XyeQr10cpM1IL5e","privKey":"0NUodNqykfHKMEkav5/sfp5DVY7eT0ZzlXgltTVuFlo="},"lastRemoteEphemeralKey":"BRCLELiG/Nuhkma6m7IisClfZoMPbDPAm9r63cHnTE1h","previousCounter":0,"rootKey":"Kmv//GWsfnzNNm+fIRpxhZFDwZXTnlw0vmIUqZisev0="},"indexInfo":{"baseKey":"BfNg/1nhOU7M3poQHJNajPsg8gPMzSWAlEsoZlOi8gch","baseKeyType":1,"closed":-1,"used":1763718480497,"created":1763718480497,"remoteIdentityKey":"BZT8XF4J03FIG7itRRn4qGIlEUF3RlmFbqylTabKDrsS"},"_chains":{"BUZjsO2XA87R8nSlhBdH1V1KDkjY8XyeQr10cpM1IL5e":{"chainKey":{"counter":145,"key":"Uys512m9e4eTCL1Wul5Lqps5zblkl68hqwZJGCML3SE="},"chainType":1,"messageKeys":{}}},"pendingPreKey":{"signedKeyId":1,"baseKey":"BfNg/1nhOU7M3poQHJNajPsg8gPMzSWAlEsoZlOi8gch","preKeyId":13629874}}},"version":"v1"}