{"_sessions":{"BVjfpI6phyMXOrHyGsod7EUSSKF8iaFnfbmclCpOLDsH":{"registrationId":1156066932,"currentRatchet":{"ephemeralKeyPair":{"pubKey":"BT7vdA6dzq0KNqdHJUQvQxV3oA1V4QJkCgaySK6te7N/","privKey":"kJNBf/3xzIxDK23/zT42/TUzmoUAFgDv6csp8WKFdlI="},"lastRemoteEphemeralKey":"BabZdQqh/otp97T6xLCDR+nx0dP8hOtpen65In7WGTxe","previousCounter":0,"rootKey":"oMgolm6fHWvI+LlIUbekWyBQNc2YB2u8QCzRAbw4QFA="},"indexInfo":{"baseKey":"BVjfpI6phyMXOrHyGsod7EUSSKF8iaFnfbmclCpOLDsH","baseKeyType":1,"closed":1763718470531,"used":1763718469677,"created":1763718469677,"remoteIdentityKey":"BQZXhR5/Fv+NpFqv+q7MOy1itbOsAVrFfBr1/BE+VCJs"},"_chains":{"BT7vdA6dzq0KNqdHJUQvQxV3oA1V4QJkCgaySK6te7N/":{"chainKey":{"counter":-1,"key":"Dg1fcfbDC9aYrycTA4r4h1O2KvUORXFmr+D7jTpb6bU="},"chainType":1,"messageKeys":{}}},"pendingPreKey":{"signedKeyId":9938145,"baseKey":"BVjfpI6phyMXOrHyGsod7EUSSKF8iaFnfbmclCpOLDsH","preKeyId":15075}},"BXHSjrdvvlYWYbdWVX7SeoBOryXmDK2GqjAuf8NkXAFf":{"registrationId":1156066932,"currentRatchet":{"ephemeralKeyPair":{"pubKey":"BSzfSD3wtd9CtnmNr2lkxVMo7pjpn7/xjSrMepxhoW0H","privKey":"uGpVDwUqhqPnvQ+XIOgYvfNCS+BEmClEfTmWJH9Q/WQ="},"lastRemoteEphemeralKey":"BabZdQqh/otp97T6xLCDR+nx0dP8hOtpen65In7WGTxe","previousCounter":0,"rootKey":"G+ErXmJxjHSL6MiPC6dLOC3bWEgPduSG3YJ65AVTisQ="},"indexInfo":{"baseKey":"BXHSjrdvvlYWYbdWVX7SeoBOryXmDK2GqjAuf8NkXAFf","baseKeyType":1,"closed":-1,"used":1763718470527,"created":1763718470527,"remoteIdentityKey":"BQZXhR5/Fv+NpFqv+q7MOy1itbOsAVrFfBr1/BE+VCJs"},"_chains":{"BSzfSD3wtd9CtnmNr2lkxVMo7pjpn7/xjSrMepxhoW0H":{"chainKey":{"counter":145,"key":"bY1iU9okv1LYlMcbpMjSRb7zjzk2eIeUgq98hxzvQ94="},"chainType":1,"messageKeys":{}}},"pendingPreKey":{"signedKeyId":9938145,"baseKey":"BXHSjrdvvlYWYbdWVX7SeoBOryXmDK2GqjAuf8NkXAFf","preKeyId":15309}}},"version":"v1"}