{"_sessions":{"BQM+sdl4CXXHZKUnvmY1tHVJRZ/ZQFWZAhruKXiEDwF9":{"registrationId":828924277,"currentRatchet":{"ephemeralKeyPair":{"pubKey":"BfKzkvJmtO0mHVuKV0dpHeiDzh7y2VQyVT2wypQlmhMs","privKey":"CEgv3BH/zu+oQ8XqX4lCK+PEMmdwaDtIFWE9fB9wKXs="},"lastRemoteEphemeralKey":"BW2xdxqQBoGPTJ3LBin+kMgUU1EF1oGcLNwoEPRAx69v","previousCounter":0,"rootKey":"tH5hPTrpWUgJhbhFzKBkVXt/mfxWEIwRkIViLW6EN/8="},"indexInfo":{"baseKey":"BQM+sdl4CXXHZKUnvmY1tHVJRZ/ZQFWZAhruKXiEDwF9","baseKeyType":1,"closed":1763718473071,"used":1763718472042,"created":1763718472042,"remoteIdentityKey":"BWsixfCPed3ANvsZdwM/jlriG4sHLa2oJIiP7wg+XRlJ"},"_chains":{"BfKzkvJmtO0mHVuKV0dpHeiDzh7y2VQyVT2wypQlmhMs":{"chainKey":{"counter":-1,"key":"sTmy9BlhLtKqGqBCf+/EiRxAeDBXAa+i0Q4roh5Lo38="},"chainType":1,"messageKeys":{}}},"pendingPreKey":{"signedKeyId":9622141,"baseKey":"BQM+sdl4CXXHZKUnvmY1tHVJRZ/ZQFWZAhruKXiEDwF9","preKeyId":10240237}},"BVVwZ0y0YL6X2CxpfbNiT/074xz9/lR1N31PYSJDqSgH":{"registrationId":828924277,"currentRatchet":{"ephemeralKeyPair":{"pubKey":"BaXcFydYzlBAuL5n8ndVWDR0ZfTRRctqXIfhYCH8c5Zb","privKey":"qCPVf8NpeTHiJ5SEPJpJMJT+qR/UKsqY9sGqGziE5no="},"lastRemoteEphemeralKey":"BW2xdxqQBoGPTJ3LBin+kMgUU1EF1oGcLNwoEPRAx69v","previousCounter":0,"rootKey":"Gk2B5V6o6P0jaQIMmbcy117odlxhEYXzgiZ5Gm49v1o="},"indexInfo":{"baseKey":"BVVwZ0y0YL6X2CxpfbNiT/074xz9/lR1N31PYSJDqSgH","baseKeyType":1,"closed":-1,"used":1763718473069,"created":1763718473069,"remoteIdentityKey":"BWsixfCPed3ANvsZdwM/jlriG4sHLa2oJIiP7wg+XRlJ"},"_chains":{"BaXcFydYzlBAuL5n8ndVWDR0ZfTRRctqXIfhYCH8c5Zb":{"chainKey":{"counter":145,"key":"93D5tWgN6GEIO9uQ574Tv+Um3jk4e7sHtsuuBtHatn4="},"chainType":1,"messageKeys":{}}},"pendingPreKey":{"signedKeyId":9622141,"baseKey":"BVVwZ0y0YL6X2CxpfbNiT/074xz9/lR1N31PYSJDqSgH","preKeyId":10240328}}},"version":"v1"}