{"_sessions":{"BY6nDuDhDrku/KjSHZwVyc1utmLD612pNpM2Xumr98YV":{"registrationId":359186783,"currentRatchet":{"ephemeralKeyPair":{"pubKey":"BVlMzj9r66OmHkMuVyCdRktBqtJ5Oj2QS1pVans9IO8x","privKey":"ABj2efm+HzuKnXitnHDxKwHCf4BJnXZOrOzGRLZuHmo="},"lastRemoteEphemeralKey":"Bajy4HyK7+gK56TKdQr7B26BWWZq+exNP06oQhwxqjR5","previousCounter":0,"rootKey":"pl04reOv+vw/4+pNPPoP8aqSu24sMAd1qtSQxkkzF/E="},"indexInfo":{"baseKey":"BY6nDuDhDrku/KjSHZwVyc1utmLD612pNpM2Xumr98YV","baseKeyType":1,"closed":1763718476307,"used":1763718475614,"created":1763718475614,"remoteIdentityKey":"BXkfjysPG/LIA3DpX1cqI/cuHPx/fOmhiEstvJvsUM9m"},"_chains":{"BVlMzj9r66OmHkMuVyCdRktBqtJ5Oj2QS1pVans9IO8x":{"chainKey":{"counter":-1,"key":"DgR0Jx4ARQ5sKWHl+HgmYrrySO3EEmwUcD+TeifLY9g="},"chainType":1,"messageKeys":{}}},"pendingPreKey":{"signedKeyId":5,"baseKey":"BY6nDuDhDrku/KjSHZwVyc1utmLD612pNpM2Xumr98YV","preKeyId":6978351}},"BQMZ9/RccPzoEEDCDDwI1rNDTeWQV5ELatFO9K9wJl4C":{"registrationId":359186783,"currentRatchet":{"ephemeralKeyPair":{"pubKey":"BdlyGZDP5FYGAPa6tykj18KO+YQIbjrVDsrT8lKYPzEQ","privKey":"qOHHs4SJTI+pVKsvC9+pDFLYI4cfOipQxJb1nnnxNlk="},"lastRemoteEphemeralKey":"Bajy4HyK7+gK56TKdQr7B26BWWZq+exNP06oQhwxqjR5","previousCounter":0,"rootKey":"tbYnIPviX9xGchGf/ocOn1zJClv2jNFW9JCQfk9FqNU="},"indexInfo":{"baseKey":"BQMZ9/RccPzoEEDCDDwI1rNDTeWQV5ELatFO9K9wJl4C","baseKeyType":1,"closed":-1,"used":1763718476305,"created":1763718476305,"remoteIdentityKey":"BXkfjysPG/LIA3DpX1cqI/cuHPx/fOmhiEstvJvsUM9m"},"_chains":{"BdlyGZDP5FYGAPa6tykj18KO+YQIbjrVDsrT8lKYPzEQ":{"chainKey":{"counter":145,"key":"maiuACYd1w872SthYQ0dP0if1oz8SRLGKpsGXcJ4Zkg="},"chainType":1,"messageKeys":{}}},"pendingPreKey":{"signedKeyId":5,"baseKey":"BQMZ9/RccPzoEEDCDDwI1rNDTeWQV5ELatFO9K9wJl4C","preKeyId":6978377}}},"version":"v1"}