{"_sessions":{"BfYiQNRwzvuC1ZIoLxu/a3f7kmkq7lOqS1RS16PJD3sD":{"registrationId":201919046,"currentRatchet":{"ephemeralKeyPair":{"pubKey":"BWpLGyxsDYJSg4C3ZgPSrctbxo6pGZdxvsjQGTW72Ok8","privKey":"+LhJclc4Ml4nukG6fplmdIxgw/zXZR7SPLxx0PYaDGs="},"lastRemoteEphemeralKey":"BcY1RwBcekJAC+Db7zFVDWMIwKyXG90Bogoj3ftgWfh8","previousCounter":0,"rootKey":"CL12o4AZfjimZkqPIowna04cnrTgHi37ApjNe8gcG7s="},"indexInfo":{"baseKey":"BfYiQNRwzvuC1ZIoLxu/a3f7kmkq7lOqS1RS16PJD3sD","baseKeyType":1,"closed":1763718473023,"used":1763718472017,"created":1763718472017,"remoteIdentityKey":"BSleEzCNoqaBeZwD+5F89XequfFaKPrLVBpX+g/EkTNS"},"_chains":{"BWpLGyxsDYJSg4C3ZgPSrctbxo6pGZdxvsjQGTW72Ok8":{"chainKey":{"counter":-1,"key":"QCIJek0DCOZaiS2Ngb7oeOAuozNG5tISNeTrD9SF83U="},"chainType":1,"messageKeys":{}}},"pendingPreKey":{"signedKeyId":30,"baseKey":"BfYiQNRwzvuC1ZIoLxu/a3f7kmkq7lOqS1RS16PJD3sD","preKeyId":5898214}},"BSf6IwhhS6rRov/ShZY+doCz0eNqMl3p9lrcHHKsiasK":{"registrationId":201919046,"currentRatchet":{"ephemeralKeyPair":{"pubKey":"BY4dKTCwlL76RulySovJ1ashtiyU8Y1VoGlmNc471/hS","privKey":"aA68N1O8sTObkr+yLCRwA7lgOPsJRZ59I93SaZxObmA="},"lastRemoteEphemeralKey":"BcY1RwBcekJAC+Db7zFVDWMIwKyXG90Bogoj3ftgWfh8","previousCounter":0,"rootKey":"Xl/ldubfOLjW6m8+KzHYRHbdfIjSrO/DPek8T/SVc+M="},"indexInfo":{"baseKey":"BSf6IwhhS6rRov/ShZY+doCz0eNqMl3p9lrcHHKsiasK","baseKeyType":1,"closed":-1,"used":1763718473020,"created":1763718473020,"remoteIdentityKey":"BSleEzCNoqaBeZwD+5F89XequfFaKPrLVBpX+g/EkTNS"},"_chains":{"BY4dKTCwlL76RulySovJ1ashtiyU8Y1VoGlmNc471/hS":{"chainKey":{"counter":145,"key":"tZedD3inlUkd0jmgNBW38xpCGpzfdNb4bgFVbes/Vx4="},"chainType":1,"messageKeys":{}}},"pendingPreKey":{"signedKeyId":30,"baseKey":"BSf6IwhhS6rRov/ShZY+doCz0eNqMl3p9lrcHHKsiasK","preKeyId":5898152}}},"version":"v1"}