{"_sessions":{"BbAWquk9SuiT/Pivvhyxfo467Y2zZv5o3DM7jjTAGFAg":{"registrationId":826382115,"currentRatchet":{"ephemeralKeyPair":{"pubKey":"BXbC33SYgx2lh8pyLHXSxArc12NJ3C7RFV2lsgru7QlT","privKey":"sDcTidcRRKEc3TAoafTyj6hLP513GylK0+0YHib8rVw="},"lastRemoteEphemeralKey":"BZaxqNwJhE1o+u35LZ9M5byHH4Ae1tkl+qX5L6UrjdhO","previousCounter":0,"rootKey":"HUWzpmfuFiLq8ikf+fAoiB4FnhpkeBGkRlKrefXKLQ8="},"indexInfo":{"baseKey":"BbAWquk9SuiT/Pivvhyxfo467Y2zZv5o3DM7jjTAGFAg","baseKeyType":1,"closed":1763718471416,"used":1763718470181,"created":1763718470181,"remoteIdentityKey":"BUDn9fKjAywyoE6V9zKSp3b8uHtcnhXL23icY8V2JpIc"},"_chains":{"BXbC33SYgx2lh8pyLHXSxArc12NJ3C7RFV2lsgru7QlT":{"chainKey":{"counter":-1,"key":"vxecl4F/v2T1Vgnf752p5bcYP4HfSIyP5LD3j5Y4Q6Q="},"chainType":1,"messageKeys":{}}},"pendingPreKey":{"signedKeyId":6,"baseKey":"BbAWquk9SuiT/Pivvhyxfo467Y2zZv5o3DM7jjTAGFAg","preKeyId":1728781}},"BYaOhB/xvpPPhbBtv73IFmPd3RGRbPP+DuHvLcvs8l0X":{"registrationId":826382115,"currentRatchet":{"ephemeralKeyPair":{"pubKey":"BaKDvedRDUDAraxmZqLUvEfXxSqDNadmWH8659VCccxs","privKey":"CGFBGRT0MzxIcGJa9s1EhkccipONoKlNv/lZJzFgEH8="},"lastRemoteEphemeralKey":"BZaxqNwJhE1o+u35LZ9M5byHH4Ae1tkl+qX5L6UrjdhO","previousCounter":0,"rootKey":"LfXV8xT+ZsMIhS2OQseLL2xtOTSUbQxgR7S8IqR6074="},"indexInfo":{"baseKey":"BYaOhB/xvpPPhbBtv73IFmPd3RGRbPP+DuHvLcvs8l0X","baseKeyType":1,"closed":-1,"used":1763718471412,"created":1763718471412,"remoteIdentityKey":"BUDn9fKjAywyoE6V9zKSp3b8uHtcnhXL23icY8V2JpIc"},"_chains":{"BaKDvedRDUDAraxmZqLUvEfXxSqDNadmWH8659VCccxs":{"chainKey":{"counter":145,"key":"nxYRCfV+mjap9PxudZ8cKXra5Ynmsra3oSrc2whcTFk="},"chainType":1,"messageKeys":{}}},"pendingPreKey":{"signedKeyId":6,"baseKey":"BYaOhB/xvpPPhbBtv73IFmPd3RGRbPP+DuHvLcvs8l0X","preKeyId":1728558}}},"version":"v1"}