{"_sessions":{"BZo+F9C0OL+3sTCAbgfKQfBZjp3B9j0p5q4cgBDPn+ok":{"registrationId":66455084,"currentRatchet":{"ephemeralKeyPair":{"pubKey":"BQPoZsq6svyXVjdLk+16Q1IPaXSdNu3nJ65hDsLFGbYO","privKey":"IGIPX08GrP/A9xHyaqVN0p8ZFSJctksyZY3NHnrc+FU="},"lastRemoteEphemeralKey":"BZju4UcWuEYZcSNhdr+FcBsuLZTsO9bcXkG4iQvGtx9H","previousCounter":0,"rootKey":"NoBbYX8u5Er9l4zlKgkaZIKd9Zl8bvztt0EtJBsurEw="},"indexInfo":{"baseKey":"BZo+F9C0OL+3sTCAbgfKQfBZjp3B9j0p5q4cgBDPn+ok","baseKeyType":1,"closed":1763718481685,"used":1763718480961,"created":1763718480961,"remoteIdentityKey":"BQVAzCLs0rJohWCipbA3nClkvTaBCHFG2fD5Bcgze9s8"},"_chains":{"BQPoZsq6svyXVjdLk+16Q1IPaXSdNu3nJ65hDsLFGbYO":{"chainKey":{"counter":-1,"key":"IGh5imEQhvUZV7FMyHW0y9vZd0infnOXkvzXX/noaQ8="},"chainType":1,"messageKeys":{}}},"pendingPreKey":{"signedKeyId":8633485,"baseKey":"BZo+F9C0OL+3sTCAbgfKQfBZjp3B9j0p5q4cgBDPn+ok","preKeyId":15696324}},"BbKM4fJ9vh1UbopEaz7lr0yHfErQq8oOUbmejMicKhZ7":{"registrationId":66455084,"currentRatchet":{"ephemeralKeyPair":{"pubKey":"BXd3xfXBTUNqrRqXS4zQq0yNGMXhfIuMGyOV3NNJ51om","privKey":"4BX5vqcBUdRGxEs8UmXdXptCzr97ySfqpNB/moLq+WA="},"lastRemoteEphemeralKey":"BTV4NPhcF6MPN5spjQ5FIv5v+JtpJNPdr7Yrc2fQJI4f","previousCounter":3,"rootKey":"x6ouVeEZCA8QPlcEDv7VVSjDZf320Bs8wc7LbsOok4U="},"indexInfo":{"baseKey":"BbKM4fJ9vh1UbopEaz7lr0yHfErQq8oOUbmejMicKhZ7","baseKeyType":1,"closed":-1,"used":1763720859872,"created":1763718481683,"remoteIdentityKey":"BQVAzCLs0rJohWCipbA3nClkvTaBCHFG2fD5Bcgze9s8"},"_chains":{"BTV4NPhcF6MPN5spjQ5FIv5v+JtpJNPdr7Yrc2fQJI4f":{"chainKey":{"counter":0,"key":"ALziiCjBGlCkAvcMkrtP79de2oEoQpjgGNQEYCMfV5o="},"chainType":2,"messageKeys":{}},"BXd3xfXBTUNqrRqXS4zQq0yNGMXhfIuMGyOV3NNJ51om":{"chainKey":{"counter":141,"key":"gQu6xt+nzWs+kF5yNucvT7f8G2PUVVykjZvXMYtfDWM="},"chainType":1,"messageKeys":{}}}}},"version":"v1"}