{"_sessions":{"BY/sUSwCosOAmVU3KlHF1x0f6oNhTHfh+F1T17b2O/Us":{"registrationId":1176573732,"currentRatchet":{"ephemeralKeyPair":{"pubKey":"BawnpZJJ9W8Ys2fE4hSjptttmeSMz+yf7nUWUUYCOEwa","privKey":"0AxZa9XO63jgWf/qRIawfhKNwm1hbn3Iq8Iwfk1fMVc="},"lastRemoteEphemeralKey":"BY4xmPMQ8XEbo13gkilS6dvMo7Bu3+CCR8i0rWB6QLsU","previousCounter":0,"rootKey":"ZXe6USIPMBdZXHHg4Ewr4FOqfCnmzHWP/Q7gs+Qsxy4="},"indexInfo":{"baseKey":"BY/sUSwCosOAmVU3KlHF1x0f6oNhTHfh+F1T17b2O/Us","baseKeyType":1,"closed":1763718482037,"used":1763718481208,"created":1763718481208,"remoteIdentityKey":"BVJ1GL3NCKNS9wdvym99TGIIng1Gzsn2fAcjhwrBSf0W"},"_chains":{"BawnpZJJ9W8Ys2fE4hSjptttmeSMz+yf7nUWUUYCOEwa":{"chainKey":{"counter":-1,"key":"0b5XeSY3dbnfRGrPHKcTN5P0csVUouUSAW/45zDKL5Q="},"chainType":1,"messageKeys":{}}},"pendingPreKey":{"signedKeyId":3,"baseKey":"BY/sUSwCosOAmVU3KlHF1x0f6oNhTHfh+F1T17b2O/Us","preKeyId":8973033}},"BbRDF+oV9K8U7c0Jqe+MUCeVSZWAfRKCIsbBqac1YE0K":{"registrationId":1176573732,"currentRatchet":{"ephemeralKeyPair":{"pubKey":"BbBTfUaKlYTri0Y3fP9HGOaCN0S24kf4tTvaadfZhBFb","privKey":"OJSuHk1OpVJxtpeag5srV2xnnOH8cSQvTDG+6kc64kM="},"lastRemoteEphemeralKey":"BY4xmPMQ8XEbo13gkilS6dvMo7Bu3+CCR8i0rWB6QLsU","previousCounter":0,"rootKey":"QNBV1zN7Pd7y8Q/GETOBPuln2SzLPS++FmRTvbi4Cyc="},"indexInfo":{"baseKey":"BbRDF+oV9K8U7c0Jqe+MUCeVSZWAfRKCIsbBqac1YE0K","baseKeyType":1,"closed":-1,"used":1763718482034,"created":1763718482034,"remoteIdentityKey":"BVJ1GL3NCKNS9wdvym99TGIIng1Gzsn2fAcjhwrBSf0W"},"_chains":{"BbBTfUaKlYTri0Y3fP9HGOaCN0S24kf4tTvaadfZhBFb":{"chainKey":{"counter":145,"key":"e9faDMazz4D26t5y2/Sv/2FkaTJXEXcmrKyvACFKF80="},"chainType":1,"messageKeys":{}}},"pendingPreKey":{"signedKeyId":3,"baseKey":"BbRDF+oV9K8U7c0Jqe+MUCeVSZWAfRKCIsbBqac1YE0K","preKeyId":8973359}}},"version":"v1"}