{"_sessions":{"BYqSjmLAiWxqLbjXCbiIi3cm1bzWpb++h05TwM+5PLkW":{"registrationId":1152814944,"currentRatchet":{"ephemeralKeyPair":{"pubKey":"BfMSHdqjo6zKd8/KMbvO4DGjEK1Af/L+Scy9D2FzsYQS","privKey":"kILwyX2XahxVbES5y+uiTaYI8mPBOY8OLBdo85SrYVY="},"lastRemoteEphemeralKey":"BZ/KcBfPKDWfCmS73m6IiFa6/InmFUb15QTOZBuRmzhQ","previousCounter":0,"rootKey":"ZQyxHKkuekbAZH5ev1f2G941XrCy0aqY1r9eKK5Xu9k="},"indexInfo":{"baseKey":"BYqSjmLAiWxqLbjXCbiIi3cm1bzWpb++h05TwM+5PLkW","baseKeyType":1,"closed":1763718470754,"used":1763718469811,"created":1763718469811,"remoteIdentityKey":"BQ4VeBJQxDphsRULDVX2C+RWT8vQE08eGVujchDHLell"},"_chains":{"BfMSHdqjo6zKd8/KMbvO4DGjEK1Af/L+Scy9D2FzsYQS":{"chainKey":{"counter":-1,"key":"gDH7kwChBT281G2uoKkLr9iCjbtB2V7Aiv74OleIglg="},"chainType":1,"messageKeys":{}}},"pendingPreKey":{"signedKeyId":6,"baseKey":"BYqSjmLAiWxqLbjXCbiIi3cm1bzWpb++h05TwM+5PLkW","preKeyId":1522408}},"BR5VY9kqBNwOZooCEGIZ9IyjW4Y8bzOgiQkuv1M2anh6":{"registrationId":1152814944,"currentRatchet":{"ephemeralKeyPair":{"pubKey":"BWzsNUDqnURSKHssfg4Lz0zlq4S74hecD+e3NkmFXI9u","privKey":"6OaRfmqAsHpvS1jwokiXxxcIGP3oEiXMd0ShW9/M+Gc="},"lastRemoteEphemeralKey":"BZ/KcBfPKDWfCmS73m6IiFa6/InmFUb15QTOZBuRmzhQ","previousCounter":0,"rootKey":"fiZtGzwFe+3+F9z1w15Kj2yqXf0MfOO+0CvkG9A7iSg="},"indexInfo":{"baseKey":"BR5VY9kqBNwOZooCEGIZ9IyjW4Y8bzOgiQkuv1M2anh6","baseKeyType":1,"closed":-1,"used":1763718470751,"created":1763718470751,"remoteIdentityKey":"BQ4VeBJQxDphsRULDVX2C+RWT8vQE08eGVujchDHLell"},"_chains":{"BWzsNUDqnURSKHssfg4Lz0zlq4S74hecD+e3NkmFXI9u":{"chainKey":{"counter":145,"key":"X9IsY+BPiznl3mdpBbeZeUt5pDHImXkWH7rbdNOF1qA="},"chainType":1,"messageKeys":{}}},"pendingPreKey":{"signedKeyId":6,"baseKey":"BR5VY9kqBNwOZooCEGIZ9IyjW4Y8bzOgiQkuv1M2anh6","preKeyId":1521923}}},"version":"v1"}