{"_sessions":{"Bcyib//bwKlQRdjkzq5ExZaoJmbBCRa2MF2/iyG7QBMs":{"registrationId":1074769676,"currentRatchet":{"ephemeralKeyPair":{"pubKey":"BUKA3vhSFRhObbSM173d3paw27m7PETbvGxyw85mjsYE","privKey":"UJnSBGGffWwSoxnRASgbUBPmkCy/Oo/gxsf2wVy7c1c="},"lastRemoteEphemeralKey":"BUkedYH/tC/N7z3KvFqAnagUxkJdgdvD1OLEKauLAH0i","previousCounter":0,"rootKey":"cluaVMp4confrHUS2zQK8cwFOcC+LoRsK1XQgePUJdw="},"indexInfo":{"baseKey":"Bcyib//bwKlQRdjkzq5ExZaoJmbBCRa2MF2/iyG7QBMs","baseKeyType":1,"closed":1763718471266,"used":1763718470104,"created":1763718470104,"remoteIdentityKey":"Ba9F+00xdys2TXhSX3/gkM9zAyBDuDZldTtYqeqPd8MD"},"_chains":{"BUKA3vhSFRhObbSM173d3paw27m7PETbvGxyw85mjsYE":{"chainKey":{"counter":-1,"key":"nbaZYZyWtEqL2iLYqo95LWRH2e1ycVnpyA2OPXII39o="},"chainType":1,"messageKeys":{}}},"pendingPreKey":{"signedKeyId":6,"baseKey":"Bcyib//bwKlQRdjkzq5ExZaoJmbBCRa2MF2/iyG7QBMs","preKeyId":11409892}},"BSfDXIU6N7bqCKJ9uDH8odZ57Y0MBIi3ATQg5MmhosBE":{"registrationId":1074769676,"currentRatchet":{"ephemeralKeyPair":{"pubKey":"BY48gHVRQ8T7nykR7QuEVzxaAEUc/BNAxCT+l0AC70t5","privKey":"WI5yE+FjkFv/jyuS/HPFd2bDoD4TImz+QbZLhkTB03Q="},"lastRemoteEphemeralKey":"BUkedYH/tC/N7z3KvFqAnagUxkJdgdvD1OLEKauLAH0i","previousCounter":0,"rootKey":"edX8d+rXKIHu7zCkGNUCEAc72U1X37oP0gfnWtv1ZAI="},"indexInfo":{"baseKey":"BSfDXIU6N7bqCKJ9uDH8odZ57Y0MBIi3ATQg5MmhosBE","baseKeyType":1,"closed":-1,"used":1763718471263,"created":1763718471263,"remoteIdentityKey":"Ba9F+00xdys2TXhSX3/gkM9zAyBDuDZldTtYqeqPd8MD"},"_chains":{"BY48gHVRQ8T7nykR7QuEVzxaAEUc/BNAxCT+l0AC70t5":{"chainKey":{"counter":145,"key":"FaRPmzFRm+YkO/o/Vl16tM8FDbuygDfqKZyOwV46ORU="},"chainType":1,"messageKeys":{}}},"pendingPreKey":{"signedKeyId":6,"baseKey":"BSfDXIU6N7bqCKJ9uDH8odZ57Y0MBIi3ATQg5MmhosBE","preKeyId":11411444}}},"version":"v1"}