{"_sessions":{"BYhoR/5W3c0YmetudO8bxAo0l/XCT8oHW7o6LwXdBl8y":{"registrationId":1232167561,"currentRatchet":{"ephemeralKeyPair":{"pubKey":"BWPkiChWntdeXhjlaq69nUPc9nqxCk+FlmpzW0YxxHlv","privKey":"GKeV95JDoyjYjnD86gyFCwtfgO90vLDh0Bc/ra2ncmU="},"lastRemoteEphemeralKey":"BeVPCX6KfMkTvF31vpTTjxDAYPo2iajkbk+/ecyH3xAG","previousCounter":0,"rootKey":"xuxWhJKS0WSIhMf4JUb0Utwnb2zAIalsjPyaim3K54A="},"indexInfo":{"baseKey":"BYhoR/5W3c0YmetudO8bxAo0l/XCT8oHW7o6LwXdBl8y","baseKeyType":1,"closed":1763718470955,"used":1763718469923,"created":1763718469923,"remoteIdentityKey":"BXZb4welH6vzkqaaX2aaNGLtpOwREGIz+kKPwWk4Qz8t"},"_chains":{"BWPkiChWntdeXhjlaq69nUPc9nqxCk+FlmpzW0YxxHlv":{"chainKey":{"counter":-1,"key":"jTZsX/CmIUToqcMiyC1rIxO/GwrdwbEPpVPQLsAzhug="},"chainType":1,"messageKeys":{}}},"pendingPreKey":{"signedKeyId":6,"baseKey":"BYhoR/5W3c0YmetudO8bxAo0l/XCT8oHW7o6LwXdBl8y","preKeyId":1074288}},"BXFcR4N/r1aOEmARjwLE6EH0ayMCQ2FB8ZHnqe24Qr9g":{"registrationId":1232167561,"currentRatchet":{"ephemeralKeyPair":{"pubKey":"BT/Lr0nRFJF5C+dzohHfkJG89vGupUeVqUnSAVqgF1NL","privKey":"iIDQjCft+2DwAHqe9hcmkaWSLETpoVdwZV0kXQ427nk="},"lastRemoteEphemeralKey":"BeVPCX6KfMkTvF31vpTTjxDAYPo2iajkbk+/ecyH3xAG","previousCounter":0,"rootKey":"FvFNu04cC6esCKzBNVkA/S6JRpvflNT70hjbRbAOiT8="},"indexInfo":{"baseKey":"BXFcR4N/r1aOEmARjwLE6EH0ayMCQ2FB8ZHnqe24Qr9g","baseKeyType":1,"closed":-1,"used":1763718470952,"created":1763718470952,"remoteIdentityKey":"BXZb4welH6vzkqaaX2aaNGLtpOwREGIz+kKPwWk4Qz8t"},"_chains":{"BT/Lr0nRFJF5C+dzohHfkJG89vGupUeVqUnSAVqgF1NL":{"chainKey":{"counter":145,"key":"L+koTrVFOU0rrIm21Gwhsb4lY2voWiLz9w/3mV208PM="},"chainType":1,"messageKeys":{}}},"pendingPreKey":{"signedKeyId":6,"baseKey":"BXFcR4N/r1aOEmARjwLE6EH0ayMCQ2FB8ZHnqe24Qr9g","preKeyId":1074259}}},"version":"v1"}