{"_sessions":{"BRS+TN4dPUsPFc+Mbg9Gw2RSgjxGyioT8Jp9gvp/1Vd/":{"registrationId":2034782842,"currentRatchet":{"ephemeralKeyPair":{"pubKey":"BSTTQKR8mE7MfgipuauwCsrwq5v7Po9q5okFY+a5DUdf","privKey":"6FNR3mByIdN67eiviajb6oopuBuTg2coi0WZXyzwu2c="},"lastRemoteEphemeralKey":"BZYVZHFvCW3tu8wDNCp0/zjFdK9A07yb7fM0sIhhO5Qu","previousCounter":0,"rootKey":"+ur03C7ainuANGZbdvrT+6L4pn8bJBiZeaaiKD5k6Zk="},"indexInfo":{"baseKey":"BRS+TN4dPUsPFc+Mbg9Gw2RSgjxGyioT8Jp9gvp/1Vd/","baseKeyType":1,"closed":1763718472699,"used":1763718471811,"created":1763718471811,"remoteIdentityKey":"BT9tHpAEidvJwbsR1brGxqCsWAm+hQm+v54K8LxAFgIq"},"_chains":{"BSTTQKR8mE7MfgipuauwCsrwq5v7Po9q5okFY+a5DUdf":{"chainKey":{"counter":-1,"key":"/P42Uy3kOET6qybo81llDnM83B/ZUr68j7CagKzQARw="},"chainType":1,"messageKeys":{}}},"pendingPreKey":{"signedKeyId":3,"baseKey":"BRS+TN4dPUsPFc+Mbg9Gw2RSgjxGyioT8Jp9gvp/1Vd/"}},"BZzHvbEFLcKJtvG027BMxyetmMkgn2dEEx0yGT+4G9t6":{"registrationId":2034782842,"currentRatchet":{"ephemeralKeyPair":{"pubKey":"Beejtwz65thI60SwLeGZ3B8LCTyqnEUgOgdSJOrNv3Ui","privKey":"8OLGkFnj2DMec2/Dg/MjuSLsp1PFyrBZcI1yyDrsfkQ="},"lastRemoteEphemeralKey":"BZYVZHFvCW3tu8wDNCp0/zjFdK9A07yb7fM0sIhhO5Qu","previousCounter":0,"rootKey":"qqtxzB+/a4QrKCQYDzXJV3v0tbK6Qn89SiWk8F96irw="},"indexInfo":{"baseKey":"BZzHvbEFLcKJtvG027BMxyetmMkgn2dEEx0yGT+4G9t6","baseKeyType":1,"closed":-1,"used":1763718472696,"created":1763718472696,"remoteIdentityKey":"BT9tHpAEidvJwbsR1brGxqCsWAm+hQm+v54K8LxAFgIq"},"_chains":{"Beejtwz65thI60SwLeGZ3B8LCTyqnEUgOgdSJOrNv3Ui":{"chainKey":{"counter":145,"key":"zuccVlnT17i97OP+BvK9TZU2pAPb8Ok8x93BnhpQ+ng="},"chainType":1,"messageKeys":{}}},"pendingPreKey":{"signedKeyId":3,"baseKey":"BZzHvbEFLcKJtvG027BMxyetmMkgn2dEEx0yGT+4G9t6"}}},"version":"v1"}