{"_sessions":{"BbozRmYyqQwN6u4T5LG0xwE2cK61gSTlMIqSjMw6+IhY":{"registrationId":714895082,"currentRatchet":{"ephemeralKeyPair":{"pubKey":"BXwo1hyLvOZaQJOYRWKBLduTw2D/DOj02k6sRQcyhYAu","privKey":"4MibAKIp9zwDfgTWWKaLDe1aedYuayF4Ha7xYb56cmM="},"lastRemoteEphemeralKey":"BU3Q4uU2qVxhD7cHlNWDeuBMgIkQ2+JsjxYdRAEnbgls","previousCounter":0,"rootKey":"PeeyG0rFL+97ij864CFZhYzckd2ANDeaXBoi1wzaqlI="},"indexInfo":{"baseKey":"BbozRmYyqQwN6u4T5LG0xwE2cK61gSTlMIqSjMw6+IhY","baseKeyType":1,"closed":1763718475139,"used":1763718474125,"created":1763718474125,"remoteIdentityKey":"BYubyQT4ufZ/Cp09JdrQzC6QUHvBYITpKzM46dNBbLd8"},"_chains":{"BXwo1hyLvOZaQJOYRWKBLduTw2D/DOj02k6sRQcyhYAu":{"chainKey":{"counter":-1,"key":"YZxkz9v9BFw/ErlAfsk5INNZET/bkVyjW4hTqTgxZaU="},"chainType":1,"messageKeys":{}}},"pendingPreKey":{"signedKeyId":21,"baseKey":"BbozRmYyqQwN6u4T5LG0xwE2cK61gSTlMIqSjMw6+IhY","preKeyId":1603345}},"BQPyLnNM8kkalMUHBPoxcN01c90mUiHuHw3AcwIu8UhW":{"registrationId":714895082,"currentRatchet":{"ephemeralKeyPair":{"pubKey":"BZD4V2wjh6GqbHTAVHBh9AuU0e/u8xtPTQKn1K+L8opX","privKey":"CP+kdNoQUoRVCJUj8czfvmDKTTaW7GgY0x2l8jbKWlc="},"lastRemoteEphemeralKey":"BU3Q4uU2qVxhD7cHlNWDeuBMgIkQ2+JsjxYdRAEnbgls","previousCounter":0,"rootKey":"GwgR9GK7pTlm/lUpMG3hhpUI/tHFzW1QUsu3A81H3bU="},"indexInfo":{"baseKey":"BQPyLnNM8kkalMUHBPoxcN01c90mUiHuHw3AcwIu8UhW","baseKeyType":1,"closed":-1,"used":1763718475136,"created":1763718475136,"remoteIdentityKey":"BYubyQT4ufZ/Cp09JdrQzC6QUHvBYITpKzM46dNBbLd8"},"_chains":{"BZD4V2wjh6GqbHTAVHBh9AuU0e/u8xtPTQKn1K+L8opX":{"chainKey":{"counter":145,"key":"bXmLpCUDEuTH5q0bY8MsygxqgHYdrH64iVuuXYCOkM0="},"chainType":1,"messageKeys":{}}},"pendingPreKey":{"signedKeyId":21,"baseKey":"BQPyLnNM8kkalMUHBPoxcN01c90mUiHuHw3AcwIu8UhW","preKeyId":1602727}}},"version":"v1"}