{"_sessions":{"BdCk0nk6SbLlCg5x2IfT2ITvLgtTB+Gmy5gs+/1SCkgd":{"registrationId":1665252595,"currentRatchet":{"ephemeralKeyPair":{"pubKey":"BXqXz9WbePMqY+c+86zeuNITrBeSMReKfcF6p9+OeVE4","privKey":"YO/h4z39KwwaO9mlJMDZC/Vpir+SMRs1A0dibB24Dk8="},"lastRemoteEphemeralKey":"BdyVeatbJYsxJjtSOWTx08sqG5ckVjhTbgeYPnHv1lph","previousCounter":0,"rootKey":"huoVBV/LX8Ku6TJ5C0NsSB+3WuT+pu/Yth6MnyVE8OI="},"indexInfo":{"baseKey":"BdCk0nk6SbLlCg5x2IfT2ITvLgtTB+Gmy5gs+/1SCkgd","baseKeyType":1,"closed":1763718472821,"used":1763718471893,"created":1763718471893,"remoteIdentityKey":"BQ4HOCZuPr3gUiWHNeEIMpP+HDcCnR9wvy0x8cLeJGJN"},"_chains":{"BXqXz9WbePMqY+c+86zeuNITrBeSMReKfcF6p9+OeVE4":{"chainKey":{"counter":-1,"key":"Zi+WvYxuX6lPza6Mh4lEdkSlHX9EQjyJeaLXDb/x6uc="},"chainType":1,"messageKeys":{}}},"pendingPreKey":{"signedKeyId":8,"baseKey":"BdCk0nk6SbLlCg5x2IfT2ITvLgtTB+Gmy5gs+/1SCkgd","preKeyId":2256306}},"BTEKDEJ2weuIYeaI0JtMI1Dnk/BUGwH1YR/AI+c11GQI":{"registrationId":1665252595,"currentRatchet":{"ephemeralKeyPair":{"pubKey":"BVKpVM/gyQNm804fWR6mqxqaSRYE9zoS0NA852mVyKcy","privKey":"cCQqVKj8XDWCgr8zz42uH5OAa28BZMfeCfmh5iaJ/mQ="},"lastRemoteEphemeralKey":"BdyVeatbJYsxJjtSOWTx08sqG5ckVjhTbgeYPnHv1lph","previousCounter":0,"rootKey":"3IG1TP+kLjGpHww0axUSl0qa6hWangrn8U1Sb13ndJ8="},"indexInfo":{"baseKey":"BTEKDEJ2weuIYeaI0JtMI1Dnk/BUGwH1YR/AI+c11GQI","baseKeyType":1,"closed":-1,"used":1763718472818,"created":1763718472818,"remoteIdentityKey":"BQ4HOCZuPr3gUiWHNeEIMpP+HDcCnR9wvy0x8cLeJGJN"},"_chains":{"BVKpVM/gyQNm804fWR6mqxqaSRYE9zoS0NA852mVyKcy":{"chainKey":{"counter":145,"key":"y/FLkYRZVLsoUXAqGx5ZNak27c3dvaxBUO0RLCczpks="},"chainType":1,"messageKeys":{}}},"pendingPreKey":{"signedKeyId":8,"baseKey":"BTEKDEJ2weuIYeaI0JtMI1Dnk/BUGwH1YR/AI+c11GQI","preKeyId":2256150}}},"version":"v1"}