{"_sessions":{"BQi/DlOSQcDvXv5Kv0jyk2AEgDwBXobaq/T7PO8YTHUv":{"registrationId":784101961,"currentRatchet":{"ephemeralKeyPair":{"pubKey":"BUduSyC9KlV+/VE8In7hCZiGZVEmEWfGR68lGddQvjYt","privKey":"2A9YVNszvbuR2lHR7ttTQh3XcYFxP55P1yb/FlrwEnE="},"lastRemoteEphemeralKey":"BfzEAieKyDUkuKQFJprK0mwOLuedoB3Wo+0k6/snEM8d","previousCounter":0,"rootKey":"rzN9xsgfFl4IUg7+08bxfZ7OQq43qZBt+nJ8TjU5fqY="},"indexInfo":{"baseKey":"BQi/DlOSQcDvXv5Kv0jyk2AEgDwBXobaq/T7PO8YTHUv","baseKeyType":1,"closed":1763718479856,"used":1763718479056,"created":1763718479056,"remoteIdentityKey":"BTZlPUCE0Cr+X63wDjur9KzVuhuDjMKuxipvZ3QgpNcM"},"_chains":{"BUduSyC9KlV+/VE8In7hCZiGZVEmEWfGR68lGddQvjYt":{"chainKey":{"counter":-1,"key":"yPGapKgNmc8Z6fLuCT/UC6ifQUJY1Fm0h5Ynl5B4pPI="},"chainType":1,"messageKeys":{}}},"pendingPreKey":{"signedKeyId":5,"baseKey":"BQi/DlOSQcDvXv5Kv0jyk2AEgDwBXobaq/T7PO8YTHUv","preKeyId":12921410}},"BWNbmtxf+4PkDPUbw1fqItxCO465ePWYGIhyeq8KwZBw":{"registrationId":784101961,"currentRatchet":{"ephemeralKeyPair":{"pubKey":"BTgssGjeDaAzd3O7PEtU67HebPur93l4rL9AWkmhTiQM","privKey":"CDzGOoj1YICwLyt/OL0wortq0Sz07MTGjvEGfdaa/Uk="},"lastRemoteEphemeralKey":"BfzEAieKyDUkuKQFJprK0mwOLuedoB3Wo+0k6/snEM8d","previousCounter":0,"rootKey":"QEc7mvIid90GxIpF09OlJG8darzD5kgzj+1eNVV/SWo="},"indexInfo":{"baseKey":"BWNbmtxf+4PkDPUbw1fqItxCO465ePWYGIhyeq8KwZBw","baseKeyType":1,"closed":-1,"used":1763718479853,"created":1763718479853,"remoteIdentityKey":"BTZlPUCE0Cr+X63wDjur9KzVuhuDjMKuxipvZ3QgpNcM"},"_chains":{"BTgssGjeDaAzd3O7PEtU67HebPur93l4rL9AWkmhTiQM":{"chainKey":{"counter":145,"key":"wx1Kevsstn1/VoJEh1MSEPa52dHueaizXPR2OsncLc4="},"chainType":1,"messageKeys":{}}},"pendingPreKey":{"signedKeyId":5,"baseKey":"BWNbmtxf+4PkDPUbw1fqItxCO465ePWYGIhyeq8KwZBw","preKeyId":12921987}}},"version":"v1"}