{"_sessions":{"BQePDQ9U9E6AX2ndws3/i7bv05XZBsaNxmFSv6I90kQY":{"registrationId":19284629,"currentRatchet":{"ephemeralKeyPair":{"pubKey":"BfAs30fj0ZYJ5LNbKzHH3nlpEo951+v8oiBpRhq2D3ow","privKey":"2O24U/1goehiezjyXSd9EvB8d3EqRZpNMg4SNB6wgFc="},"lastRemoteEphemeralKey":"BegqHVYt+ztr9R4zrA9ETSe71JOjk/2pVf+vGSW4N2gQ","previousCounter":0,"rootKey":"saW36udyOFd5R1pYnyA/SWnRLYeFay2q4vlBvvvd8BY="},"indexInfo":{"baseKey":"BQePDQ9U9E6AX2ndws3/i7bv05XZBsaNxmFSv6I90kQY","baseKeyType":1,"closed":1763718471446,"used":1763718470201,"created":1763718470201,"remoteIdentityKey":"BQSOFCKwL9F59D1qJynmVLq+7fpau3em9wC0PjCu/NVd"},"_chains":{"BfAs30fj0ZYJ5LNbKzHH3nlpEo951+v8oiBpRhq2D3ow":{"chainKey":{"counter":-1,"key":"bm/KRiMaWsQ2UuflbATy5i6H1+1eUmVNifrZyfAdt4k="},"chainType":1,"messageKeys":{}}},"pendingPreKey":{"signedKeyId":4,"baseKey":"BQePDQ9U9E6AX2ndws3/i7bv05XZBsaNxmFSv6I90kQY","preKeyId":11053628}},"BS//o0k3V3CSVMJ/FxsMT/DOb5juMjrsyeOdStjfck8d":{"registrationId":19284629,"currentRatchet":{"ephemeralKeyPair":{"pubKey":"BfV1478QrHeSwLv5UumtK5ACVTId4rXUuaiiXbtowvgC","privKey":"QLVHcLf8JLEXeqqDwuQc7Jvvz/7lA6oOqh28VtYhB34="},"lastRemoteEphemeralKey":"BegqHVYt+ztr9R4zrA9ETSe71JOjk/2pVf+vGSW4N2gQ","previousCounter":0,"rootKey":"Ip02FagimG+ULh7In9i08pohI1WO8T8BOpMlnpA2XJM="},"indexInfo":{"baseKey":"BS//o0k3V3CSVMJ/FxsMT/DOb5juMjrsyeOdStjfck8d","baseKeyType":1,"closed":-1,"used":1763718471443,"created":1763718471443,"remoteIdentityKey":"BQSOFCKwL9F59D1qJynmVLq+7fpau3em9wC0PjCu/NVd"},"_chains":{"BfV1478QrHeSwLv5UumtK5ACVTId4rXUuaiiXbtowvgC":{"chainKey":{"counter":145,"key":"9sPoNc+EPWEV9PxZZI8oRXF4QSzIaJ2oQE6f8oeX8c8="},"chainType":1,"messageKeys":{}}},"pendingPreKey":{"signedKeyId":4,"baseKey":"BS//o0k3V3CSVMJ/FxsMT/DOb5juMjrsyeOdStjfck8d","preKeyId":11053716}}},"version":"v1"}