{"_sessions":{"BekfNDfLeBgz0Xy8YC0THr6307ybPhpBcL9YZ4shEcsK":{"registrationId":1675708812,"currentRatchet":{"ephemeralKeyPair":{"pubKey":"BckNAJJr6LIe+gOjmrgKZxUsnqAwCCwOffcj6GUFi08Y","privKey":"sMosz7RyxOSbYBvH0sDPyItyI0GpgEiKawHA0dxXaGs="},"lastRemoteEphemeralKey":"BUL9k/PA6tak1hF0QR9DsAAi74tqw83tgZpQpxYAq4pr","previousCounter":0,"rootKey":"1j2KyXzUfMhqeP5GkX4SoMHrsURQLMhR99/Gl5yUA/0="},"indexInfo":{"baseKey":"BekfNDfLeBgz0Xy8YC0THr6307ybPhpBcL9YZ4shEcsK","baseKeyType":1,"closed":1763718473304,"used":1763718472164,"created":1763718472164,"remoteIdentityKey":"BfDXwuTAcGktqH9JxSPdbwOlZzfweqFluI5ah85A14Ii"},"_chains":{"BckNAJJr6LIe+gOjmrgKZxUsnqAwCCwOffcj6GUFi08Y":{"chainKey":{"counter":-1,"key":"fV3RDcNqWgfnc7dHPKVPG57I+S8pB6OIRHQ3SsXqv6U="},"chainType":1,"messageKeys":{}}},"pendingPreKey":{"signedKeyId":8519354,"baseKey":"BekfNDfLeBgz0Xy8YC0THr6307ybPhpBcL9YZ4shEcsK","preKeyId":13841809}},"BU3s5dJ37Koa3V4m330bvhjn6zhBRH30JsklHZ11E98x":{"registrationId":1675708812,"currentRatchet":{"ephemeralKeyPair":{"pubKey":"BbS/enBdZND1njaaTW910npgSgvZGIJiCprPHVezM78h","privKey":"6ODYcMO7GpCfgADAlsiQTjFy6JM8mkm5fvxHk/BoyHU="},"lastRemoteEphemeralKey":"BUL9k/PA6tak1hF0QR9DsAAi74tqw83tgZpQpxYAq4pr","previousCounter":0,"rootKey":"5QViEgEChUK08vTiyF2ov7IlmlzZeABMGer3fj7JUsU="},"indexInfo":{"baseKey":"BU3s5dJ37Koa3V4m330bvhjn6zhBRH30JsklHZ11E98x","baseKeyType":1,"closed":-1,"used":1763718473298,"created":1763718473298,"remoteIdentityKey":"BfDXwuTAcGktqH9JxSPdbwOlZzfweqFluI5ah85A14Ii"},"_chains":{"BbS/enBdZND1njaaTW910npgSgvZGIJiCprPHVezM78h":{"chainKey":{"counter":145,"key":"a4fRpHvS011wj7vcMv2JhNhVisKrqNcpRQfJ5y5HZLg="},"chainType":1,"messageKeys":{}}},"pendingPreKey":{"signedKeyId":8519354,"baseKey":"BU3s5dJ37Koa3V4m330bvhjn6zhBRH30JsklHZ11E98x","preKeyId":13841775}}},"version":"v1"}