{"_sessions":{"BTvTOp0z4IHKIi5A0ww99yHsiL2MdvZxADdauZKqU5Uk":{"registrationId":1154885257,"currentRatchet":{"ephemeralKeyPair":{"pubKey":"BU2t+SAluJRVx3jSUBo5nAFMmY94Kv5cSzUfL1NwJsQo","privKey":"uDJHh4HLToV+CAw03bVUQVtCo3p/fMLTjUW75u1BUHo="},"lastRemoteEphemeralKey":"BeMDz0EMLIQDLoCjzJB+Ic+bj6KcIiR8Vw3SWCzzwPlH","previousCounter":0,"rootKey":"1sqWtzBXYuoaxdQL/hMdzN2Dd6VJQLsDeQNu4GUqHH4="},"indexInfo":{"baseKey":"BTvTOp0z4IHKIi5A0ww99yHsiL2MdvZxADdauZKqU5Uk","baseKeyType":1,"closed":1763718472994,"used":1763718471993,"created":1763718471993,"remoteIdentityKey":"BcdtakkiZlpWG5xLYjzgsiKeE5rjYzFawAp82QvEG0gq"},"_chains":{"BU2t+SAluJRVx3jSUBo5nAFMmY94Kv5cSzUfL1NwJsQo":{"chainKey":{"counter":-1,"key":"gpqbwDg9kpd4NZGomP7a/15ycJBOFCD6OxTdhED+eNA="},"chainType":1,"messageKeys":{}}},"pendingPreKey":{"signedKeyId":25,"baseKey":"BTvTOp0z4IHKIi5A0ww99yHsiL2MdvZxADdauZKqU5Uk","preKeyId":9498951}},"Bd3xi3HImT8TxaE3nQj29xaz8r0BxqhbYOccFCu54J0l":{"registrationId":1154885257,"currentRatchet":{"ephemeralKeyPair":{"pubKey":"Be8+sMEHywflgignnjqRUi2DK4UMwSp/9zZ9iCjfAU0X","privKey":"iJd3TA2lCCF6Jn1MB0DVX/JdncXsyD7O9h4lM1aF/3c="},"lastRemoteEphemeralKey":"BeMDz0EMLIQDLoCjzJB+Ic+bj6KcIiR8Vw3SWCzzwPlH","previousCounter":0,"rootKey":"tDkecHL/vANF5Ve4Akaar/brvHE0kqkZrnNreVH3tmA="},"indexInfo":{"baseKey":"Bd3xi3HImT8TxaE3nQj29xaz8r0BxqhbYOccFCu54J0l","baseKeyType":1,"closed":-1,"used":1763718472991,"created":1763718472991,"remoteIdentityKey":"BcdtakkiZlpWG5xLYjzgsiKeE5rjYzFawAp82QvEG0gq"},"_chains":{"Be8+sMEHywflgignnjqRUi2DK4UMwSp/9zZ9iCjfAU0X":{"chainKey":{"counter":145,"key":"FEYche+LqLIgqV8uLyuCsWIZLeMIvvtT7WO6dC9Oinw="},"chainType":1,"messageKeys":{}}},"pendingPreKey":{"signedKeyId":25,"baseKey":"Bd3xi3HImT8TxaE3nQj29xaz8r0BxqhbYOccFCu54J0l","preKeyId":9498854}}},"version":"v1"}