{"_sessions":{"BaQKvRmnUStiDvds8L/UtlLJq8xQJpOOodtlPiXKZrNT":{"registrationId":1563227167,"currentRatchet":{"ephemeralKeyPair":{"pubKey":"BRvNLmPdQbX76j4GL0bOPVedZpWozUrbXluFNPwPJSkW","privKey":"UKbH0tw5fKrl/pvJ/e4KfBvT2yEyACVb/FsgvSdbKXY="},"lastRemoteEphemeralKey":"Bd/eiUv5q2leDxy/dJ12JGSXPHKFxYor95rcLRPQ5noy","previousCounter":0,"rootKey":"2T0qS12hoqCobdvDOgn2ecILCCdjvBvaVqNM36RY7+A="},"indexInfo":{"baseKey":"BaQKvRmnUStiDvds8L/UtlLJq8xQJpOOodtlPiXKZrNT","baseKeyType":1,"closed":1763718478031,"used":1763718477252,"created":1763718477252,"remoteIdentityKey":"BYj48I9iPewcLNrN9CuPKfdBxHI3AiQuVlp3xsnjpeFA"},"_chains":{"BRvNLmPdQbX76j4GL0bOPVedZpWozUrbXluFNPwPJSkW":{"chainKey":{"counter":-1,"key":"gedr8Np8FhGt+4X1STmsQhlgV4Xrkbkn+WfWzl9gXOA="},"chainType":1,"messageKeys":{}}},"pendingPreKey":{"signedKeyId":8,"baseKey":"BaQKvRmnUStiDvds8L/UtlLJq8xQJpOOodtlPiXKZrNT","preKeyId":16383055}},"BdiC/9b0zM+xXif9Ci9K5mgR0MKyHm3tg7SryMN1lk0W":{"registrationId":1563227167,"currentRatchet":{"ephemeralKeyPair":{"pubKey":"BQEZLBcgMAXQSzmwR+rfoEg2DiKO9x2H2cgLYi1w2l1j","privKey":"gE/X9IgAHiiYZtNSomqbxU0NGJCYSkroFli+jqCixng="},"lastRemoteEphemeralKey":"Bd/eiUv5q2leDxy/dJ12JGSXPHKFxYor95rcLRPQ5noy","previousCounter":0,"rootKey":"JHvH/e9iRPljE2y5PHoOTwa/k4l6tM99Z2RNz+VH3Nc="},"indexInfo":{"baseKey":"BdiC/9b0zM+xXif9Ci9K5mgR0MKyHm3tg7SryMN1lk0W","baseKeyType":1,"closed":-1,"used":1763718478028,"created":1763718478028,"remoteIdentityKey":"BYj48I9iPewcLNrN9CuPKfdBxHI3AiQuVlp3xsnjpeFA"},"_chains":{"BQEZLBcgMAXQSzmwR+rfoEg2DiKO9x2H2cgLYi1w2l1j":{"chainKey":{"counter":145,"key":"5asii4c2eD2uKx5zCXR2W1dE58eafvwWvNRIzyGJ1Qw="},"chainType":1,"messageKeys":{}}},"pendingPreKey":{"signedKeyId":8,"baseKey":"BdiC/9b0zM+xXif9Ci9K5mgR0MKyHm3tg7SryMN1lk0W","preKeyId":16382511}}},"version":"v1"}