{"_sessions":{"BSOhBBUwG3wgCLWXUm4sJGyk0wXZoMlyh2Ah80NP/WRv":{"registrationId":1440540398,"currentRatchet":{"ephemeralKeyPair":{"pubKey":"BY6br3k4G0Rs0NTp0xGgkZZGBQeFa2Rpj/jVFiWXbS5u","privKey":"0OOAQCB74JXZkTffyLBmpxpfIKSWrmydV6F0H4DH/Xg="},"lastRemoteEphemeralKey":"BQorc+/BuVGHW2dWj6kr7K+urKWpsFE1gJRkZp5sitBi","previousCounter":0,"rootKey":"nb07fjDzWDBsMtCdIO6CxfhSnbiZd7IUqTy2X5RqaH4="},"indexInfo":{"baseKey":"BSOhBBUwG3wgCLWXUm4sJGyk0wXZoMlyh2Ah80NP/WRv","baseKeyType":1,"closed":1763718476606,"used":1763718475796,"created":1763718475796,"remoteIdentityKey":"BV9nuZurUwCk3RvkL5+PF4tYGwxpi+04r9Rqk6RLfV54"},"_chains":{"BY6br3k4G0Rs0NTp0xGgkZZGBQeFa2Rpj/jVFiWXbS5u":{"chainKey":{"counter":-1,"key":"EudfGf8TeE0piZsqEl3rBKT72oKQiJFm+77s8hycSRg="},"chainType":1,"messageKeys":{}}},"pendingPreKey":{"signedKeyId":11,"baseKey":"BSOhBBUwG3wgCLWXUm4sJGyk0wXZoMlyh2Ah80NP/WRv","preKeyId":9863870}},"BWzVvzw0kqV1hbQaB5YZLaCo0HnK26Pd1V0ZarcsNUol":{"registrationId":1440540398,"currentRatchet":{"ephemeralKeyPair":{"pubKey":"BeBraJKBZ6OE4EHLJd5bCzmHMSMa2qFwwuvT8KY/Ywt4","privKey":"SIXs3Fp8G4jsC7gSa44XTI5tBwuj+JbZK0XaVzfinHc="},"lastRemoteEphemeralKey":"BQorc+/BuVGHW2dWj6kr7K+urKWpsFE1gJRkZp5sitBi","previousCounter":0,"rootKey":"7z8bUFV8kTGZwLtxOAa398eiYnaWTBxGWUrdikq7nmM="},"indexInfo":{"baseKey":"BWzVvzw0kqV1hbQaB5YZLaCo0HnK26Pd1V0ZarcsNUol","baseKeyType":1,"closed":-1,"used":1763718476604,"created":1763718476604,"remoteIdentityKey":"BV9nuZurUwCk3RvkL5+PF4tYGwxpi+04r9Rqk6RLfV54"},"_chains":{"BeBraJKBZ6OE4EHLJd5bCzmHMSMa2qFwwuvT8KY/Ywt4":{"chainKey":{"counter":145,"key":"zU9F7XI4JidySVh5PoxP72WOte7xuLPL+FCRG9GhEl8="},"chainType":1,"messageKeys":{}}},"pendingPreKey":{"signedKeyId":11,"baseKey":"BWzVvzw0kqV1hbQaB5YZLaCo0HnK26Pd1V0ZarcsNUol","preKeyId":9863805}}},"version":"v1"}