{"_sessions":{"Bc19NWF1piT045qhr2938yl0Zml/KdWhdCBz4xlSqK0H":{"registrationId":578548622,"currentRatchet":{"ephemeralKeyPair":{"pubKey":"BbSMXeDHNROwz9ErIP6emC5pg0JUxYaT6UaqRfm0xTVt","privKey":"oDqIxTz6xTGsWP6WQX+d0ULxa6p+GttjUXjt1kPUBmA="},"lastRemoteEphemeralKey":"BbiAZgOjfm5clF/xT724tZyhGRfZA2ERbN7N3ZjDGh17","previousCounter":0,"rootKey":"PZw4g98jLA25NYJ8jNRFRCmuDPBPJGPkncJkkW5rV3I="},"indexInfo":{"baseKey":"Bc19NWF1piT045qhr2938yl0Zml/KdWhdCBz4xlSqK0H","baseKeyType":1,"closed":1763718470544,"used":1763718469683,"created":1763718469683,"remoteIdentityKey":"BZSzahDvPqWEmkXtCN0O2RTYeIYw+C+xAHho17aFl7E5"},"_chains":{"BbSMXeDHNROwz9ErIP6emC5pg0JUxYaT6UaqRfm0xTVt":{"chainKey":{"counter":-1,"key":"BcBNZS0qgybMso3L+5333M/sc1iAUJa6ih2r2Bi+d+0="},"chainType":1,"messageKeys":{}}},"pendingPreKey":{"signedKeyId":73,"baseKey":"Bc19NWF1piT045qhr2938yl0Zml/KdWhdCBz4xlSqK0H","preKeyId":96168}},"Bd2BMZTSxTI9kweVHj5sJLdGLNOZq3Vq0T3UBoGUU6tN":{"registrationId":578548622,"currentRatchet":{"ephemeralKeyPair":{"pubKey":"BewY2WZCnGcnE7rFBnHW29JRYYT7W3VO8G+gDAdFnENY","privKey":"WD26PqEMPlPCFwEBOv6nz0Tx0I0J5nqEc1LCbAtke3o="},"lastRemoteEphemeralKey":"BbiAZgOjfm5clF/xT724tZyhGRfZA2ERbN7N3ZjDGh17","previousCounter":0,"rootKey":"+1lk+DunO1bRp4BYkUut7/1ozVBb49pCgYhOaQopjh4="},"indexInfo":{"baseKey":"Bd2BMZTSxTI9kweVHj5sJLdGLNOZq3Vq0T3UBoGUU6tN","baseKeyType":1,"closed":-1,"used":1763718470541,"created":1763718470541,"remoteIdentityKey":"BZSzahDvPqWEmkXtCN0O2RTYeIYw+C+xAHho17aFl7E5"},"_chains":{"BewY2WZCnGcnE7rFBnHW29JRYYT7W3VO8G+gDAdFnENY":{"chainKey":{"counter":145,"key":"kI+bWCGpHNLkTNFAKi/85vel8fZ7DEtje/EVdu8oiEI="},"chainType":1,"messageKeys":{}}},"pendingPreKey":{"signedKeyId":73,"baseKey":"Bd2BMZTSxTI9kweVHj5sJLdGLNOZq3Vq0T3UBoGUU6tN","preKeyId":96399}}},"version":"v1"}