{"_sessions":{"BdFo5fLqWYJa2I+7LRbu1FPZbJHBzxO6m/HqUYYFA6hV":{"registrationId":1772484790,"currentRatchet":{"ephemeralKeyPair":{"pubKey":"BQ2ysqzjXieKizb+pxuwR8MkBkYZpIeVplI1UPFgk1QK","privKey":"0KKUckfyWHAT7sG7pviQLk/J/PCMngChFF4iJla+XXc="},"lastRemoteEphemeralKey":"BTNUWndFZX/TJJKvbL0+sfSkIab6B4TH0KCfMDRn5FZP","previousCounter":0,"rootKey":"KSHVogQfJB9Vcoim/nJ5owRBIzCo5eWESLfgJHSFfZU="},"indexInfo":{"baseKey":"BdFo5fLqWYJa2I+7LRbu1FPZbJHBzxO6m/HqUYYFA6hV","baseKeyType":1,"closed":1763718481733,"used":1763718480993,"created":1763718480993,"remoteIdentityKey":"Bf44WLF2dYp2tXeEngwlmQHeIsrffW5jMWctUEZWCJVy"},"_chains":{"BQ2ysqzjXieKizb+pxuwR8MkBkYZpIeVplI1UPFgk1QK":{"chainKey":{"counter":-1,"key":"xJkRrWgvlXciJGCfEvPOyW+tCIzt9GRBcLyvJgLUIqM="},"chainType":1,"messageKeys":{}}},"pendingPreKey":{"signedKeyId":10,"baseKey":"BdFo5fLqWYJa2I+7LRbu1FPZbJHBzxO6m/HqUYYFA6hV","preKeyId":6029725}},"BTCRwcD92+rAHVZOfK08TgMaEcPpFPhLL8QVX62Yu9kH":{"registrationId":1772484790,"currentRatchet":{"ephemeralKeyPair":{"pubKey":"BfElYZleaYnd/McstGtE51FDNlx9BL0Pd7JC/tQtXAMt","privKey":"MGPP/OKd8NDKSrzFZms1eR4/aU+sitVnyk3aHXrUJkc="},"lastRemoteEphemeralKey":"BTNUWndFZX/TJJKvbL0+sfSkIab6B4TH0KCfMDRn5FZP","previousCounter":0,"rootKey":"WDItnkrEE8Pf9OVX9Xmg/0KaYdEa++/k6vusYAZWdpQ="},"indexInfo":{"baseKey":"BTCRwcD92+rAHVZOfK08TgMaEcPpFPhLL8QVX62Yu9kH","baseKeyType":1,"closed":-1,"used":1763718481731,"created":1763718481731,"remoteIdentityKey":"Bf44WLF2dYp2tXeEngwlmQHeIsrffW5jMWctUEZWCJVy"},"_chains":{"BfElYZleaYnd/McstGtE51FDNlx9BL0Pd7JC/tQtXAMt":{"chainKey":{"counter":145,"key":"kASFUnPy/KQI8aP+++nvSVzOBXWdrdzMq2HbUHo+q3Q="},"chainType":1,"messageKeys":{}}},"pendingPreKey":{"signedKeyId":10,"baseKey":"BTCRwcD92+rAHVZOfK08TgMaEcPpFPhLL8QVX62Yu9kH","preKeyId":6029750}}},"version":"v1"}