{"_sessions":{"Bfb/Tl8Fe0eXyWyPAHYshX87Ppgo3Uwm8/nPBQEnqIlq":{"registrationId":507435097,"currentRatchet":{"ephemeralKeyPair":{"pubKey":"Ber1wK2geoah0RP0R1UOClPo2ILPDMTdxHOKexOUoSI+","privKey":"uPoU+WaDwq6ZSmogynVZc4KV2iIk4kar+i0dpW2p03g="},"lastRemoteEphemeralKey":"BRoKhmgNbzygI7hvFeUWbJJLSCFLP4KieNS1UtFOGPJq","previousCounter":0,"rootKey":"zu7QUSk9o6TK65DEaaIdA5q1ZHb6cwLbg/IDIrlimAo="},"indexInfo":{"baseKey":"Bfb/Tl8Fe0eXyWyPAHYshX87Ppgo3Uwm8/nPBQEnqIlq","baseKeyType":1,"closed":1763718472622,"used":1763718471759,"created":1763718471759,"remoteIdentityKey":"BYLwEvZu6KjEwwk+m90SAfC299FZNeyNmiC4Ps15OfkB"},"_chains":{"Ber1wK2geoah0RP0R1UOClPo2ILPDMTdxHOKexOUoSI+":{"chainKey":{"counter":-1,"key":"uvrBo82Ir4FUW2xs6N6HM3/Heu07WN96A4XjNG4yxAo="},"chainType":1,"messageKeys":{}}},"pendingPreKey":{"signedKeyId":4861947,"baseKey":"Bfb/Tl8Fe0eXyWyPAHYshX87Ppgo3Uwm8/nPBQEnqIlq","preKeyId":11701669}},"BfOtu8xM826xmhNYAdygEm6cDCU9NF+x60QHSkeCN8JB":{"registrationId":507435097,"currentRatchet":{"ephemeralKeyPair":{"pubKey":"Bbiwd7ZgtfX33499Pf2DEd6t/dFP/J6GMEjjen7Tkb0d","privKey":"aL2dNYh4hu7chzxNZNNzlgs4Bu7pEpFHuCs1uSN7sGs="},"lastRemoteEphemeralKey":"BRoKhmgNbzygI7hvFeUWbJJLSCFLP4KieNS1UtFOGPJq","previousCounter":0,"rootKey":"gkSfAfedfqtfP2aS8TVdShI0lSIV86a4U/f7U65ht9s="},"indexInfo":{"baseKey":"BfOtu8xM826xmhNYAdygEm6cDCU9NF+x60QHSkeCN8JB","baseKeyType":1,"closed":-1,"used":1763718472619,"created":1763718472619,"remoteIdentityKey":"BYLwEvZu6KjEwwk+m90SAfC299FZNeyNmiC4Ps15OfkB"},"_chains":{"Bbiwd7ZgtfX33499Pf2DEd6t/dFP/J6GMEjjen7Tkb0d":{"chainKey":{"counter":145,"key":"IttRhcBElxLStTAP8Oer+LThtXhQDQneTa70HTOctU4="},"chainType":1,"messageKeys":{}}},"pendingPreKey":{"signedKeyId":4861947,"baseKey":"BfOtu8xM826xmhNYAdygEm6cDCU9NF+x60QHSkeCN8JB","preKeyId":11702165}}},"version":"v1"}