{"_sessions":{"BYy+U7ZeQ+QdIT/RQvFEejzND+a5+uG7Xi2lAVp0wR0K":{"registrationId":1084735182,"currentRatchet":{"ephemeralKeyPair":{"pubKey":"BX12VCJhtFa9iJjKZAZnTRrAH0FzF4deRv4Zp+mteMQf","privKey":"0HKzZOFE+WSHl8b0BEjZ3YLrxzxFoZkYiOz6e5Hd+1s="},"lastRemoteEphemeralKey":"Bcmx/7YYH3yk50GTDgPUnWT9Mw+oEj376DzO/o8aF/Mj","previousCounter":0,"rootKey":"1xejks2u+Q1uukozxo11MU8JvDwtWwrS/EELQbaeT88="},"indexInfo":{"baseKey":"BYy+U7ZeQ+QdIT/RQvFEejzND+a5+uG7Xi2lAVp0wR0K","baseKeyType":1,"closed":1763718476730,"used":1763718475876,"created":1763718475876,"remoteIdentityKey":"Bd5iuozhLFvg7HV9NQUh0JwkAhRGmSi/dx6LqA5xGBAF"},"_chains":{"BX12VCJhtFa9iJjKZAZnTRrAH0FzF4deRv4Zp+mteMQf":{"chainKey":{"counter":-1,"key":"D3wvyq2JZnyMbGIPcIYMzIcteZD3px5U9ddeRIjdTtU="},"chainType":1,"messageKeys":{}}},"pendingPreKey":{"signedKeyId":17,"baseKey":"BYy+U7ZeQ+QdIT/RQvFEejzND+a5+uG7Xi2lAVp0wR0K","preKeyId":10530132}},"Bfea71+6QSz44cG1Tyr2/hA+dVKIUPN1p4f/xtZPxmUc":{"registrationId":1084735182,"currentRatchet":{"ephemeralKeyPair":{"pubKey":"BRn3Bsq/eStoWYWfFD1oXI0R5MgKByjZdW9JH7as1Pdy","privKey":"IEUCG3W5CJS1ZAsqHPK8a+AHHJ+ffEhh6gq2JLYszXk="},"lastRemoteEphemeralKey":"Bcmx/7YYH3yk50GTDgPUnWT9Mw+oEj376DzO/o8aF/Mj","previousCounter":0,"rootKey":"Q7xHZXUiz0NXe42+wrlcDmN98TXn0V0sDo1jxulpqXk="},"indexInfo":{"baseKey":"Bfea71+6QSz44cG1Tyr2/hA+dVKIUPN1p4f/xtZPxmUc","baseKeyType":1,"closed":-1,"used":1763718476727,"created":1763718476727,"remoteIdentityKey":"Bd5iuozhLFvg7HV9NQUh0JwkAhRGmSi/dx6LqA5xGBAF"},"_chains":{"BRn3Bsq/eStoWYWfFD1oXI0R5MgKByjZdW9JH7as1Pdy":{"chainKey":{"counter":145,"key":"0F9Fs2AzvNh+7wawOCUE3dSDWLSkbE1UxAxEuFMSVCQ="},"chainType":1,"messageKeys":{}}},"pendingPreKey":{"signedKeyId":17,"baseKey":"Bfea71+6QSz44cG1Tyr2/hA+dVKIUPN1p4f/xtZPxmUc","preKeyId":10530002}}},"version":"v1"}