{"_sessions":{"BSW26veT0eB1IDL4UfLsx9GRx8uezynx4SwR7ZW5DDNR":{"registrationId":537900302,"currentRatchet":{"ephemeralKeyPair":{"pubKey":"BepWtfw82cgR8fMYBBfR6jke3JaEQNTTdEMjEtKqJlcC","privKey":"8BU149LgRZIfCYEfAlJyo6ezEeiWQAsuOHivTnpx61o="},"lastRemoteEphemeralKey":"BcsvWZSyEUpyfFvwQIAVqW3JIpmkRjrQFVBcu9zJsWB1","previousCounter":0,"rootKey":"r3Sij3QGnTtScG1Og8PSBdf5O7fs1b0iG7tbtkX/ocs="},"indexInfo":{"baseKey":"BSW26veT0eB1IDL4UfLsx9GRx8uezynx4SwR7ZW5DDNR","baseKeyType":1,"closed":1763718474508,"used":1763718473699,"created":1763718473699,"remoteIdentityKey":"BXOi9rLACXQQ7lcOvLNrxd87Kk5ffF/KFrmCtpHZJ5Rw"},"_chains":{"BepWtfw82cgR8fMYBBfR6jke3JaEQNTTdEMjEtKqJlcC":{"chainKey":{"counter":-1,"key":"y5Jrs5cvdDVc8Rg+z9drxfXC6WOb7ssUyRDAS3J6q6A="},"chainType":1,"messageKeys":{}}},"pendingPreKey":{"signedKeyId":10695357,"baseKey":"BSW26veT0eB1IDL4UfLsx9GRx8uezynx4SwR7ZW5DDNR","preKeyId":1478808}},"Baj9uNnYZdKrCef5KtFx2GOUMqsvgkISllpAR2vwg+oW":{"registrationId":537900302,"currentRatchet":{"ephemeralKeyPair":{"pubKey":"BdqxvdeE8JLe99JWdwJPz5dUhxaTqUYrfl0De2ugiGtk","privKey":"wAPkzIPdtHsOUwPZ+RTo7ndAuCNxYn16PqsQzn4F6lM="},"lastRemoteEphemeralKey":"BcsvWZSyEUpyfFvwQIAVqW3JIpmkRjrQFVBcu9zJsWB1","previousCounter":0,"rootKey":"2oBtwPnbZY3YJ94LXuae7Hxm9ywcvE8UArhGBvQ5NhQ="},"indexInfo":{"baseKey":"Baj9uNnYZdKrCef5KtFx2GOUMqsvgkISllpAR2vwg+oW","baseKeyType":1,"closed":-1,"used":1763718474505,"created":1763718474505,"remoteIdentityKey":"BXOi9rLACXQQ7lcOvLNrxd87Kk5ffF/KFrmCtpHZJ5Rw"},"_chains":{"BdqxvdeE8JLe99JWdwJPz5dUhxaTqUYrfl0De2ugiGtk":{"chainKey":{"counter":145,"key":"fiUiKnVnNRfldcdeaujR80zAAaCktjZPt/RCaVy142k="},"chainType":1,"messageKeys":{}}},"pendingPreKey":{"signedKeyId":10695357,"baseKey":"Baj9uNnYZdKrCef5KtFx2GOUMqsvgkISllpAR2vwg+oW","preKeyId":1478836}}},"version":"v1"}