{"_sessions":{"BVsWhhJwFX8cSc3WXdV6AENrGUZWadG+WTBhzm1vBgoO":{"registrationId":499654892,"currentRatchet":{"ephemeralKeyPair":{"pubKey":"BQsOEkhZB8ligB1WM+UU0rXmIy0q670VEA9ifreLXSor","privKey":"ENdimGCE6P9KxfS4c+CGEkHuj0NRRU0fYZBvpLdRH1Y="},"lastRemoteEphemeralKey":"BdB0xKcPYwVUkTLDGTdfUABUQocaxyIIbR5xGU/T41QE","previousCounter":0,"rootKey":"u2xWLt6Pzmi4ToWeaqxGJNqJiaMtdPdSP7Bd9AuUebI="},"indexInfo":{"baseKey":"BVsWhhJwFX8cSc3WXdV6AENrGUZWadG+WTBhzm1vBgoO","baseKeyType":1,"closed":1763718472922,"used":1763718471952,"created":1763718471952,"remoteIdentityKey":"BV8Tku9+2feyjSJEfJfZ9RWpLzpuomNOdc80aZSp5SB1"},"_chains":{"BQsOEkhZB8ligB1WM+UU0rXmIy0q670VEA9ifreLXSor":{"chainKey":{"counter":-1,"key":"uhap6kcL+syWWRIYUEMGE2gqPpyGx+/amBSwn2xQkXw="},"chainType":1,"messageKeys":{}}},"pendingPreKey":{"signedKeyId":15089058,"baseKey":"BVsWhhJwFX8cSc3WXdV6AENrGUZWadG+WTBhzm1vBgoO","preKeyId":114592}},"BSVylK6ZNELfJR0GpGccwte5SfkbIK9WijHEX7ZZNN1g":{"registrationId":499654892,"currentRatchet":{"ephemeralKeyPair":{"pubKey":"BVVvlaYgmrE182FTj+wSKJgVza5dIZ8tEPmaLo+qPlw+","privKey":"uE/QNpmh0iLOqI1ac521VkZfFaCDK6tf37nqQTJNmF0="},"lastRemoteEphemeralKey":"BdB0xKcPYwVUkTLDGTdfUABUQocaxyIIbR5xGU/T41QE","previousCounter":0,"rootKey":"P4SDKHSxlK25GLqpqduqZ9bOme1Fh7k8+cI2+yg/swI="},"indexInfo":{"baseKey":"BSVylK6ZNELfJR0GpGccwte5SfkbIK9WijHEX7ZZNN1g","baseKeyType":1,"closed":-1,"used":1763718472919,"created":1763718472919,"remoteIdentityKey":"BV8Tku9+2feyjSJEfJfZ9RWpLzpuomNOdc80aZSp5SB1"},"_chains":{"BVVvlaYgmrE182FTj+wSKJgVza5dIZ8tEPmaLo+qPlw+":{"chainKey":{"counter":145,"key":"QMuQxE9qy60Sqq9ZFEY9Jf4et1I977Y32MMIsb3g16A="},"chainType":1,"messageKeys":{}}},"pendingPreKey":{"signedKeyId":15089058,"baseKey":"BSVylK6ZNELfJR0GpGccwte5SfkbIK9WijHEX7ZZNN1g","preKeyId":114622}}},"version":"v1"}