{"_sessions":{"BYSp3CGNq9W8t3cKTPlzNRJnYtEbUu27N5EDwmEFSVZK":{"registrationId":437214689,"currentRatchet":{"ephemeralKeyPair":{"pubKey":"BVQLBejHUKK+nSYWRCrAvazeJSseWABe4oGfhD7pn0EP","privKey":"0P5OCmzyna9cmJUnlJKf1RCm02knjRk+jHSZEzUJBFQ="},"lastRemoteEphemeralKey":"BWDMDXqGkJuAbwa6FjpfRZzc1l/+1JnDlf2NuSsBPARu","previousCounter":0,"rootKey":"Lc0y05hwckzWrd8YpIFtptTNEMULGIa+yGx+H7MNEyw="},"indexInfo":{"baseKey":"BYSp3CGNq9W8t3cKTPlzNRJnYtEbUu27N5EDwmEFSVZK","baseKeyType":1,"closed":1763718471351,"used":1763718470160,"created":1763718470160,"remoteIdentityKey":"BQ+4sLBCpG5kusGhka8hd6RntcwyuMqn4u8XAgNzyDFP"},"_chains":{"BVQLBejHUKK+nSYWRCrAvazeJSseWABe4oGfhD7pn0EP":{"chainKey":{"counter":-1,"key":"fSE9tFdm+LVojTNerzJI+jyxD4KkYK4FIW/dC4ybBEo="},"chainType":1,"messageKeys":{}}},"pendingPreKey":{"signedKeyId":2,"baseKey":"BYSp3CGNq9W8t3cKTPlzNRJnYtEbUu27N5EDwmEFSVZK","preKeyId":8931154}},"BWLmsMQ8FeVfaoAjR8tUONmpzAsXs7OSibhha17wMaAb":{"registrationId":437214689,"currentRatchet":{"ephemeralKeyPair":{"pubKey":"BSuhyE3R8sKWGC+l87HlKsrHnHMeuES7UMqSjF8VRakw","privKey":"uBfZ2E7hjsTQFFFzGTKBRHeHgNAMtEt89honrgWT3EM="},"lastRemoteEphemeralKey":"BWDMDXqGkJuAbwa6FjpfRZzc1l/+1JnDlf2NuSsBPARu","previousCounter":0,"rootKey":"Yj1Iu07v5n+hLD/HMH5rgtxiFAIcQLAVLpBwrZICcTM="},"indexInfo":{"baseKey":"BWLmsMQ8FeVfaoAjR8tUONmpzAsXs7OSibhha17wMaAb","baseKeyType":1,"closed":-1,"used":1763718471348,"created":1763718471348,"remoteIdentityKey":"BQ+4sLBCpG5kusGhka8hd6RntcwyuMqn4u8XAgNzyDFP"},"_chains":{"BSuhyE3R8sKWGC+l87HlKsrHnHMeuES7UMqSjF8VRakw":{"chainKey":{"counter":145,"key":"GK/+SSMELX+0HtrD2IevfmMquMHsgeRf+l8Mp/bHFx8="},"chainType":1,"messageKeys":{}}},"pendingPreKey":{"signedKeyId":2,"baseKey":"BWLmsMQ8FeVfaoAjR8tUONmpzAsXs7OSibhha17wMaAb","preKeyId":8930555}}},"version":"v1"}