{"_sessions":{"Bbxk+gDBILFgInJeWRSVNDK+Bk5n825LGzQ36BKWkRRj":{"registrationId":1450289689,"currentRatchet":{"ephemeralKeyPair":{"pubKey":"BVAMXTGbVHOQukhi9mgA6pLyrwPimhddpcJKRFFVwjod","privKey":"ONuXs2YEtlgejcett6g7M7wUkUFf28roGrGsomjmq2Q="},"lastRemoteEphemeralKey":"BZDOfD7sGv4e9YzJoOGN5avC/Es8Hq8qzHy/LsVsQE5o","previousCounter":0,"rootKey":"bKgmwu0AM1LrF8urlWa2GjEat0D7LHb8ryH/qgQH138="},"indexInfo":{"baseKey":"Bbxk+gDBILFgInJeWRSVNDK+Bk5n825LGzQ36BKWkRRj","baseKeyType":1,"closed":1763718476765,"used":1763718475900,"created":1763718475900,"remoteIdentityKey":"BXc6r0Cl5VIXm887CFZOQPlFpyU69c5Ah4VQu8Pg4Ekk"},"_chains":{"BVAMXTGbVHOQukhi9mgA6pLyrwPimhddpcJKRFFVwjod":{"chainKey":{"counter":-1,"key":"dsDctPic7ojKue5sDQndDhrYgXDYd4F2wJmIoPR+AiY="},"chainType":1,"messageKeys":{}}},"pendingPreKey":{"signedKeyId":1753986,"baseKey":"Bbxk+gDBILFgInJeWRSVNDK+Bk5n825LGzQ36BKWkRRj","preKeyId":24893}},"BcmhVArt+RGPMLcAOWl+U89hMYjUcP0TNaNg5u0r4oEQ":{"registrationId":1450289689,"currentRatchet":{"ephemeralKeyPair":{"pubKey":"BfQiNYwGaC/ACbuKXDDPtPvfe4oxrKySvXAgBBcRR5xT","privKey":"6HcTVeQExBqREFngE8QN+qN4gU85IHAU8E7QTRxjtWs="},"lastRemoteEphemeralKey":"BZDOfD7sGv4e9YzJoOGN5avC/Es8Hq8qzHy/LsVsQE5o","previousCounter":0,"rootKey":"NZxtCoXD1XsdfAioYfX1RES5vmq63gm1fv+6HweaeBE="},"indexInfo":{"baseKey":"BcmhVArt+RGPMLcAOWl+U89hMYjUcP0TNaNg5u0r4oEQ","baseKeyType":1,"closed":-1,"used":1763718476762,"created":1763718476762,"remoteIdentityKey":"BXc6r0Cl5VIXm887CFZOQPlFpyU69c5Ah4VQu8Pg4Ekk"},"_chains":{"BfQiNYwGaC/ACbuKXDDPtPvfe4oxrKySvXAgBBcRR5xT":{"chainKey":{"counter":145,"key":"8v+SqIKne9BXnLMLwlV9LGBDZNZ71TfXbDTGbk5s1SI="},"chainType":1,"messageKeys":{}}},"pendingPreKey":{"signedKeyId":1753986,"baseKey":"BcmhVArt+RGPMLcAOWl+U89hMYjUcP0TNaNg5u0r4oEQ","preKeyId":24911}}},"version":"v1"}