{"_sessions":{"BW8h/ijVboD2eeKRmgzSI/EYO8Xx+zATJxemTUlXs3Mq":{"registrationId":1251835297,"currentRatchet":{"ephemeralKeyPair":{"pubKey":"BXULdym6LwywffXLZH2vE0qf6uQ9faywllZ16EF/2lEf","privKey":"OGkzlEI0pPnUoukiqB+rcJwOE0PZOI3vKh/q2+T76ns="},"lastRemoteEphemeralKey":"BSoodanxw1dSw7mmmml9zqCzGHmP39vFm4/IsjQ1cx43","previousCounter":0,"rootKey":"mTQFfC6uHS37WGI754KWD0bvrKrqJomte/waJ+++aNg="},"indexInfo":{"baseKey":"BW8h/ijVboD2eeKRmgzSI/EYO8Xx+zATJxemTUlXs3Mq","baseKeyType":1,"closed":1763718472793,"used":1763718471873,"created":1763718471873,"remoteIdentityKey":"BVEEx13Qukn29bC7LisDVP8BxjFTomtB4s0lz33cOmgJ"},"_chains":{"BXULdym6LwywffXLZH2vE0qf6uQ9faywllZ16EF/2lEf":{"chainKey":{"counter":-1,"key":"Bfm0sdYWWtH9vd8+RIGtdGpWny0W8nO3EvyjyBOJ2Fs="},"chainType":1,"messageKeys":{}}},"pendingPreKey":{"signedKeyId":6,"baseKey":"BW8h/ijVboD2eeKRmgzSI/EYO8Xx+zATJxemTUlXs3Mq","preKeyId":9241775}},"BQwFza6UFAW3fAfGr4fQmVuIPkmtO3Fl8E0HFkzzCP8/":{"registrationId":1251835297,"currentRatchet":{"ephemeralKeyPair":{"pubKey":"BXiAGD4Iks87yFRFq5p2EaP6ehe29n/n3rRJNJPRb+kB","privKey":"uHvvl041HFjG1zKy3BvUVnUg7yBUyaMD3yNZKra1XG4="},"lastRemoteEphemeralKey":"BSoodanxw1dSw7mmmml9zqCzGHmP39vFm4/IsjQ1cx43","previousCounter":0,"rootKey":"IcNuU4BnTF9ebCK/TTfR/hT5mg316Q8VxZI+hVkSkO4="},"indexInfo":{"baseKey":"BQwFza6UFAW3fAfGr4fQmVuIPkmtO3Fl8E0HFkzzCP8/","baseKeyType":1,"closed":-1,"used":1763718472790,"created":1763718472790,"remoteIdentityKey":"BVEEx13Qukn29bC7LisDVP8BxjFTomtB4s0lz33cOmgJ"},"_chains":{"BXiAGD4Iks87yFRFq5p2EaP6ehe29n/n3rRJNJPRb+kB":{"chainKey":{"counter":145,"key":"L/umfIYdnQONrBMQpDPjnSGGAXGSC+Tn+JpGwNaHQdU="},"chainType":1,"messageKeys":{}}},"pendingPreKey":{"signedKeyId":6,"baseKey":"BQwFza6UFAW3fAfGr4fQmVuIPkmtO3Fl8E0HFkzzCP8/","preKeyId":9242516}}},"version":"v1"}