{"_sessions":{"BXmBBX9Ks3pTQyf0YzEwxniMOrsMuij/EK9Q++a9b21A":{"registrationId":2007064420,"currentRatchet":{"ephemeralKeyPair":{"pubKey":"BcZl77tiFPP0QO5YCZeY0EoBsimgZu/NVsTGaYJyghM1","privKey":"qLy059DYCf1tVI3fgokKrLTg0YlZCYovnwlwQ0lpQ2U="},"lastRemoteEphemeralKey":"BWP/BgjrfMAYPOfDJ5SYMJ/owylmhRVOfgL7aVeHYKll","previousCounter":0,"rootKey":"1EIvJJT+fzSRGdJFKp49Yvf6HpjdIATDJNs5Zf3igIQ="},"indexInfo":{"baseKey":"BXmBBX9Ks3pTQyf0YzEwxniMOrsMuij/EK9Q++a9b21A","baseKeyType":1,"closed":1763718476820,"used":1763718475933,"created":1763718475933,"remoteIdentityKey":"BaJpcfSjNYphfi1wOEwISAiNHDq4TwrlZRmaJd6ZL701"},"_chains":{"BcZl77tiFPP0QO5YCZeY0EoBsimgZu/NVsTGaYJyghM1":{"chainKey":{"counter":-1,"key":"FxpxcI4XG6gPPR/TDsyHNpxZUieqwux6LwysJlOoFZU="},"chainType":1,"messageKeys":{}}},"pendingPreKey":{"signedKeyId":10,"baseKey":"BXmBBX9Ks3pTQyf0YzEwxniMOrsMuij/EK9Q++a9b21A"}},"BfUuAkDPcIpHnh+x5NmCukfpmTafDzliiAWHznmFDoIb":{"registrationId":2007064420,"currentRatchet":{"ephemeralKeyPair":{"pubKey":"BZ5mt50t7bRkjIKBauT+PdhrZvD4CcA6Pw8FDYDoZkRd","privKey":"oManhf6QFR4A3viBMMQh2mcFvjEWWqKlRidRJ+jykE4="},"lastRemoteEphemeralKey":"BWP/BgjrfMAYPOfDJ5SYMJ/owylmhRVOfgL7aVeHYKll","previousCounter":0,"rootKey":"3xWssaufd60kveoBRFdJXyfubJuA+70mWiZTycAxjjM="},"indexInfo":{"baseKey":"BfUuAkDPcIpHnh+x5NmCukfpmTafDzliiAWHznmFDoIb","baseKeyType":1,"closed":-1,"used":1763718476818,"created":1763718476818,"remoteIdentityKey":"BaJpcfSjNYphfi1wOEwISAiNHDq4TwrlZRmaJd6ZL701"},"_chains":{"BZ5mt50t7bRkjIKBauT+PdhrZvD4CcA6Pw8FDYDoZkRd":{"chainKey":{"counter":145,"key":"SwvfmTsFl/8lBML6IfR6tK6iw08B8rqAlEX1Nk9lsK4="},"chainType":1,"messageKeys":{}}},"pendingPreKey":{"signedKeyId":10,"baseKey":"BfUuAkDPcIpHnh+x5NmCukfpmTafDzliiAWHznmFDoIb","preKeyId":940524}}},"version":"v1"}