{"_sessions":{"BQ1TOmLpfnTM5WqU7a7I21SSffZlJiLP2o1zzBaQIrER":{"registrationId":880447177,"currentRatchet":{"ephemeralKeyPair":{"pubKey":"BXmwJEXyEJ4MggqM+7gMWYj27mBEEMpl+16PYOFRq70o","privKey":"UAgPY/sN4C1uLKZbaytkVy8uxoLryl36u5tzi1mxoFU="},"lastRemoteEphemeralKey":"BVoBgrbx6ssP/NJqYWhgH2RKzfkQG2dgxcrgTjX934cN","previousCounter":0,"rootKey":"5Orxvf7sJhk0zApk8mHZzV+b/e7jhqoTyUCRFs7VGsU="},"indexInfo":{"baseKey":"BQ1TOmLpfnTM5WqU7a7I21SSffZlJiLP2o1zzBaQIrER","baseKeyType":1,"closed":1763718476652,"used":1763718475822,"created":1763718475822,"remoteIdentityKey":"BXHM8JvxZLLL1WVNZlkJsZ3qzUuxukpxa7C9cpdfmIVX"},"_chains":{"BXmwJEXyEJ4MggqM+7gMWYj27mBEEMpl+16PYOFRq70o":{"chainKey":{"counter":-1,"key":"8b+gDKYde44J1UAMAjAu6LmPccmCeppCDkN7I88cqwk="},"chainType":1,"messageKeys":{}}},"pendingPreKey":{"signedKeyId":4,"baseKey":"BQ1TOmLpfnTM5WqU7a7I21SSffZlJiLP2o1zzBaQIrER","preKeyId":505007}},"BSTUKXWNmCQU5GXShUr/pB6KRJH0pMWlzgLRLa9DS58B":{"registrationId":880447177,"currentRatchet":{"ephemeralKeyPair":{"pubKey":"BbmxnFoTVG3Nz7ydotDgMqUaWKK9fIiOvlBqeuSJWc5m","privKey":"8Knn0ENTYP8/UjEX9WRWseFDfUC2taDTKfJCoEiyEVs="},"lastRemoteEphemeralKey":"BVoBgrbx6ssP/NJqYWhgH2RKzfkQG2dgxcrgTjX934cN","previousCounter":0,"rootKey":"nA1MhPGFF3y6rAOQHpA8RctImHPjWtoydUi2CWeOjt4="},"indexInfo":{"baseKey":"BSTUKXWNmCQU5GXShUr/pB6KRJH0pMWlzgLRLa9DS58B","baseKeyType":1,"closed":-1,"used":1763718476650,"created":1763718476650,"remoteIdentityKey":"BXHM8JvxZLLL1WVNZlkJsZ3qzUuxukpxa7C9cpdfmIVX"},"_chains":{"BbmxnFoTVG3Nz7ydotDgMqUaWKK9fIiOvlBqeuSJWc5m":{"chainKey":{"counter":145,"key":"n+vxEaRat3Z/63LPebwgdcLT8aFKJlrlb17hbWylueQ="},"chainType":1,"messageKeys":{}}},"pendingPreKey":{"signedKeyId":4,"baseKey":"BSTUKXWNmCQU5GXShUr/pB6KRJH0pMWlzgLRLa9DS58B","preKeyId":505103}}},"version":"v1"}