{"_sessions":{"BZ0ZhWHhvbCaSCWDX9dcLY5c0xJo7wT0JwdaetmS+sw3":{"registrationId":528833716,"currentRatchet":{"ephemeralKeyPair":{"pubKey":"Ba8/+cMRObWrTRq2Pw6G22ed0h3fvX7y687FJLN3bkxB","privKey":"aEXNYsNSTf17+WZTakZ4OpRSUlfGmjORdeSq3Gm6nVM="},"lastRemoteEphemeralKey":"BZ/dMuoTAEQtgKexfEOlJsd4CFfR+HHHITbMDQwHn1sN","previousCounter":0,"rootKey":"PufAkek9qFLLyYY3BP834AXevynADjJRz1GKekjT/PI="},"indexInfo":{"baseKey":"BZ0ZhWHhvbCaSCWDX9dcLY5c0xJo7wT0JwdaetmS+sw3","baseKeyType":1,"closed":1763718474598,"used":1763718473756,"created":1763718473756,"remoteIdentityKey":"BWUVx1OZHiIy+tY9+d/6EfYECVofyV5CNsGBKxVude0z"},"_chains":{"Ba8/+cMRObWrTRq2Pw6G22ed0h3fvX7y687FJLN3bkxB":{"chainKey":{"counter":-1,"key":"8I8h5kfetsOYSKPcmmwBLIJ0c4xfu54tk3TXXg6BW3k="},"chainType":1,"messageKeys":{}}},"pendingPreKey":{"signedKeyId":14,"baseKey":"BZ0ZhWHhvbCaSCWDX9dcLY5c0xJo7wT0JwdaetmS+sw3","preKeyId":9200188}},"BRglRcxlOEx91GLqQZ3lTFk9B2E0Tzomw4T3Z5wQ22Md":{"registrationId":528833716,"currentRatchet":{"ephemeralKeyPair":{"pubKey":"BexHpxt7q/AeM/uhkgYeF4cRMTR4rZfuZTEDZUHPBHAH","privKey":"gA2k+xZmZP3QAozZ2vF1wnwCyL2xW57Iifk6OEJWXW0="},"lastRemoteEphemeralKey":"BZ/dMuoTAEQtgKexfEOlJsd4CFfR+HHHITbMDQwHn1sN","previousCounter":0,"rootKey":"Z9HsV+ocDqxk6MWoWH8FcKHHL5KqehotmeczoOslVHI="},"indexInfo":{"baseKey":"BRglRcxlOEx91GLqQZ3lTFk9B2E0Tzomw4T3Z5wQ22Md","baseKeyType":1,"closed":-1,"used":1763718474596,"created":1763718474596,"remoteIdentityKey":"BWUVx1OZHiIy+tY9+d/6EfYECVofyV5CNsGBKxVude0z"},"_chains":{"BexHpxt7q/AeM/uhkgYeF4cRMTR4rZfuZTEDZUHPBHAH":{"chainKey":{"counter":145,"key":"0tzH0EAGogB/BHvgEjVzEltzt75YDcF/FzDaR5agOy8="},"chainType":1,"messageKeys":{}}},"pendingPreKey":{"signedKeyId":14,"baseKey":"BRglRcxlOEx91GLqQZ3lTFk9B2E0Tzomw4T3Z5wQ22Md","preKeyId":9200178}}},"version":"v1"}