{"_sessions":{"BftLnxUxdhCWp4bfhAAcroEgyPLjV0t2ey6NMqLkScIz":{"registrationId":1206306666,"currentRatchet":{"ephemeralKeyPair":{"pubKey":"Ba7VFlGE8JFbFke8j3i+G32KRTi7M7Sm/KQCAXCbxzpY","privKey":"8HV+XajKFSVg4IDCCGdzYHupQIThvOhalHE49+w9+1Q="},"lastRemoteEphemeralKey":"BSv+PvfmlLv+W2S3gltB8OcUb1/RwkKCHMt5YUYjA4J3","previousCounter":0,"rootKey":"S4Kn93nmcCKbufb993gCINWY+rQW0PvsG39LHDKlRng="},"indexInfo":{"baseKey":"BftLnxUxdhCWp4bfhAAcroEgyPLjV0t2ey6NMqLkScIz","baseKeyType":1,"closed":1763718477039,"used":1763718476077,"created":1763718476077,"remoteIdentityKey":"BffdlDyDmhdH6QFwQwKtADQgMWd88oTCLAPyTkwMjcBX"},"_chains":{"Ba7VFlGE8JFbFke8j3i+G32KRTi7M7Sm/KQCAXCbxzpY":{"chainKey":{"counter":-1,"key":"iR1xMcgLzJxiMZ4pX3l1Q83zFCzhwTweZvtDxLA++CQ="},"chainType":1,"messageKeys":{}}},"pendingPreKey":{"signedKeyId":14,"baseKey":"BftLnxUxdhCWp4bfhAAcroEgyPLjV0t2ey6NMqLkScIz","preKeyId":8435835}},"BZaXTyF7ANHAxN/oIL1C4sVa4odDbnHh4HFT4H/06iEa":{"registrationId":1206306666,"currentRatchet":{"ephemeralKeyPair":{"pubKey":"Bcn+cxwgHaVz98kgOm+THyK1mdKeTh3PdH93W2z71rlp","privKey":"2MmOiMkPsF1/5Tc8NJDa2kl9kYuywwdSZISg+i4FAGk="},"lastRemoteEphemeralKey":"BSv+PvfmlLv+W2S3gltB8OcUb1/RwkKCHMt5YUYjA4J3","previousCounter":0,"rootKey":"2/oHAB25YqKIaEo0FFAOy58WI8YgTcBcyHFeakHKejE="},"indexInfo":{"baseKey":"BZaXTyF7ANHAxN/oIL1C4sVa4odDbnHh4HFT4H/06iEa","baseKeyType":1,"closed":-1,"used":1763718477035,"created":1763718477035,"remoteIdentityKey":"BffdlDyDmhdH6QFwQwKtADQgMWd88oTCLAPyTkwMjcBX"},"_chains":{"Bcn+cxwgHaVz98kgOm+THyK1mdKeTh3PdH93W2z71rlp":{"chainKey":{"counter":145,"key":"5Ly/hA6FFOBQaezz66iICDxWO1hPpyMLWZi6QdEr/jw="},"chainType":1,"messageKeys":{}}},"pendingPreKey":{"signedKeyId":14,"baseKey":"BZaXTyF7ANHAxN/oIL1C4sVa4odDbnHh4HFT4H/06iEa","preKeyId":8435770}}},"version":"v1"}