{"_sessions":{"BT0yaFLMlHjQnTObbImV4uon0GrXFiKbJ8mtMUg3lqth":{"registrationId":830733235,"currentRatchet":{"ephemeralKeyPair":{"pubKey":"BXCoAjZ5azrs61b7hsiyyiCfJ1wMilgfi0n/buOSlRgC","privKey":"KIpDZRqN7Ars7IUMllgRjzJw9HYZI+XM7WXTwQ3Xvlc="},"lastRemoteEphemeralKey":"BajDSi9wPPESncpfF9TYHBcT9q//2Dc6V+IiVJxeNkk4","previousCounter":0,"rootKey":"Rq5vBqng7w5f/aHI3rjoqLIbaU95x0g7aIoGkzzJTO4="},"indexInfo":{"baseKey":"BT0yaFLMlHjQnTObbImV4uon0GrXFiKbJ8mtMUg3lqth","baseKeyType":1,"closed":1763718475065,"used":1763718474070,"created":1763718474070,"remoteIdentityKey":"BdYM4jDM2ZsVgfRd1rFAMf3cUTkVSzDoV136cRcY/M9p"},"_chains":{"BXCoAjZ5azrs61b7hsiyyiCfJ1wMilgfi0n/buOSlRgC":{"chainKey":{"counter":-1,"key":"XDW8p631r3p1rJuk1/u5Ya5qYOVvspCNp5hRRIuRfAg="},"chainType":1,"messageKeys":{}}},"pendingPreKey":{"signedKeyId":10705303,"baseKey":"BT0yaFLMlHjQnTObbImV4uon0GrXFiKbJ8mtMUg3lqth","preKeyId":14363144}},"BWg9XqplgMF50Kkly5JBgKIFq03nKQrqZXs3RenpqdQq":{"registrationId":830733235,"currentRatchet":{"ephemeralKeyPair":{"pubKey":"BQQNusuLCHUmG0AxLHAVbYE0Sn5NT3b03co96EsCdNMa","privKey":"0Eo7wCIgmxLMbirA6ELtXAV95SqMNvvzibPag1Cxekw="},"lastRemoteEphemeralKey":"BajDSi9wPPESncpfF9TYHBcT9q//2Dc6V+IiVJxeNkk4","previousCounter":0,"rootKey":"dfYf5FO5pi0b2AXiRbbIrgtj/pe+e7sxMMsrTzrS9uc="},"indexInfo":{"baseKey":"BWg9XqplgMF50Kkly5JBgKIFq03nKQrqZXs3RenpqdQq","baseKeyType":1,"closed":-1,"used":1763718475062,"created":1763718475062,"remoteIdentityKey":"BdYM4jDM2ZsVgfRd1rFAMf3cUTkVSzDoV136cRcY/M9p"},"_chains":{"BQQNusuLCHUmG0AxLHAVbYE0Sn5NT3b03co96EsCdNMa":{"chainKey":{"counter":145,"key":"0dnSv7uP6bqDIHKCn03QrvziD4HIyYW04x4mBsn+Ig0="},"chainType":1,"messageKeys":{}}},"pendingPreKey":{"signedKeyId":10705303,"baseKey":"BWg9XqplgMF50Kkly5JBgKIFq03nKQrqZXs3RenpqdQq","preKeyId":14363050}}},"version":"v1"}