{"_sessions":{"BYJKdiY28s3X6iOkvHhXBwIHpDF1HOxEr6W7BN3rCXgx":{"registrationId":1129876698,"currentRatchet":{"ephemeralKeyPair":{"pubKey":"BW3bg1RxF+ZKloTjA+gi7XKZaH5hl0jhn11vcPpg2i4R","privKey":"eA+OgCuqK/n9GwftKDZaz9FhxyREmbtheI1vcYrzVXw="},"lastRemoteEphemeralKey":"BTdVHOyYZTLZ8PIGvYPNdk/pxldSXEL0IhE79zoAK4ok","previousCounter":0,"rootKey":"ww/1VAbqOeMAz9PFYT9N11ayqDDImRYRPZICFgb1qVQ="},"indexInfo":{"baseKey":"BYJKdiY28s3X6iOkvHhXBwIHpDF1HOxEr6W7BN3rCXgx","baseKeyType":1,"closed":1763718472831,"used":1763718471899,"created":1763718471899,"remoteIdentityKey":"BddM/63WmkeZqwccJNk/lhwKyNffd9CKsa1rAeroPwYc"},"_chains":{"BW3bg1RxF+ZKloTjA+gi7XKZaH5hl0jhn11vcPpg2i4R":{"chainKey":{"counter":-1,"key":"iuEwXajYXX7naXisEGdhfPreJsOIZa7M07AQoOHKydA="},"chainType":1,"messageKeys":{}}},"pendingPreKey":{"signedKeyId":37,"baseKey":"BYJKdiY28s3X6iOkvHhXBwIHpDF1HOxEr6W7BN3rCXgx","preKeyId":4084374}},"BdsACmJ5hXOiGEhjCiVvMC+YtkXYNFGcvigKVU5bO5Jz":{"registrationId":1129876698,"currentRatchet":{"ephemeralKeyPair":{"pubKey":"Bf+6shxME50emgM/6fad+qPLikYRE4MOoUMS3pmqlEIY","privKey":"eIqLx6oUEjPRvLK/RfEA+nStALMkLpb1y0gStiAuPnI="},"lastRemoteEphemeralKey":"BTdVHOyYZTLZ8PIGvYPNdk/pxldSXEL0IhE79zoAK4ok","previousCounter":0,"rootKey":"jwVttvqtZFuty4MgM1jXTDhKLrJoEkpadcAje6uwHLQ="},"indexInfo":{"baseKey":"BdsACmJ5hXOiGEhjCiVvMC+YtkXYNFGcvigKVU5bO5Jz","baseKeyType":1,"closed":-1,"used":1763718472828,"created":1763718472828,"remoteIdentityKey":"BddM/63WmkeZqwccJNk/lhwKyNffd9CKsa1rAeroPwYc"},"_chains":{"Bf+6shxME50emgM/6fad+qPLikYRE4MOoUMS3pmqlEIY":{"chainKey":{"counter":145,"key":"hHTkPCknJz7IPKQindFBtr+QP9kSMQgGoh6JGC5cOj0="},"chainType":1,"messageKeys":{}}},"pendingPreKey":{"signedKeyId":37,"baseKey":"BdsACmJ5hXOiGEhjCiVvMC+YtkXYNFGcvigKVU5bO5Jz","preKeyId":4084473}}},"version":"v1"}