{"_sessions":{"BSxVv1jISgM4UlicqikVqgqG++l3Wmb8xv+krAKk8ZpW":{"registrationId":713587615,"currentRatchet":{"ephemeralKeyPair":{"pubKey":"BZf22V2Rn3ASbUuSSGcMlbRxWg+kGF1pqoqdj9dkYABU","privKey":"uFP4XjCkgrG3+VDhCeQsoUV4CDvKXYgnXXT2SJDdMkk="},"lastRemoteEphemeralKey":"BZaGdn3+77B9T3HiBsR0Ph7xNny0whWMFiuAqVoitSt1","previousCounter":0,"rootKey":"PnpJPW7pcDDaz7bDueeJH+4+odjZru1vBDxXukpfyms="},"indexInfo":{"baseKey":"BSxVv1jISgM4UlicqikVqgqG++l3Wmb8xv+krAKk8ZpW","baseKeyType":1,"closed":1763718471475,"used":1763718470221,"created":1763718470221,"remoteIdentityKey":"BdljQ07ulcUAqv/9SUwcD82KL+fqzzWExllg0wYJpoIQ"},"_chains":{"BZf22V2Rn3ASbUuSSGcMlbRxWg+kGF1pqoqdj9dkYABU":{"chainKey":{"counter":-1,"key":"LRsvTUg1WOZhxYJSJD9eT7OtCUX7Pca9uTElD5P0Sh4="},"chainType":1,"messageKeys":{}}},"pendingPreKey":{"signedKeyId":3,"baseKey":"BSxVv1jISgM4UlicqikVqgqG++l3Wmb8xv+krAKk8ZpW","preKeyId":2962969}},"BU6Tv1fJ4X17b742mGElQSdQff4ddyACxGJaE3UkjDZO":{"registrationId":713587615,"currentRatchet":{"ephemeralKeyPair":{"pubKey":"BQm4dQWxNvcjiEtPsqZeMD1CQWHRMtaIZXmMUhIEO3xO","privKey":"qI9uFPaakKBu2/S9boRDG6S7iuO/7RCeEViyYeSZQVA="},"lastRemoteEphemeralKey":"BZaGdn3+77B9T3HiBsR0Ph7xNny0whWMFiuAqVoitSt1","previousCounter":0,"rootKey":"0PIm7X2vVX+/YYKW/did58VUVBytohX9Y3g+7RFF+uw="},"indexInfo":{"baseKey":"BU6Tv1fJ4X17b742mGElQSdQff4ddyACxGJaE3UkjDZO","baseKeyType":1,"closed":-1,"used":1763718471472,"created":1763718471472,"remoteIdentityKey":"BdljQ07ulcUAqv/9SUwcD82KL+fqzzWExllg0wYJpoIQ"},"_chains":{"BQm4dQWxNvcjiEtPsqZeMD1CQWHRMtaIZXmMUhIEO3xO":{"chainKey":{"counter":145,"key":"rRnjim/0BFreTrwXbRyX15QBhHbCAH/DY9fpbN6X3aw="},"chainType":1,"messageKeys":{}}},"pendingPreKey":{"signedKeyId":3,"baseKey":"BU6Tv1fJ4X17b742mGElQSdQff4ddyACxGJaE3UkjDZO","preKeyId":2963657}}},"version":"v1"}