{"_sessions":{"BR7/V3SNVS7Um3w0I0Rv8urfU/docsolIBCa9n/mdbtV":{"registrationId":1504521458,"currentRatchet":{"ephemeralKeyPair":{"pubKey":"BUHuuSGy5P0q7NrsKSHKFXVg5hxtFY++cIKr29uSmngY","privKey":"YP8hYth6Y/v+/K6lef26UfCezUikorqsJGsqxE4nvVo="},"lastRemoteEphemeralKey":"BTSjHv54GoSWKxpDqnCpGy/ykjh7ugZ9I0r50VFCX1QT","previousCounter":0,"rootKey":"Dp+blUa/rfhTQ1rEODm3dieM7M8WZfrOZRGvYrUIYgw="},"indexInfo":{"baseKey":"BR7/V3SNVS7Um3w0I0Rv8urfU/docsolIBCa9n/mdbtV","baseKeyType":1,"closed":1763718471205,"used":1763718470066,"created":1763718470066,"remoteIdentityKey":"BQ5CuZ9o7VjNfoWHTYpkqwcijTfT3s1TTmUi2w1f9uMS"},"_chains":{"BUHuuSGy5P0q7NrsKSHKFXVg5hxtFY++cIKr29uSmngY":{"chainKey":{"counter":-1,"key":"Zu+JETL9Wabvp+jX525dnupiOgzRNUGHVrdTo+Hsspg="},"chainType":1,"messageKeys":{}}},"pendingPreKey":{"signedKeyId":24,"baseKey":"BR7/V3SNVS7Um3w0I0Rv8urfU/docsolIBCa9n/mdbtV","preKeyId":9291366}},"BejnEZq2yR1mJG2iGLkR3kcWkLJLPPxZ7HJTGdPO4Rcw":{"registrationId":1504521458,"currentRatchet":{"ephemeralKeyPair":{"pubKey":"BQpTN3Cn4S2PHtWip0LZ8LhvsVq4MAVoAToQvuvsNLcW","privKey":"sGs4Z6OlBVt3+32bPk5C7IbYnl9xPeHmY6psnKK5XUQ="},"lastRemoteEphemeralKey":"BTSjHv54GoSWKxpDqnCpGy/ykjh7ugZ9I0r50VFCX1QT","previousCounter":0,"rootKey":"j0wCJFCuAF7IMY5qH5BjCHGsK4W8iCrMKKthf5hvybs="},"indexInfo":{"baseKey":"BejnEZq2yR1mJG2iGLkR3kcWkLJLPPxZ7HJTGdPO4Rcw","baseKeyType":1,"closed":-1,"used":1763718471202,"created":1763718471202,"remoteIdentityKey":"BQ5CuZ9o7VjNfoWHTYpkqwcijTfT3s1TTmUi2w1f9uMS"},"_chains":{"BQpTN3Cn4S2PHtWip0LZ8LhvsVq4MAVoAToQvuvsNLcW":{"chainKey":{"counter":145,"key":"YRy07IGaanUye1ufH/Pe5V0xM6On5H8sIY/XEvQ/GC0="},"chainType":1,"messageKeys":{}}},"pendingPreKey":{"signedKeyId":24,"baseKey":"BejnEZq2yR1mJG2iGLkR3kcWkLJLPPxZ7HJTGdPO4Rcw","preKeyId":9290720}}},"version":"v1"}