{"_sessions":{"BcP4/8GsEQyzFWLKPxMAN2u5oM0iGwSmuPV/DQ19aMRS":{"registrationId":137465341,"currentRatchet":{"ephemeralKeyPair":{"pubKey":"BemNzOKVdKhkEpoYsKWloHSXiH6AoTPUgdZuJSC7Xi1a","privKey":"0C6yECyBQobBen6lOdeiglbab9W+jvbWnR8pI3IzG3w="},"lastRemoteEphemeralKey":"BVQKnrmXqecXj0YdPOFLwoVO2GN85ssz5rpqx2SCe/c4","previousCounter":1,"rootKey":"HDUr7nwW9e0NN9A5yS9id2np6Ro+98wUnsqKyEfPs0Q="},"indexInfo":{"baseKey":"BcP4/8GsEQyzFWLKPxMAN2u5oM0iGwSmuPV/DQ19aMRS","baseKeyType":2,"closed":1763718524244,"used":1763718507724,"created":1763715348212,"remoteIdentityKey":"Be4gyaa3Ri8yCntGDl0Rh+oOYqAJQFL78LNayGSZy+46"},"_chains":{"Bb+RJf9cetQRAN3pPpHHz9XfpURHszs/WjvT1GXsThRU":{"chainKey":{"counter":4},"chainType":2,"messageKeys":{}},"BVd/YEassnW7ee8UtWhXjNo/JUlzNtF6j2xHd9sf0+kF":{"chainKey":{"counter":1},"chainType":2,"messageKeys":{}},"BWuCVNWNzJW/2V4GQzQOT0swqbo+4GUq4hyz4offMt8k":{"chainKey":{"counter":1},"chainType":2,"messageKeys":{}},"BQaV8k+Tqox+iv9w4SPD0Oi6QZ6WBOtVhBa0jtOOqQg8":{"chainKey":{"counter":1},"chainType":2,"messageKeys":{}},"BcnFeLYqYml4FTn2tuSnLHgPlni0kGZSGKniJNN0LLQd":{"chainKey":{"counter":1},"chainType":2,"messageKeys":{}},"BQ24hoh+Zol0Sm5ZKY0+0Mo/Wktof6pGYJf5sX98t3oP":{"chainKey":{"counter":1},"chainType":2,"messageKeys":{}},"BQwaiGLlQSgwfWPu1H1HUTJXtP2tHN6nFqySUWsJGHtb":{"chainKey":{"counter":1},"chainType":2,"messageKeys":{}},"Ba6g4dVUhNt68Nk2iH7YxfmqK+0unwjm0veh1YhuAfQS":{"chainKey":{"counter":0},"chainType":2,"messageKeys":{}},"BQhgrsbog3wJLnYHjdKKHcP8MnjxR7TspN01FaO8AG9u":{"chainKey":{"counter":2},"chainType":2,"messageKeys":{}},"BXQ0awyP92Am2x8g6tBE2E+im1frpCMAm/Ncc8KydwwX":{"chainKey":{"counter":1},"chainType":2,"messageKeys":{}},"BaGvDsoPVMtzS5XQD/FnIkRfYtMY+LywJbu4oveWcANK":{"chainKey":{"counter":1},"chainType":2,"messageKeys":{"1":"35q/ku7EQ3ZfZIzPCfHzViZsXhaZe/ShUGKQk5YVZ98="}},"BczHWia2DS7qixShHY2Y2+kDY0gyGNjcgzTk+9kA4Hla":{"chainKey":{"counter":1},"chainType":2,"messageKeys":{}},"BY/8zo0Xgj/z6x92/dHEoI9cn/JyotQnMGf+aF5zrLhY":{"chainKey":{"counter":1},"chainType":2,"messageKeys":{}},"BVQKnrmXqecXj0YdPOFLwoVO2GN85ssz5rpqx2SCe/c4":{"chainKey":{"counter":2,"key":"ghtjrrTe1dSZY8fOCmbfUhHW9TJCtHjHcPxXWiRkYUk="},"chainType":2,"messageKeys":{}},"BemNzOKVdKhkEpoYsKWloHSXiH6AoTPUgdZuJSC7Xi1a":{"chainKey":{"counter":0,"key":"3+/5yG3WXDoG35WfLujm2jt+x01+zd2zbhQBT/7qBvc="},"chainType":1,"messageKeys":{}}}},"BdPvesnLMwBPaOl66Wwejab6YiC276c9VmZhY6viWKEH":{"registrationId":137465341,"currentRatchet":{"ephemeralKeyPair":{"pubKey":"BWeWBDYeWOpL9Pr27rLdansRjUacaFR/wB7FSrcomXUB","privKey":"+Bh53JuiVu/Mumr9TEDhaXeAaK8wy61bVNB+j124cmQ="},"lastRemoteEphemeralKey":"BR/pr8WWCnj48dJ23jmtADURVhwfD45f3LdIE4xxFuNc","previousCounter":0,"rootKey":"5g2OYj7lunFcLuDtWJM4gVZUgZ8Wz7ckI17aXKZ5h3Q="},"indexInfo":{"baseKey":"BdPvesnLMwBPaOl66Wwejab6YiC276c9VmZhY6viWKEH","baseKeyType":2,"closed":1763718530333,"used":1763718525340,"created":1763718524255,"remoteIdentityKey":"Be4gyaa3Ri8yCntGDl0Rh+oOYqAJQFL78LNayGSZy+46"},"_chains":{"BXevMLVtlkZtrMG7fBvZvn8SH4hs31prQq4K0yvp4n0+":{"chainKey":{"counter":0},"chainType":2,"messageKeys":{}},"BR/pr8WWCnj48dJ23jmtADURVhwfD45f3LdIE4xxFuNc":{"chainKey":{"counter":0,"key":"N0fBXHnM/dhU3IWZRyCI0+RHBSdgs6XJMc/A5HIDloM="},"chainType":2,"messageKeys":{}},"BWeWBDYeWOpL9Pr27rLdansRjUacaFR/wB7FSrcomXUB":{"chainKey":{"counter":-1,"key":"GiBt4EBxJSZn6APBL8KpbwFc/VttzqV00vSINqaGaQk="},"chainType":1,"messageKeys":{}}}},"BT7eN9nifrszbnLnj0TPpZN0hSsBR6wTNfr82Lgg1mYg":{"registrationId":137465341,"currentRatchet":{"ephemeralKeyPair":{"pubKey":"BcRVgVZWbjfSpMnKspmzEglCi4OQ+wR6shfAjxHp8aso","privKey":"kBVX2cWTiWbx6z1UE+skhSn1eTspTtzQFqtjI9SSknU="},"lastRemoteEphemeralKey":"BZBoLLpPcTo4Zc6gCt1wVY3Fjvhq4zLqh8eFGXrrUehx","previousCounter":0,"rootKey":"Ipk2L/LoMBxXW8avSjgzZ83MfsHBm7GQb/rJ6QqDTi0="},"indexInfo":{"baseKey":"BT7eN9nifrszbnLnj0TPpZN0hSsBR6wTNfr82Lgg1mYg","baseKeyType":2,"closed":1763718549449,"used":1763718530342,"created":1763718530342,"remoteIdentityKey":"Be4gyaa3Ri8yCntGDl0Rh+oOYqAJQFL78LNayGSZy+46"},"_chains":{"BZBoLLpPcTo4Zc6gCt1wVY3Fjvhq4zLqh8eFGXrrUehx":{"chainKey":{"counter":0,"key":"fEBD+cjC/syrxGRzoYxIm6a0osxeBR3FIf/wLaSQ+fE="},"chainType":2,"messageKeys":{}},"BcRVgVZWbjfSpMnKspmzEglCi4OQ+wR6shfAjxHp8aso":{"chainKey":{"counter":0,"key":"5DuO+3uTnbXYq2SsGXShMjrJxo4EP/7TKoAOegmBjqw="},"chainType":1,"messageKeys":{}}}},"BcNkiVl8TslF+Adpv6gLANiZkG1wcTF1gEzqi0ytO1Ru":{"registrationId":137465341,"currentRatchet":{"ephemeralKeyPair":{"pubKey":"BaMphQZbdEstlIIgjwhRNLVw7i3trJzhxgVJNgUvXVFd","privKey":"yOxDDGY0n/c+Siftx7DfcGGoUaKrS8ttp1noM5wJu2c="},"lastRemoteEphemeralKey":"BVcEcMY4jFL7e7gHzpRiAMHjnEofa7t0eotN+XbjesxR","previousCounter":0,"rootKey":"RBiBAduqjVSJQtz7d/o0cZf0S8vIS7oNJPWQDUUAMRo="},"indexInfo":{"baseKey":"BcNkiVl8TslF+Adpv6gLANiZkG1wcTF1gEzqi0ytO1Ru","baseKeyType":2,"closed":1763718579765,"used":1763718550640,"created":1763718549452,"remoteIdentityKey":"Be4gyaa3Ri8yCntGDl0Rh+oOYqAJQFL78LNayGSZy+46"},"_chains":{"Ba9GaGhwqoyocM/RoMWiZByL6+NCVljQMi0fQnHkjg1o":{"chainKey":{"counter":0},"chainType":2,"messageKeys":{}},"BVcEcMY4jFL7e7gHzpRiAMHjnEofa7t0eotN+XbjesxR":{"chainKey":{"counter":0,"key":"uFW8S4XuUpuURt9MerMLLLG4BqPtk3IO+yWYnkzv+Cw="},"chainType":2,"messageKeys":{}},"BaMphQZbdEstlIIgjwhRNLVw7i3trJzhxgVJNgUvXVFd":{"chainKey":{"counter":-1,"key":"6yo7o4gRoruiOg3hYTIR9JY3O0D0SIgC76v/wkkD7w4="},"chainType":1,"messageKeys":{}}}},"BePDHGWnG2W4IYCb+yb4Qnl1xliTQAo8GpTnLSGcrh5W":{"registrationId":137465341,"currentRatchet":{"ephemeralKeyPair":{"pubKey":"BffNrK3Y8cmmAnOBA/oJQiwcysAMcjge8CTX1bEvvBM7","privKey":"6AvlTuf/kbtRmv/RTutQbae6RY+hZCtk33WxOVIcAFA="},"lastRemoteEphemeralKey":"BdF2WBAkYjQPt5kzLoszbhk8HlxKcY8pSqXmRsi7JhFL","previousCounter":0,"rootKey":"S/G6ywktsZhIJZ1zKCyt9aaobbbaTXOfgW5EKOsMEfE="},"indexInfo":{"baseKey":"BePDHGWnG2W4IYCb+yb4Qnl1xliTQAo8GpTnLSGcrh5W","baseKeyType":2,"closed":1763718598791,"used":1763718595450,"created":1763718579774,"remoteIdentityKey":"Be4gyaa3Ri8yCntGDl0Rh+oOYqAJQFL78LNayGSZy+46"},"_chains":{"BeZO3SQhuknReNDujmrSrE/Fo0E+XqCJEP9mc7wgKols":{"chainKey":{"counter":0},"chainType":2,"messageKeys":{}},"BfWXcDZ+rmo6aen6UX/WJhFKbohKHX/WNSXKexOTTZQc":{"chainKey":{"counter":0},"chainType":2,"messageKeys":{}},"BdF2WBAkYjQPt5kzLoszbhk8HlxKcY8pSqXmRsi7JhFL":{"chainKey":{"counter":1,"key":"i6qCsmF82GA+Z4/SBH9gvFA0ptpmbKxEBte+FZBs0dQ="},"chainType":2,"messageKeys":{}},"BffNrK3Y8cmmAnOBA/oJQiwcysAMcjge8CTX1bEvvBM7":{"chainKey":{"counter":1,"key":"0uVYo5lFH8Y4L7sTt+mTqs3y+RSQIMtUp5LvAB0mg68="},"chainType":1,"messageKeys":{}}}},"Bd+13G1urwiJCaAK4nDlmQZQs1gOaETTdIXLiVepXPxA":{"registrationId":137465341,"currentRatchet":{"ephemeralKeyPair":{"pubKey":"BZJticUblr/d5CktFypCDm+Fl5nfMUetZbreK3IMWUYb","privKey":"4FgOOqzgimMvmit62MRFI7UrfZCsd5aWs5GdbfxaIn8="},"lastRemoteEphemeralKey":"BdGZsVKiUMOSo5oBxfWt2xtPYEQgrOAEgb4BwBk9g+JL","previousCounter":1,"rootKey":"NK9XXCASezxJ/MRW4ic7H0g5G6J/bUvO2nRhYtR66LE="},"indexInfo":{"baseKey":"Bd+13G1urwiJCaAK4nDlmQZQs1gOaETTdIXLiVepXPxA","baseKeyType":1,"closed":1763720149040,"used":1763719413427,"created":1763718598783,"remoteIdentityKey":"Be4gyaa3Ri8yCntGDl0Rh+oOYqAJQFL78LNayGSZy+46"},"_chains":{"BT5eP08MonnNP7nKg2jHY6OENihjLi/j4GT1LfwL4XsZ":{"chainKey":{"counter":0},"chainType":2,"messageKeys":{}},"Bamm+uGqJKffeLXYI3BoB0SUZIInc3cteJGBhiZrG+9B":{"chainKey":{"counter":1},"chainType":2,"messageKeys":{}},"BQZNnBQ50Q23rhjZd5N3XItqUxkr4mjlYl3FuVJnYr8d":{"chainKey":{"counter":1},"chainType":2,"messageKeys":{}},"BXpUyeqDOLjiO5QHx4CgajLGPz1vwci5/LFMYEFUPmZz":{"chainKey":{"counter":1},"chainType":2,"messageKeys":{}},"BfOVYzcF8Zjt2WKNcegYp0Ov7v7fSpmEZAXmKwz0or8d":{"chainKey":{"counter":1},"chainType":2,"messageKeys":{}},"BUtMLkxrbJKbU4QCik2EG4gNHPx9a+8ff+kImTGKQxh+":{"chainKey":{"counter":1},"chainType":2,"messageKeys":{}},"BXJzOZhbYwq3i/hpuTIzxUX6z4IDZPXY0K9q7S8Q9exG":{"chainKey":{"counter":1},"chainType":2,"messageKeys":{}},"BeGrb1KqlY3R4xTSonymHQejBYOw/c3cDKYZY9jw8s56":{"chainKey":{"counter":1},"chainType":2,"messageKeys":{}},"BbmEaqEMzp/pC2jqTW8gb8RpHXcO5gYOwUNKrrYIivJg":{"chainKey":{"counter":1},"chainType":2,"messageKeys":{}},"BaRbO425BP3ywWLkJBPvslHbUVdTd1JWjDsmjhmJAxUu":{"chainKey":{"counter":1},"chainType":2,"messageKeys":{}},"BZeaBrrw1tFUAYSQ8OHFsRuzQo5UlYM0rgo6jZqneKpC":{"chainKey":{"counter":1},"chainType":2,"messageKeys":{}},"BesLALV6IHxysYIW2S2uUcr2f3Y9bK6nVuJNr6i2VxsB":{"chainKey":{"counter":1},"chainType":2,"messageKeys":{}},"BdGZsVKiUMOSo5oBxfWt2xtPYEQgrOAEgb4BwBk9g+JL":{"chainKey":{"counter":0,"key":"pLUOwE5Vi+0Nqn+/DB3zrst18qHn3MywYuHwn4hpL/Q="},"chainType":2,"messageKeys":{}},"BZJticUblr/d5CktFypCDm+Fl5nfMUetZbreK3IMWUYb":{"chainKey":{"counter":-1,"key":"w220lIWOyZW8VFF+Yec3+3h6P8qwEFoF5uCj/pFIjfo="},"chainType":1,"messageKeys":{}}}},"Bf9lSBy8bSBPdBgBpb+hjlfMpDw9v+DQdtaRUN/OcYg/":{"registrationId":137465341,"currentRatchet":{"ephemeralKeyPair":{"pubKey":"BQpnjVAutos5LNUYi8KGBu3oKJue0cOCTtLLPORQklUD","privKey":"qFNfsZvZ5ZCgZQpQJSg4+OZMuAQZU2Ps6NEY1Ep+9H8="},"lastRemoteEphemeralKey":"BVt3vzmHxWC2jsvqk6Cw9jNNUxWF/HRcpthnvlj9LPpz","previousCounter":0,"rootKey":"qlo3y2CX8ddoxI8eKvUwvBYMJGN0nXVAEyCpMyPIQk8="},"indexInfo":{"baseKey":"Bf9lSBy8bSBPdBgBpb+hjlfMpDw9v+DQdtaRUN/OcYg/","baseKeyType":2,"closed":1763720159622,"used":1763720155166,"created":1763720149047,"remoteIdentityKey":"Be4gyaa3Ri8yCntGDl0Rh+oOYqAJQFL78LNayGSZy+46"},"_chains":{"BZAcujn+qa8GsLgt90gCtD6r+AatFsiftDaB1N+jT31Y":{"chainKey":{"counter":0},"chainType":2,"messageKeys":{}},"BeR9ma6uhsnE1dk7vT9PFd5GTVlFqGpFg5/UO4wsmV8S":{"chainKey":{"counter":1},"chainType":2,"messageKeys":{"1":"5SgXhEXMBi0k3MVp6fI1HZreZioUHxsELVG73AUjJaY="}},"BVt3vzmHxWC2jsvqk6Cw9jNNUxWF/HRcpthnvlj9LPpz":{"chainKey":{"counter":0,"key":"koMoYtxntSTtHkOy51niNYevnHUlhNk6GHNRH4c1RGU="},"chainType":2,"messageKeys":{}},"BQpnjVAutos5LNUYi8KGBu3oKJue0cOCTtLLPORQklUD":{"chainKey":{"counter":-1,"key":"Qgd86prUYH3UJ5FyuI2LYBB8ROmzfD/CxmkwBbF1Vyw="},"chainType":1,"messageKeys":{}}}},"BX+F/kSexhOJOPj1FBaUS2WYQt16LPFWxnPHZ44TGL5s":{"registrationId":137465341,"currentRatchet":{"ephemeralKeyPair":{"pubKey":"BbF2OSmdXlp4wxCILnbvSUlTkT2KXLZzs/gQJJHrWNZ4","privKey":"CDidiEklCWd4Q0fO2nW+dRpU1QMtcG9x8P1rgDVh5VQ="},"lastRemoteEphemeralKey":"BUPO6si7lgsGoGyzXYagsVBfKWCb8oyjpLArHFnVrBNb","previousCounter":1,"rootKey":"D266M/RLGMOvvngDgDNXTk8klSk92ZO3/U4ctn9zFvI="},"indexInfo":{"baseKey":"BX+F/kSexhOJOPj1FBaUS2WYQt16LPFWxnPHZ44TGL5s","baseKeyType":2,"closed":-1,"used":1763722626043,"created":1763720159632,"remoteIdentityKey":"Be4gyaa3Ri8yCntGDl0Rh+oOYqAJQFL78LNayGSZy+46"},"_chains":{"BR2iB3HOZ4ek0c96y9LGMjsYkfRQFg8ZvE0D4ALuLP9M":{"chainKey":{"counter":0},"chainType":2,"messageKeys":{}},"BRXPlacBcwLs9007DX/3rbKbnJ4u7dsuoySgW4YHRJZ+":{"chainKey":{"counter":1},"chainType":2,"messageKeys":{}},"BUtINjxIDTxaGWtMm9mA/RsNGJp3uERXypZDQIorsBQC":{"chainKey":{"counter":0},"chainType":2,"messageKeys":{}},"BcAcofUFB91eJ6GagG+oAOipI7YqIiHB8dpH2DXLymR2":{"chainKey":{"counter":1},"chainType":2,"messageKeys":{}},"BXi1vPsw5YHAxQ5/zxMUdrtIEL+bF+uShnsA09zK0ttZ":{"chainKey":{"counter":1},"chainType":2,"messageKeys":{}},"BcEmc6Cph7/Soc3keuFBbgqOlYnESNjB7AChM5kP5TQH":{"chainKey":{"counter":1},"chainType":2,"messageKeys":{}},"BTs9EUFlesCiYuQYzNcwDlm7UrWOH4V9kfteaBz7UaFr":{"chainKey":{"counter":1},"chainType":2,"messageKeys":{}},"BdIhyiNj1KLxR/yEeIW4r/vAaGdIipk/QIOcPh8Fa3YI":{"chainKey":{"counter":1},"chainType":2,"messageKeys":{}},"BXa8zIoagNuSi8+ajYcKrl4bKTLAii6DXmLXpDgqZYVU":{"chainKey":{"counter":1},"chainType":2,"messageKeys":{}},"BeLheHQRJCoDEQABoIgslZKuS9BPJVWcVqY+eAZXa4lm":{"chainKey":{"counter":1},"chainType":2,"messageKeys":{}},"BQ5G0V7xaCGh0L9OOawF4flBkxMg2q4vxUDxZon9+fAG":{"chainKey":{"counter":1},"chainType":2,"messageKeys":{}},"BYTPY1cdIY+f6XPh+n1y8esXPZzMNFKSIz61KKMHoUc5":{"chainKey":{"counter":1},"chainType":2,"messageKeys":{}},"BbZUzz2SxCIG/xuiN9GUVOov3bbaX3SuZWvwLIu13D4V":{"chainKey":{"counter":1},"chainType":2,"messageKeys":{}},"BZEkyz9nJ7qhbFfkDh94UA7+wez9Kh1W+Ao/Qd+fOZIL":{"chainKey":{"counter":1},"chainType":2,"messageKeys":{}},"BVntdHevLuS4M7sC7ssc1G6SESvOEwN4lQIkCdZSIlpK":{"chainKey":{"counter":1},"chainType":2,"messageKeys":{}},"BVNtUcXmfSH9LQVvacIb41BxoMRL6XS8GlVOoB0brX5v":{"chainKey":{"counter":1},"chainType":2,"messageKeys":{}},"BYZc5xip8XDnT/VlWJvQr0I90gbtiC4jfw/8YDuw+Zxm":{"chainKey":{"counter":1},"chainType":2,"messageKeys":{}},"BR+1UjzISxAFjtGCJBLjfcybJZaoE/LFz2RtDQz1um9o":{"chainKey":{"counter":1},"chainType":2,"messageKeys":{}},"BZYxAAX9Lvm8jUJPUDiRr4rH9F41g2c6kqOmr6fSWiBA":{"chainKey":{"counter":1},"chainType":2,"messageKeys":{}},"BWqOleAgqUXLr+LiwDhm/d75ptzIwSmplk/WZEd9hC1c":{"chainKey":{"counter":1},"chainType":2,"messageKeys":{}},"Bf24X27oWjSjxgUu6R0rOmcVtJojupZQXe6OVTgAzKpO":{"chainKey":{"counter":1},"chainType":2,"messageKeys":{}},"BaCY3IJk7HYDZnir2uxtGNS6xvaK/d6AZSBWnefS9N8s":{"chainKey":{"counter":1},"chainType":2,"messageKeys":{}},"BUTemvBsQTStZ89pNVuG1fqBx11qexob3C1rPct/0ZkX":{"chainKey":{"counter":1},"chainType":2,"messageKeys":{}},"BXO9TI2kU+b0VexhmzjKitupqlMtV6bQywOT3b9zrTop":{"chainKey":{"counter":1},"chainType":2,"messageKeys":{}},"BU/v1ioKC5mIZiEIrCJs7YKdnSCt3rp4PHMV3c5WlaBq":{"chainKey":{"counter":1},"chainType":2,"messageKeys":{}},"BWdROWgOcuq4bErt2MiT0nJ0l6PqA85k9Ijcq0bbK/dU":{"chainKey":{"counter":1},"chainType":2,"messageKeys":{}},"BZWtQkvX5OX6e7eeBnoTahB5iYFCDfn4CETUozh2xFw1":{"chainKey":{"counter":1},"chainType":2,"messageKeys":{}},"BSRoqfGynQxfEZFfSah6ooCnCseT/DDP7h2uhxjk9h97":{"chainKey":{"counter":1},"chainType":2,"messageKeys":{}},"BTiVqrKFlZrsnNyjLI3nJoTHNtA0C+gN2i9FezgEi7xX":{"chainKey":{"counter":1},"chainType":2,"messageKeys":{}},"BdkZ5AEO6gjLqacu3k4YNbwf6QhPopfMkzlMmGuTdjgH":{"chainKey":{"counter":1},"chainType":2,"messageKeys":{}},"BT8RUmwR7VRH7ld6557Yi1iDxqsUo6BIXpzwqC2tS6M5":{"chainKey":{"counter":1},"chainType":2,"messageKeys":{}},"BbXvh0aknOql1XCZr+z3gNwy9Z1zScIH7VMBai0EIPAB":{"chainKey":{"counter":1},"chainType":2,"messageKeys":{}},"BZpQByy5JsY9UKuKHaFo0wK+gMZbwGHrWtX9hQPlE2Az":{"chainKey":{"counter":1},"chainType":2,"messageKeys":{}},"BUPO6si7lgsGoGyzXYagsVBfKWCb8oyjpLArHFnVrBNb":{"chainKey":{"counter":0,"key":"EY9LyJqq5Y7ruFc1GLX+zLBTX7SDrZoD1GkOXeKXQr8="},"chainType":2,"messageKeys":{}},"BbF2OSmdXlp4wxCILnbvSUlTkT2KXLZzs/gQJJHrWNZ4":{"chainKey":{"counter":-1,"key":"cu2R3Bxh1CqcmK+PcUvVA2OnKR095cEczT6NIXu7zpg="},"chainType":1,"messageKeys":{}}}}},"version":"v1"}