{"_sessions":{"BQ5VZMPdT6x4alKxBT6oy/0iBLLvnEa+dOc7+akf2ygb":{"registrationId":1203517105,"currentRatchet":{"ephemeralKeyPair":{"pubKey":"Bcu46ZXSnpACytgIrsYNNuIXeT03al+WzlYRqqPgLqZS","privKey":"OHghzQ4rpqmw6PdPsX2oU9m4C5nQSX4zkiSdjuMuPnw="},"lastRemoteEphemeralKey":"BQnDxIMEwTbWHMYyxY9VLknjXBgSz8wcOjn8yeGdmiYE","previousCounter":0,"rootKey":"MZ+8hKsV3G4Au1shi8ePWma0DLtRTA0es6iWoGm7U9Y="},"indexInfo":{"baseKey":"BQ5VZMPdT6x4alKxBT6oy/0iBLLvnEa+dOc7+akf2ygb","baseKeyType":1,"closed":1763718471119,"used":1763718470016,"created":1763718470016,"remoteIdentityKey":"BYgeoCf9x8SJwXFfdcLANbTgnfkKP//sDjy516hsiuhb"},"_chains":{"Bcu46ZXSnpACytgIrsYNNuIXeT03al+WzlYRqqPgLqZS":{"chainKey":{"counter":-1,"key":"49ViJi86cJvo8rwrhC6BKH124CyHgmJY73rdZCt0Hi4="},"chainType":1,"messageKeys":{}}},"pendingPreKey":{"signedKeyId":4,"baseKey":"BQ5VZMPdT6x4alKxBT6oy/0iBLLvnEa+dOc7+akf2ygb","preKeyId":10200293}},"BWUzJi5d2xeBPqteweshIBAINCxfcYVXSL+HdjhFMigQ":{"registrationId":1203517105,"currentRatchet":{"ephemeralKeyPair":{"pubKey":"BT3UevPdczZP5SeLrhLS2uXKPUkTjxFx8Yje9Mwf7Lg5","privKey":"ALExTus8xMktHUPLK2hgnBDpvfFQz8xQtn8O8oGPEVo="},"lastRemoteEphemeralKey":"BQnDxIMEwTbWHMYyxY9VLknjXBgSz8wcOjn8yeGdmiYE","previousCounter":0,"rootKey":"oOO3tCPxAwv11mhjuKGjl/yGdDgcKCF7s+9xRBLQfQE="},"indexInfo":{"baseKey":"BWUzJi5d2xeBPqteweshIBAINCxfcYVXSL+HdjhFMigQ","baseKeyType":1,"closed":-1,"used":1763718471116,"created":1763718471116,"remoteIdentityKey":"BYgeoCf9x8SJwXFfdcLANbTgnfkKP//sDjy516hsiuhb"},"_chains":{"BT3UevPdczZP5SeLrhLS2uXKPUkTjxFx8Yje9Mwf7Lg5":{"chainKey":{"counter":145,"key":"TpJM0VMvPuyY234uTuLNPfCria3FqmudX+lLh3y7SO8="},"chainType":1,"messageKeys":{}}},"pendingPreKey":{"signedKeyId":4,"baseKey":"BWUzJi5d2xeBPqteweshIBAINCxfcYVXSL+HdjhFMigQ","preKeyId":10200453}}},"version":"v1"}