{"_sessions":{"BXbG1//Tl8z39YonzGHuG+JXlZRuc/OBUAeVQa0nR31O":{"registrationId":71817864,"currentRatchet":{"ephemeralKeyPair":{"pubKey":"BQlwoc7kbTF0QC07ZAHN+LA9wu8KFcpsADmQDZbcuPJj","privKey":"mNCHWQYMwG6wPvRIjQgig8zKvT7HJ+Nd0JiH18LS2l0="},"lastRemoteEphemeralKey":"BceQ4ayID0FdP+4fxxxdY3DlvLx9JFLcbeEAz6bV9Eof","previousCounter":0,"rootKey":"2ReC1YMVYSFRiir9owyVmEqGX3aBAmZbicN0WxgNZsE="},"indexInfo":{"baseKey":"BXbG1//Tl8z39YonzGHuG+JXlZRuc/OBUAeVQa0nR31O","baseKeyType":1,"closed":1763718473033,"used":1763718472011,"created":1763718472011,"remoteIdentityKey":"BU/hpuXpl/H7JZeIgULI3uSjR8QYWcy4jWxsVYkE6k8r"},"_chains":{"BQlwoc7kbTF0QC07ZAHN+LA9wu8KFcpsADmQDZbcuPJj":{"chainKey":{"counter":-1,"key":"YstkANED2W2iTD81WmGYKLsMfSkJ5Jm75MY8CH19fZM="},"chainType":1,"messageKeys":{}}},"pendingPreKey":{"signedKeyId":13570019,"baseKey":"BXbG1//Tl8z39YonzGHuG+JXlZRuc/OBUAeVQa0nR31O","preKeyId":16732115}},"Ba+2qF2H2DDcTvDe3VfPGvSDQKKSKdQUg92kLMAAXJY8":{"registrationId":71817864,"currentRatchet":{"ephemeralKeyPair":{"pubKey":"BXcJ7bdW5hlPqNIL8dhy8ZI8Sx1HL8SddCqyAdecNJ4u","privKey":"YGiIul3nHDXkkeBW3UqR3xHwEmJKdkNmii+STrgClm4="},"lastRemoteEphemeralKey":"BceQ4ayID0FdP+4fxxxdY3DlvLx9JFLcbeEAz6bV9Eof","previousCounter":0,"rootKey":"J8DjJNfXoMmYnoh3CsovufulKOqsyhwVGcXCx05pvNE="},"indexInfo":{"baseKey":"Ba+2qF2H2DDcTvDe3VfPGvSDQKKSKdQUg92kLMAAXJY8","baseKeyType":1,"closed":-1,"used":1763718473030,"created":1763718473030,"remoteIdentityKey":"BU/hpuXpl/H7JZeIgULI3uSjR8QYWcy4jWxsVYkE6k8r"},"_chains":{"BXcJ7bdW5hlPqNIL8dhy8ZI8Sx1HL8SddCqyAdecNJ4u":{"chainKey":{"counter":145,"key":"WTMZWxtCj12vB9AmqbPQbNxCJgGm/2dxxNO0towqDoY="},"chainType":1,"messageKeys":{}}},"pendingPreKey":{"signedKeyId":13570019,"baseKey":"Ba+2qF2H2DDcTvDe3VfPGvSDQKKSKdQUg92kLMAAXJY8","preKeyId":16732142}}},"version":"v1"}