{"_sessions":{"BToHfkY1pqVaUFUDB1BCUNnXV1Im09UxS/9WUgb6jhFZ":{"registrationId":2108540476,"currentRatchet":{"ephemeralKeyPair":{"pubKey":"BfHjs3dgcR7z9eGsvP1ez52Bot7w0FcGpxYnyP6bfX1Z","privKey":"sATVwBFBft4B8oB2V2XWOPrGchpAvCLEAy/RjldtKW8="},"lastRemoteEphemeralKey":"BRoPjdHm5I1Ams3Qj7MOAq+JxELqD4AatNMzffGf6SdZ","previousCounter":0,"rootKey":"RgfKCoh0pfjdTZZhqXTZ7k8tzJVEFdsSJLDbYMy69Aw="},"indexInfo":{"baseKey":"BToHfkY1pqVaUFUDB1BCUNnXV1Im09UxS/9WUgb6jhFZ","baseKeyType":1,"closed":1763718470895,"used":1763718469889,"created":1763718469889,"remoteIdentityKey":"BTUgq8N2xv5L0sPtEb2D88C+hQ2IEj902PMyf16PQwkl"},"_chains":{"BfHjs3dgcR7z9eGsvP1ez52Bot7w0FcGpxYnyP6bfX1Z":{"chainKey":{"counter":-1,"key":"OQsSstHfJUUOa+CFe+lA3aUSbYK+OCpkd4Lns2oCMtU="},"chainType":1,"messageKeys":{}}},"pendingPreKey":{"signedKeyId":6,"baseKey":"BToHfkY1pqVaUFUDB1BCUNnXV1Im09UxS/9WUgb6jhFZ","preKeyId":12331671}},"BfphOhRGoPZEglMQBdhGUSVEhfbA3eLN3ahykpYHzagV":{"registrationId":2108540476,"currentRatchet":{"ephemeralKeyPair":{"pubKey":"BY1C9Uk+eqWACxVrqfgQELeyVzVpAAi26l+DOnWof5VN","privKey":"YB+Jj3ZDpFXYTX1gjCQKhwa+lVCw9vZhbP9iuHN6CWA="},"lastRemoteEphemeralKey":"BRoPjdHm5I1Ams3Qj7MOAq+JxELqD4AatNMzffGf6SdZ","previousCounter":0,"rootKey":"RlhfwEV1slq6t8WP82OPt1OPGIi9B2orMQpIRSAB2Mw="},"indexInfo":{"baseKey":"BfphOhRGoPZEglMQBdhGUSVEhfbA3eLN3ahykpYHzagV","baseKeyType":1,"closed":-1,"used":1763718470892,"created":1763718470892,"remoteIdentityKey":"BTUgq8N2xv5L0sPtEb2D88C+hQ2IEj902PMyf16PQwkl"},"_chains":{"BY1C9Uk+eqWACxVrqfgQELeyVzVpAAi26l+DOnWof5VN":{"chainKey":{"counter":145,"key":"SnORLp083+6O6ipv6JNzC65H60NfV8UlX9ovKaot3FU="},"chainType":1,"messageKeys":{}}},"pendingPreKey":{"signedKeyId":6,"baseKey":"BfphOhRGoPZEglMQBdhGUSVEhfbA3eLN3ahykpYHzagV","preKeyId":12331575}}},"version":"v1"}