{"_sessions":{"BQvukIgLzguPKJn80VRPHyKX2OAKkAnvjXG40rkGGplB":{"registrationId":16067375,"currentRatchet":{"ephemeralKeyPair":{"pubKey":"BeXOazOs4TMOOzCspBb2CGJd/xpub1TdNHiCTV/AwnY/","privKey":"yIk3rHfs2JFoEO7xfuap8jqnNnHwy94atOqdcOayRUQ="},"lastRemoteEphemeralKey":"BZdelEAE7rvvEhw2ZUu8P2vnPv6AeZj7tXVjHwXrlmV/","previousCounter":0,"rootKey":"bukRMkWLfgHFES+qxoYWBpNtUjeM1ZN4WRRmgtvWKSw="},"indexInfo":{"baseKey":"BQvukIgLzguPKJn80VRPHyKX2OAKkAnvjXG40rkGGplB","baseKeyType":1,"closed":1763718480161,"used":1763718479212,"created":1763718479212,"remoteIdentityKey":"BZgMZgPiwpe64WPFOyPhCm3X5jRCEmjOzNRuwmS1DLQ5"},"_chains":{"BeXOazOs4TMOOzCspBb2CGJd/xpub1TdNHiCTV/AwnY/":{"chainKey":{"counter":-1,"key":"Qdu5/ouiBOKYObrQ65WRyyXKU0gnOOjd123tsCCs8Vg="},"chainType":1,"messageKeys":{}}},"pendingPreKey":{"signedKeyId":4,"baseKey":"BQvukIgLzguPKJn80VRPHyKX2OAKkAnvjXG40rkGGplB","preKeyId":1434544}},"BRWF3O+WQpFNWGYRfd0dDLZXOC/h43BSnciAUdCY+vkJ":{"registrationId":16067375,"currentRatchet":{"ephemeralKeyPair":{"pubKey":"BTLmRCDckjrx7B6NF2uCFJQoAtS1LWq8KtPo2D1Jaj1V","privKey":"yPSbtFhDDqLOgO0pnFpgAcFgmtFFGaUWnW/g31NsWkI="},"lastRemoteEphemeralKey":"BZdelEAE7rvvEhw2ZUu8P2vnPv6AeZj7tXVjHwXrlmV/","previousCounter":0,"rootKey":"MxbDgbnH3Xp/V8cTH184WVYK3jqDcngMt4+Jltyc76Y="},"indexInfo":{"baseKey":"BRWF3O+WQpFNWGYRfd0dDLZXOC/h43BSnciAUdCY+vkJ","baseKeyType":1,"closed":-1,"used":1763718480158,"created":1763718480158,"remoteIdentityKey":"BZgMZgPiwpe64WPFOyPhCm3X5jRCEmjOzNRuwmS1DLQ5"},"_chains":{"BTLmRCDckjrx7B6NF2uCFJQoAtS1LWq8KtPo2D1Jaj1V":{"chainKey":{"counter":145,"key":"nNPsMQMCALASl8bpX1kAoX3EyzXApOpUZwhoTS0bX/E="},"chainType":1,"messageKeys":{}}},"pendingPreKey":{"signedKeyId":4,"baseKey":"BRWF3O+WQpFNWGYRfd0dDLZXOC/h43BSnciAUdCY+vkJ","preKeyId":1434351}}},"version":"v1"}