{"_sessions":{"BW7KVUTxOeST/qqOe26P1ocZxyrdCx/f9BTVxp/8KUhI":{"registrationId":1926642820,"currentRatchet":{"ephemeralKeyPair":{"pubKey":"BSwUDV5tUnV1RVxZMCwYZJHojK1k89qd32/cfPIAyNMU","privKey":"wAfZKzd3vgDuHoLOnqPQ6MKMlXM9n7+rhVU55wF4XG8="},"lastRemoteEphemeralKey":"BdT2f2MAJEAoJ37ZNRhyZDLODjDEM8FPWM2VAmKeY0kj","previousCounter":0,"rootKey":"xNBJ9OgMecBKjWSSG4Ls0nDsxz2TvJgVJBpQmC28SK4="},"indexInfo":{"baseKey":"BW7KVUTxOeST/qqOe26P1ocZxyrdCx/f9BTVxp/8KUhI","baseKeyType":1,"closed":1763718473356,"used":1763718472192,"created":1763718472192,"remoteIdentityKey":"BUTeEKhkTKCpVNMpwE3OhsvJO4dToVv1l9UpyXtY9/1A"},"_chains":{"BSwUDV5tUnV1RVxZMCwYZJHojK1k89qd32/cfPIAyNMU":{"chainKey":{"counter":-1,"key":"Wt6kDyFx3X7+0WTE/iBT2ikTald/mTaiHFwPkwvRkQ0="},"chainType":1,"messageKeys":{}}},"pendingPreKey":{"signedKeyId":20,"baseKey":"BW7KVUTxOeST/qqOe26P1ocZxyrdCx/f9BTVxp/8KUhI","preKeyId":4642253}},"BQJiKlJcO9w/rMemwc9XRAwbOJZh5vr8FXqvqjNJ1dx1":{"registrationId":1926642820,"currentRatchet":{"ephemeralKeyPair":{"pubKey":"BQsOetIW1Tx6fpgz+t6auIGW4BxBdRPoWD6nsA1Gk9kc","privKey":"yLTjD5otJM4mNFMexO9ad05g14XGXWgwk3i4ogutxn8="},"lastRemoteEphemeralKey":"BdT2f2MAJEAoJ37ZNRhyZDLODjDEM8FPWM2VAmKeY0kj","previousCounter":0,"rootKey":"SREHo55Bxa9/5eS+bHZFYDd6mJG4DfbuIQkUnrelPFE="},"indexInfo":{"baseKey":"BQJiKlJcO9w/rMemwc9XRAwbOJZh5vr8FXqvqjNJ1dx1","baseKeyType":1,"closed":-1,"used":1763718473353,"created":1763718473353,"remoteIdentityKey":"BUTeEKhkTKCpVNMpwE3OhsvJO4dToVv1l9UpyXtY9/1A"},"_chains":{"BQsOetIW1Tx6fpgz+t6auIGW4BxBdRPoWD6nsA1Gk9kc":{"chainKey":{"counter":145,"key":"2wHHIaNidM0AscRg+av+8rSRR3D0q3yAOETe2B7IJKU="},"chainType":1,"messageKeys":{}}},"pendingPreKey":{"signedKeyId":20,"baseKey":"BQJiKlJcO9w/rMemwc9XRAwbOJZh5vr8FXqvqjNJ1dx1","preKeyId":4642116}}},"version":"v1"}