{"_sessions":{"Bb3vCLvRh9c1ug3CcXI50Oe1gaIru6l4ABAQiLDPh/l8":{"registrationId":110101743,"currentRatchet":{"ephemeralKeyPair":{"pubKey":"BW71peQz3/YWI75BqpikRjYRg7c2GuD6n8JPs0QItb0B","privKey":"0C2KKLnz93Cx+At+X/fVkekMvvJVfVQeizSKzB9Z33A="},"lastRemoteEphemeralKey":"BU7QNcGxCRdcSg3aMzED2YTQBYOUM8WPUusn+1HkV/FA","previousCounter":0,"rootKey":"lK8cUfEPOSZPWi3Ul196M2MJEtUVwdg904tYmVOfIY8="},"indexInfo":{"baseKey":"Bb3vCLvRh9c1ug3CcXI50Oe1gaIru6l4ABAQiLDPh/l8","baseKeyType":1,"closed":1763718473455,"used":1763718472243,"created":1763718472243,"remoteIdentityKey":"BUm3dojfgSSw34Y3BunsZcBKeQYILRuZq/PI77zL005v"},"_chains":{"BW71peQz3/YWI75BqpikRjYRg7c2GuD6n8JPs0QItb0B":{"chainKey":{"counter":-1,"key":"m0RQIXefq0y5RxLbh+nk66/4KgqMZB7rPWYYhVBq2tI="},"chainType":1,"messageKeys":{}}},"pendingPreKey":{"signedKeyId":4,"baseKey":"Bb3vCLvRh9c1ug3CcXI50Oe1gaIru6l4ABAQiLDPh/l8","preKeyId":12205138}},"BdH4/XMMA3sgulrQIEGI3saPuHVM5vAym8SxwmhmJd5o":{"registrationId":110101743,"currentRatchet":{"ephemeralKeyPair":{"pubKey":"BbzLbohnVac6NTjmUj5G3lXWrZv1lR+uBEE1Lpm3Ss0O","privKey":"CMrWsxXGYIBjsWs/gQH5YY8tsag11KAr1NJ1SDie1m8="},"lastRemoteEphemeralKey":"BU7QNcGxCRdcSg3aMzED2YTQBYOUM8WPUusn+1HkV/FA","previousCounter":0,"rootKey":"+/3kLV+HKCaNfUpso9GAac2Vc4TyA0QFNNJ/uLeDzds="},"indexInfo":{"baseKey":"BdH4/XMMA3sgulrQIEGI3saPuHVM5vAym8SxwmhmJd5o","baseKeyType":1,"closed":-1,"used":1763718473452,"created":1763718473452,"remoteIdentityKey":"BUm3dojfgSSw34Y3BunsZcBKeQYILRuZq/PI77zL005v"},"_chains":{"BbzLbohnVac6NTjmUj5G3lXWrZv1lR+uBEE1Lpm3Ss0O":{"chainKey":{"counter":145,"key":"cG1GY9CtNy/Y/Vpy2gZfGUuysgultw0fprRwp626/3k="},"chainType":1,"messageKeys":{}}},"pendingPreKey":{"signedKeyId":4,"baseKey":"BdH4/XMMA3sgulrQIEGI3saPuHVM5vAym8SxwmhmJd5o","preKeyId":12203257}}},"version":"v1"}