{"_sessions":{"BTqJVKx5IsF5WdNQGP5N6jMjxUgnKhhGMgdv8SJBTgxL":{"registrationId":172771131,"currentRatchet":{"ephemeralKeyPair":{"pubKey":"BZAG5ecxlsU7AC4gLnZrkZ6BHgwQEwzwClVN4zMzKdAX","privKey":"gIMb9pL+alRIU7t6qP9nJDHbt9S0Ba4G1kMr8YxwtUM="},"lastRemoteEphemeralKey":"BWKNS2ISnGubOtR7li8e/GFEiYVj119L+dGth62k2u1z","previousCounter":0,"rootKey":"q8+LuZSlrfnrd4PYJ1/vuYPB/BhhzvIYqFmVgnBGV6I="},"indexInfo":{"baseKey":"BTqJVKx5IsF5WdNQGP5N6jMjxUgnKhhGMgdv8SJBTgxL","baseKeyType":1,"closed":1763718473416,"used":1763718472223,"created":1763718472223,"remoteIdentityKey":"BRZ6FfMF5AeY2FJ88x8QdnwVzOvuVKJG9rbGwwsZTGFH"},"_chains":{"BZAG5ecxlsU7AC4gLnZrkZ6BHgwQEwzwClVN4zMzKdAX":{"chainKey":{"counter":-1,"key":"ZEykbhezxFVWKPNfhckIK8CXKZnBTNj4F/tvSnzmpJg="},"chainType":1,"messageKeys":{}}},"pendingPreKey":{"signedKeyId":8335623,"baseKey":"BTqJVKx5IsF5WdNQGP5N6jMjxUgnKhhGMgdv8SJBTgxL","preKeyId":6489063}},"BTkGUOLicLWJOmIDPQ00z1+LGDGfzSa8pbuk9m1P15c7":{"registrationId":172771131,"currentRatchet":{"ephemeralKeyPair":{"pubKey":"Bf5ItHQ47nnMs0OZ6Pu2DjhGPgZc8HLz80IWnZkpLBc8","privKey":"wKZe6IqXBLxCKpQZu8umA9xrnpdDPsNb6eXuWEZLX0g="},"lastRemoteEphemeralKey":"BWKNS2ISnGubOtR7li8e/GFEiYVj119L+dGth62k2u1z","previousCounter":0,"rootKey":"QhRVGJahIsrhHw8aaHDxa/ZssGORUmYUZxZaeC/e4KM="},"indexInfo":{"baseKey":"BTkGUOLicLWJOmIDPQ00z1+LGDGfzSa8pbuk9m1P15c7","baseKeyType":1,"closed":-1,"used":1763718473413,"created":1763718473413,"remoteIdentityKey":"BRZ6FfMF5AeY2FJ88x8QdnwVzOvuVKJG9rbGwwsZTGFH"},"_chains":{"Bf5ItHQ47nnMs0OZ6Pu2DjhGPgZc8HLz80IWnZkpLBc8":{"chainKey":{"counter":145,"key":"ixwX8aO0VKwDAxPcNFc6Q6EDXa1BL2+NGP/OYZ+oJhM="},"chainType":1,"messageKeys":{}}},"pendingPreKey":{"signedKeyId":8335623,"baseKey":"BTkGUOLicLWJOmIDPQ00z1+LGDGfzSa8pbuk9m1P15c7","preKeyId":6489109}}},"version":"v1"}