{"_sessions":{"BbdiQAnFXKRDeh7nUFoIDT3/jQb5YAKpzqWITRrikNQd":{"registrationId":162801460,"currentRatchet":{"ephemeralKeyPair":{"pubKey":"BdIRoRLLLX5VqiWZCsSSahfHu+LzTsWZspRKJnmDTScU","privKey":"4PQNIAXe3htIdN0RxSxnzERdxDlUTISmie2t2upovGU="},"lastRemoteEphemeralKey":"Bc3AlT8EHpQCgPXfdbAvywhTAHSCXZKhthZbQZEeC2po","previousCounter":0,"rootKey":"wkkB2gCdSzaUfZI7ZctOxSpChfF4dPoK2zbj8oUlzRc="},"indexInfo":{"baseKey":"BbdiQAnFXKRDeh7nUFoIDT3/jQb5YAKpzqWITRrikNQd","baseKeyType":1,"closed":1763718482000,"used":1763718481182,"created":1763718481182,"remoteIdentityKey":"BdYXT8klrFk/6l/iOHeVt6LtvaCnzxf18C552+qvgEtJ"},"_chains":{"BdIRoRLLLX5VqiWZCsSSahfHu+LzTsWZspRKJnmDTScU":{"chainKey":{"counter":-1,"key":"cRwTruuV6T5y7xLWj42SVNmeTiHQK4FAXWFr8R8aZ+I="},"chainType":1,"messageKeys":{}}},"pendingPreKey":{"signedKeyId":1450740,"baseKey":"BbdiQAnFXKRDeh7nUFoIDT3/jQb5YAKpzqWITRrikNQd","preKeyId":2366683}},"Ba1xe9CVBKF/NWOp3Kwu1Dmf9Z2tXI6nnF+qjQBrPV0e":{"registrationId":162801460,"currentRatchet":{"ephemeralKeyPair":{"pubKey":"BbvJnzmL+0WUy5OpfErV7g7Wuxi0evNVfy2BiYaMEB9r","privKey":"EPAEj825pSLEf4JECNX30rNWGMF4U50NSk8ezt6OzUQ="},"lastRemoteEphemeralKey":"Bc3AlT8EHpQCgPXfdbAvywhTAHSCXZKhthZbQZEeC2po","previousCounter":0,"rootKey":"oJ8awGyw8Jyv9d94xistZ4JCKmYNllpZwP9K7gE3Cc0="},"indexInfo":{"baseKey":"Ba1xe9CVBKF/NWOp3Kwu1Dmf9Z2tXI6nnF+qjQBrPV0e","baseKeyType":1,"closed":-1,"used":1763718481998,"created":1763718481998,"remoteIdentityKey":"BdYXT8klrFk/6l/iOHeVt6LtvaCnzxf18C552+qvgEtJ"},"_chains":{"BbvJnzmL+0WUy5OpfErV7g7Wuxi0evNVfy2BiYaMEB9r":{"chainKey":{"counter":145,"key":"UFpkF/c8+RKmD4NZum8ZLYXNER4kVk1LndsOtuuVfRA="},"chainType":1,"messageKeys":{}}},"pendingPreKey":{"signedKeyId":1450740,"baseKey":"Ba1xe9CVBKF/NWOp3Kwu1Dmf9Z2tXI6nnF+qjQBrPV0e","preKeyId":2366879}}},"version":"v1"}