{"_sessions":{"BUCP/CSOYs1TniIprqyRaHK1AglbfclPJI6hQJspakMm":{"registrationId":1118246754,"currentRatchet":{"ephemeralKeyPair":{"pubKey":"BfMvEqM1CO/mTszEwG/4bTm7aa6Uhg9sDeSqNTEYg582","privKey":"SM1Ok/O/+BAEoaZEWsR1n66e3DZdq4VB1OQqGvespGQ="},"lastRemoteEphemeralKey":"BW/fcOSHui4mSWywAJpEZUVzCM3Iza1Snn87D/jiXds2","previousCounter":0,"rootKey":"jIJWFzg/dDPjDeKCvxsuNyCRlvVza7d9PHBIoxNBcMc="},"indexInfo":{"baseKey":"BUCP/CSOYs1TniIprqyRaHK1AglbfclPJI6hQJspakMm","baseKeyType":1,"closed":1763718481667,"used":1763718480948,"created":1763718480948,"remoteIdentityKey":"Bff/chK4Dr7xzSbhIZqUhLkwYia9f7k5qFMu/gTX7FZe"},"_chains":{"BfMvEqM1CO/mTszEwG/4bTm7aa6Uhg9sDeSqNTEYg582":{"chainKey":{"counter":-1,"key":"jnkL6C1CurCYe0Q8QOa6yJbz3lvAasSMeEmpdQvQzFA="},"chainType":1,"messageKeys":{}}},"pendingPreKey":{"signedKeyId":4,"baseKey":"BUCP/CSOYs1TniIprqyRaHK1AglbfclPJI6hQJspakMm","preKeyId":11803572}},"BSSjV1eUwO15b5oDUlfwHjlT2fcvXhYo1k+1IcGiP4I2":{"registrationId":1118246754,"currentRatchet":{"ephemeralKeyPair":{"pubKey":"BeRzF+LUs5sSp1dtUlGw64miY3kcvfV+saPG6y1yB59P","privKey":"qAHeOuwntFUuc2si9wYCwaP58dAAmHXH/PPJLUu6uVs="},"lastRemoteEphemeralKey":"BW/fcOSHui4mSWywAJpEZUVzCM3Iza1Snn87D/jiXds2","previousCounter":0,"rootKey":"fMdrt43uS1lIJXf+HHe0m52e8VN81vV6EAVm//MRCHY="},"indexInfo":{"baseKey":"BSSjV1eUwO15b5oDUlfwHjlT2fcvXhYo1k+1IcGiP4I2","baseKeyType":1,"closed":-1,"used":1763718481664,"created":1763718481664,"remoteIdentityKey":"Bff/chK4Dr7xzSbhIZqUhLkwYia9f7k5qFMu/gTX7FZe"},"_chains":{"BeRzF+LUs5sSp1dtUlGw64miY3kcvfV+saPG6y1yB59P":{"chainKey":{"counter":145,"key":"VQ9aIRNni7fv7t5kUqdmwg2lQf3imnEnjS/1VFu/REE="},"chainType":1,"messageKeys":{}}},"pendingPreKey":{"signedKeyId":4,"baseKey":"BSSjV1eUwO15b5oDUlfwHjlT2fcvXhYo1k+1IcGiP4I2","preKeyId":11803361}}},"version":"v1"}