{"_sessions":{"BX4NUzOUZDR9sfVPXMaECd24ac7TiA06TrWUBnPvbEEs":{"registrationId":343356650,"currentRatchet":{"ephemeralKeyPair":{"pubKey":"BUUSGq17tLDjJo0Ed3TxQMWw8t2muZxISIGlCH8njRZH","privKey":"yNmb46RG4Cj3RrkTtrGpEdtK/wWdhEJgFczlzk6z51Y="},"lastRemoteEphemeralKey":"BUxSSu6kLPutUa1QJtIvQrFf4wQw+W0CbH+ufAqAhUAG","previousCounter":0,"rootKey":"bfnfNKYBRJmV9YHJ2oyMrDxW1UntjlqWlX9dc3oadkc="},"indexInfo":{"baseKey":"BX4NUzOUZDR9sfVPXMaECd24ac7TiA06TrWUBnPvbEEs","baseKeyType":1,"closed":1763718472689,"used":1763718471805,"created":1763718471805,"remoteIdentityKey":"Bc1wEFD/3XYqmxCr/5P2xsP2fSrbylymQCtYeXrUakdy"},"_chains":{"BUUSGq17tLDjJo0Ed3TxQMWw8t2muZxISIGlCH8njRZH":{"chainKey":{"counter":-1,"key":"6OC2oDgta+DueolayWUmRP0UMWUjau1N4DbeBjBs8j0="},"chainType":1,"messageKeys":{}}},"pendingPreKey":{"signedKeyId":21,"baseKey":"BX4NUzOUZDR9sfVPXMaECd24ac7TiA06TrWUBnPvbEEs","preKeyId":12863860}},"Ba6zqqgNTwr7I/W8Ru89Tez5bCSfz0U23hRzO1Wtc7pS":{"registrationId":343356650,"currentRatchet":{"ephemeralKeyPair":{"pubKey":"BWri+gu2kn6kMgwVJG5aVNA+1fSzkDy0H8zIfEhWNT02","privKey":"MPD04lYWLMT8L5lqcySbuxV+OqgVdDh4pJoy3foShkU="},"lastRemoteEphemeralKey":"BUxSSu6kLPutUa1QJtIvQrFf4wQw+W0CbH+ufAqAhUAG","previousCounter":0,"rootKey":"EmTU78t7gpGFab0ZbWrVBrVUrh8FHggnp1Fp7ASMihc="},"indexInfo":{"baseKey":"Ba6zqqgNTwr7I/W8Ru89Tez5bCSfz0U23hRzO1Wtc7pS","baseKeyType":1,"closed":-1,"used":1763718472687,"created":1763718472687,"remoteIdentityKey":"Bc1wEFD/3XYqmxCr/5P2xsP2fSrbylymQCtYeXrUakdy"},"_chains":{"BWri+gu2kn6kMgwVJG5aVNA+1fSzkDy0H8zIfEhWNT02":{"chainKey":{"counter":145,"key":"6hsfLiHZnOwBEg3kDMltF8BOQ191arZIcyt5Uu+jVd0="},"chainType":1,"messageKeys":{}}},"pendingPreKey":{"signedKeyId":21,"baseKey":"Ba6zqqgNTwr7I/W8Ru89Tez5bCSfz0U23hRzO1Wtc7pS","preKeyId":12863123}}},"version":"v1"}