{"_sessions":{"BVS8JuBipE2zzv9ehm2pq8GoB1VMBegDbFvJj5u8RcI/":{"registrationId":650300523,"currentRatchet":{"ephemeralKeyPair":{"pubKey":"Bee57MBrNTQmSXKoyKQpVhtLtaZBhKNvyxidZCUNCS5H","privKey":"+GX+D8gt+mmSknhQOAfx/iEX32R1nfP2paQwiC0frkA="},"lastRemoteEphemeralKey":"BerdbB3hMahACVUM0WHk3nSr1zm+QLXlNIqOkniZkb9/","previousCounter":0,"rootKey":"XQRh7C++GP4XAjzpeimIQEuf2YJB1SAWmu/d4+VQtuE="},"indexInfo":{"baseKey":"BVS8JuBipE2zzv9ehm2pq8GoB1VMBegDbFvJj5u8RcI/","baseKeyType":1,"closed":1763718471067,"used":1763718469988,"created":1763718469988,"remoteIdentityKey":"BalPYcNrj2TZcToRcxONmTdhJZGltuBKTsXW/a7/nDtU"},"_chains":{"Bee57MBrNTQmSXKoyKQpVhtLtaZBhKNvyxidZCUNCS5H":{"chainKey":{"counter":-1,"key":"szXkwXi8ZyBHDYZYaWg4h+RkOsr182upACkNAdhjNyQ="},"chainType":1,"messageKeys":{}}},"pendingPreKey":{"signedKeyId":15178378,"baseKey":"BVS8JuBipE2zzv9ehm2pq8GoB1VMBegDbFvJj5u8RcI/","preKeyId":11059628}},"BZkVMBTP9a57Rkbpr1KcsIxoG/gQUWSY1xNpSb/D7aMN":{"registrationId":650300523,"currentRatchet":{"ephemeralKeyPair":{"pubKey":"BS0yZpxZd3QN7HH6aYXZncppvWI+v/iXJ2dB++U+DGwu","privKey":"SHH8bO7e1kQlfkqKfPdTh143faOEjaGSpGSgtYsfyXc="},"lastRemoteEphemeralKey":"BerdbB3hMahACVUM0WHk3nSr1zm+QLXlNIqOkniZkb9/","previousCounter":0,"rootKey":"HjQXDyMPqOXwbGOzIpoDFmBbrEbTjayHHrhZ0IF+TU0="},"indexInfo":{"baseKey":"BZkVMBTP9a57Rkbpr1KcsIxoG/gQUWSY1xNpSb/D7aMN","baseKeyType":1,"closed":-1,"used":1763718471064,"created":1763718471064,"remoteIdentityKey":"BalPYcNrj2TZcToRcxONmTdhJZGltuBKTsXW/a7/nDtU"},"_chains":{"BS0yZpxZd3QN7HH6aYXZncppvWI+v/iXJ2dB++U+DGwu":{"chainKey":{"counter":145,"key":"4MzBxNJHx1hER3C8qXABlChAwehzCiPBRrXs9/dh8Us="},"chainType":1,"messageKeys":{}}},"pendingPreKey":{"signedKeyId":15178378,"baseKey":"BZkVMBTP9a57Rkbpr1KcsIxoG/gQUWSY1xNpSb/D7aMN","preKeyId":11059574}}},"version":"v1"}