{"_sessions":{"BV5J9SGJQrmX5XCAkXJ4/W7Lv0KSYzXVASWpAmyiTtQ/":{"registrationId":862374515,"currentRatchet":{"ephemeralKeyPair":{"pubKey":"BZuYWxbBbzkiR0fNtYlA5Uq7b8WPphWULjQZzh4+0/Fk","privKey":"OHsNBEGlHou+yPTwd9A0ZfOlx8veuKkvVi+mZsRqt24="},"lastRemoteEphemeralKey":"BaJYEDggv2CooZ4gYSYmHuAnmbxQtrOeIBHd8ORzV/BQ","previousCounter":0,"rootKey":"G5y0Yw403uBTCSucgNc8xUaTOwMUs59Cnq6p2WZfB70="},"indexInfo":{"baseKey":"BV5J9SGJQrmX5XCAkXJ4/W7Lv0KSYzXVASWpAmyiTtQ/","baseKeyType":1,"closed":1763718474579,"used":1763718473742,"created":1763718473742,"remoteIdentityKey":"BURP0py86NqiGfKjrJxwRrWCy6wjPZDNL/tQiPk7zjIa"},"_chains":{"BZuYWxbBbzkiR0fNtYlA5Uq7b8WPphWULjQZzh4+0/Fk":{"chainKey":{"counter":-1,"key":"wesodPqYrZKoekmkElB02qFLAfA7BOuQUGexuIti+XU="},"chainType":1,"messageKeys":{}}},"pendingPreKey":{"signedKeyId":2641009,"baseKey":"BV5J9SGJQrmX5XCAkXJ4/W7Lv0KSYzXVASWpAmyiTtQ/","preKeyId":34547}},"BX4mLGTgVwoAeJCm3ZWCJmBrgXkYm8i7nxomg9qxXlZJ":{"registrationId":862374515,"currentRatchet":{"ephemeralKeyPair":{"pubKey":"BdPCTM6wyqTRF0rAy9k2J647VZ7aC9XrmFZbjoDBf0BP","privKey":"cCV5C2VOmUXd/doVjAktya6Bqvfpi77ioQwrM97L2GY="},"lastRemoteEphemeralKey":"BaJYEDggv2CooZ4gYSYmHuAnmbxQtrOeIBHd8ORzV/BQ","previousCounter":0,"rootKey":"YyCO/eP/I7dEXORVJXsDMtWc8t/CwlvneSXs3/DWqM0="},"indexInfo":{"baseKey":"BX4mLGTgVwoAeJCm3ZWCJmBrgXkYm8i7nxomg9qxXlZJ","baseKeyType":1,"closed":-1,"used":1763718474576,"created":1763718474576,"remoteIdentityKey":"BURP0py86NqiGfKjrJxwRrWCy6wjPZDNL/tQiPk7zjIa"},"_chains":{"BdPCTM6wyqTRF0rAy9k2J647VZ7aC9XrmFZbjoDBf0BP":{"chainKey":{"counter":145,"key":"PLfNY1n9OP97URiFrS//Nvgn9SnEqL4Or4qvV0FkbZ4="},"chainType":1,"messageKeys":{}}},"pendingPreKey":{"signedKeyId":2641009,"baseKey":"BX4mLGTgVwoAeJCm3ZWCJmBrgXkYm8i7nxomg9qxXlZJ","preKeyId":34525}}},"version":"v1"}