{"_sessions":{"BRao0rq6wPzYoYvW0QgfZ1BSg2xAQ+z+yTyLIqP7KCtJ":{"registrationId":1861868498,"currentRatchet":{"ephemeralKeyPair":{"pubKey":"BUjatdSDUB0MAZTD1RK1nAyDO9zAyvgbbsMi6KNRrTU+","privKey":"EJKxHaH607EU6EHeBIsKVv0fNoq9GfKEmrxXQRUjHX8="},"lastRemoteEphemeralKey":"BYbRu5PALoBCW0uZ35OCj4IaHj4F/uy0tq9Dbe8YS0oT","previousCounter":0,"rootKey":"ds0jUS621kNcr1OWstDTXPTkrUIe3Amzzc+7vjJf0J4="},"indexInfo":{"baseKey":"BRao0rq6wPzYoYvW0QgfZ1BSg2xAQ+z+yTyLIqP7KCtJ","baseKeyType":1,"closed":1763718470624,"used":1763718469728,"created":1763718469728,"remoteIdentityKey":"BafE8YnpS6qpPgFJiD5x+6Yx4azAsFU4vt1e6+oqDW0K"},"_chains":{"BUjatdSDUB0MAZTD1RK1nAyDO9zAyvgbbsMi6KNRrTU+":{"chainKey":{"counter":-1,"key":"Cqm17DN73FpT5tsAOBYN1Q6GNn9TLPi+4nrjnynlI9M="},"chainType":1,"messageKeys":{}}},"pendingPreKey":{"signedKeyId":8546077,"baseKey":"BRao0rq6wPzYoYvW0QgfZ1BSg2xAQ+z+yTyLIqP7KCtJ","preKeyId":10666335}},"BSeSZ4CEJ96lh7GYEuXu3BxXhhMB5iUkdZvjyf3VIk0G":{"registrationId":1861868498,"currentRatchet":{"ephemeralKeyPair":{"pubKey":"BZXvt3E60JCGeYUVqLr6dwKlOO4t9jAT3dkDDEeelAAi","privKey":"IJNoXiu+z9wyeZ5ZjLCK3U4AFVtObP1Zp5yu4UZ63kk="},"lastRemoteEphemeralKey":"BYbRu5PALoBCW0uZ35OCj4IaHj4F/uy0tq9Dbe8YS0oT","previousCounter":0,"rootKey":"FBjY+8NYc3Ht1zlB1AWiG+FSauzbeqTrXRU3hGxj6Kg="},"indexInfo":{"baseKey":"BSeSZ4CEJ96lh7GYEuXu3BxXhhMB5iUkdZvjyf3VIk0G","baseKeyType":1,"closed":-1,"used":1763718470620,"created":1763718470620,"remoteIdentityKey":"BafE8YnpS6qpPgFJiD5x+6Yx4azAsFU4vt1e6+oqDW0K"},"_chains":{"BZXvt3E60JCGeYUVqLr6dwKlOO4t9jAT3dkDDEeelAAi":{"chainKey":{"counter":145,"key":"o3I8s2nRDQvLW2ShwKHdQLVZGFIscubZ5kfq57WaOCU="},"chainType":1,"messageKeys":{}}},"pendingPreKey":{"signedKeyId":8546077,"baseKey":"BSeSZ4CEJ96lh7GYEuXu3BxXhhMB5iUkdZvjyf3VIk0G","preKeyId":10665718}}},"version":"v1"}