{"_sessions":{"BXX/5JT6T38afd20L1pjkkocfZG13gn/17WlCKGWYR1D":{"registrationId":420382672,"currentRatchet":{"ephemeralKeyPair":{"pubKey":"BYZ41xJqPfJKK+rZPySSYioe3/r8VpY/qNR0jch3nesK","privKey":"GLRWW0CIyaGQnfgaB3ILRhrOl7Lbzgw65ray9op7/VY="},"lastRemoteEphemeralKey":"BcA+yGI4pnLHeMLZ1nfrAABxERbjjcNNmR4WHf8pCeML","previousCounter":0,"rootKey":"0QH+WDGwTnUJEbIgWa70ho5IH1MP8POQAPT4tRPOibk="},"indexInfo":{"baseKey":"BXX/5JT6T38afd20L1pjkkocfZG13gn/17WlCKGWYR1D","baseKeyType":1,"closed":1763718471514,"used":1763718470255,"created":1763718470255,"remoteIdentityKey":"BcsXZxR0s6pqUovZGcJEQzs0lCFjGoAVCDH40lNQYNZh"},"_chains":{"BYZ41xJqPfJKK+rZPySSYioe3/r8VpY/qNR0jch3nesK":{"chainKey":{"counter":-1,"key":"RgHvbuGlWiizMbF4tsPhjwwmUI9K8m0q2CT+GxgGp0o="},"chainType":1,"messageKeys":{}}},"pendingPreKey":{"signedKeyId":9499078,"baseKey":"BXX/5JT6T38afd20L1pjkkocfZG13gn/17WlCKGWYR1D","preKeyId":5754340}},"BYgt/RoaKL/ZA4pApWPjHhTIFOJEv3pTupVARVq8xwRC":{"registrationId":420382672,"currentRatchet":{"ephemeralKeyPair":{"pubKey":"BcvjlnZSKJjErBtEcjaLWGYEEdKMhmonW/V4Ii+fLMtO","privKey":"+HAjVzkpSzy0cnnBvGD50Yl4BdUG52cEayHnwV36MVY="},"lastRemoteEphemeralKey":"BcA+yGI4pnLHeMLZ1nfrAABxERbjjcNNmR4WHf8pCeML","previousCounter":0,"rootKey":"/f8pZxIFVJsvEI20yLOYHLWCkSmQGaFR0aKOR6L8LHo="},"indexInfo":{"baseKey":"BYgt/RoaKL/ZA4pApWPjHhTIFOJEv3pTupVARVq8xwRC","baseKeyType":1,"closed":-1,"used":1763718471511,"created":1763718471511,"remoteIdentityKey":"BcsXZxR0s6pqUovZGcJEQzs0lCFjGoAVCDH40lNQYNZh"},"_chains":{"BcvjlnZSKJjErBtEcjaLWGYEEdKMhmonW/V4Ii+fLMtO":{"chainKey":{"counter":145,"key":"hWVBf0cq/Op2dh6ZJTvvYDCggKHDs3MEeRU0b5ZyHEw="},"chainType":1,"messageKeys":{}}},"pendingPreKey":{"signedKeyId":9499078,"baseKey":"BYgt/RoaKL/ZA4pApWPjHhTIFOJEv3pTupVARVq8xwRC","preKeyId":5755117}}},"version":"v1"}