{"_sessions":{"BakYoaK+Vhb/ISwP4zvAEr8iNXHP4FGBklu86ZiY/AQb":{"registrationId":1821642895,"currentRatchet":{"ephemeralKeyPair":{"pubKey":"BdVSN9mQor1EwpuBZqLSya6+Ci0IFdK7ytmvFBf2R4pH","privKey":"mF/3nUooZXdJkTsrR6Qg5VaFIG9wFIuCdiqcFfFg/W0="},"lastRemoteEphemeralKey":"Bfh6+04K6Ic51pymnAzUfZMNZjOugV33c52FZvJmPH0K","previousCounter":1,"rootKey":"fYaO3LhbNPNM4kntpA/04C/3R2o1Yau7iDtqPq9bl1I="},"indexInfo":{"baseKey":"BakYoaK+Vhb/ISwP4zvAEr8iNXHP4FGBklu86ZiY/AQb","baseKeyType":2,"closed":-1,"used":1763720184973,"created":1763715324773,"remoteIdentityKey":"BXTTnFQtKedt+MEGN5xwbpunTa6Rq4iqUd6/r7kBCrUf"},"_chains":{"BeYuG+fsNQhcYovNc8jcpsLph22bCFYMicf2TKTzYKgL":{"chainKey":{"counter":9},"chainType":2,"messageKeys":{}},"Bf2pZ5VysfzI7/US4rTqwfui2j7+7YFNltvJHGCnEMt4":{"chainKey":{"counter":0},"chainType":2,"messageKeys":{}},"BWSfkYB+7jwKB6TwcUrKK9WY8og93FiMVDqBtXdVqVNn":{"chainKey":{"counter":0},"chainType":2,"messageKeys":{}},"BfLVv7TCWyTF+JDrmO70One6JvgQvTWtXD7PhHBYvrAV":{"chainKey":{"counter":0},"chainType":2,"messageKeys":{}},"BeChxmIb86Cfe66wCPUiThwt4DNJf14MvIU8KT8euNBb":{"chainKey":{"counter":0},"chainType":2,"messageKeys":{}},"BQO4A6BkkQhAm+KxcmKpPIcrBetIgzHo8AJJ/tUwYog3":{"chainKey":{"counter":0},"chainType":2,"messageKeys":{}},"Bb3gMcHCe0zfGF0ZvTv9o6WCA9pgWcm6m+AXjDTls/w2":{"chainKey":{"counter":0},"chainType":2,"messageKeys":{}},"BXOKZyHrqQ0NKLgVjpR0ZkvpH2i3C/eIRK/SaOqEfYZ+":{"chainKey":{"counter":0},"chainType":2,"messageKeys":{}},"BTZhN4QUshKKWuB/BQdFcxLTsHcCRD8CWx7gW97To0Ym":{"chainKey":{"counter":0},"chainType":2,"messageKeys":{}},"BVaPUMx8a+tIiqFBYtfw2dl8yuHg3FrrqScV0eHfeMRx":{"chainKey":{"counter":0},"chainType":2,"messageKeys":{}},"Belpe2Yc7tjw9v37lVUpndrffGGyBMbE8qkNAwHYTOZJ":{"chainKey":{"counter":0},"chainType":2,"messageKeys":{}},"BcMS4Sfn7IPgTV6WpikeiCiQAw6Y60pB7A81OqwWdysn":{"chainKey":{"counter":0},"chainType":2,"messageKeys":{}},"BbshWsz72YXxTEvHv6HR7WL4wMyPjpm4Qi696RFmeLhr":{"chainKey":{"counter":0},"chainType":2,"messageKeys":{}},"Bfh6+04K6Ic51pymnAzUfZMNZjOugV33c52FZvJmPH0K":{"chainKey":{"counter":0,"key":"8mHwcDb4TkBLW70AaZ4JbNEFRI5SLrS6GOzSyhml0Qw="},"chainType":2,"messageKeys":{}},"BdVSN9mQor1EwpuBZqLSya6+Ci0IFdK7ytmvFBf2R4pH":{"chainKey":{"counter":0,"key":"Dqk7m9uUhpT9BefF00UsaMTXPoa2KVBFGYk20wXLna0="},"chainType":1,"messageKeys":{}}}}},"version":"v1"}