{"_sessions":{"Bcmj/zjSz/h96CLuK6uX4Hu8KH2jCfzU1I3fDm1XiqkL":{"registrationId":1570759322,"currentRatchet":{"ephemeralKeyPair":{"pubKey":"BYiVsv4GW2QCU/lUqxCWSQPcKl0DObyKIGTTRFnYPQk8","privKey":"EA+ppvHF+RflfUqW9Zu1uAlNACQGagOMRZaEhuvvz18="},"lastRemoteEphemeralKey":"BVJJXaXWxWeBzjWCJkqRMcKBFIXgh38JR4ufP5XvfUl+","previousCounter":0,"rootKey":"YlBt8EYgNbOMSF7mnXXKhgbMtWrm62iKNhrz3q8cRZU="},"indexInfo":{"baseKey":"Bcmj/zjSz/h96CLuK6uX4Hu8KH2jCfzU1I3fDm1XiqkL","baseKeyType":1,"closed":1763718476176,"used":1763718475528,"created":1763718475528,"remoteIdentityKey":"BdlBdJr/5F0j/E4+lCyHxukXeZSdcG09ODRgajlec1Vb"},"_chains":{"BYiVsv4GW2QCU/lUqxCWSQPcKl0DObyKIGTTRFnYPQk8":{"chainKey":{"counter":-1,"key":"jPrypKp7wCAoJT7bPJirZ/gCV3SXZ7l6uEEVoJBKUv4="},"chainType":1,"messageKeys":{}}},"pendingPreKey":{"signedKeyId":9,"baseKey":"Bcmj/zjSz/h96CLuK6uX4Hu8KH2jCfzU1I3fDm1XiqkL","preKeyId":4051552}},"BQeLELM3XsQ6Cyqtn34n77rUhvRwmkfY84XXU38nCSEN":{"registrationId":1570759322,"currentRatchet":{"ephemeralKeyPair":{"pubKey":"BX/bekwn/YV43pRGuSIyo4fRnM+aDlQ6LciDQO7rnXsa","privKey":"uKZMJVHHvIlCijvapS3P0+AUFA6+3Ug7701wd7H8bl0="},"lastRemoteEphemeralKey":"BVJJXaXWxWeBzjWCJkqRMcKBFIXgh38JR4ufP5XvfUl+","previousCounter":0,"rootKey":"MMJjcfWuQxJzu5sWYMTYtSgm+T2p6QhNcU0YKWLDLAM="},"indexInfo":{"baseKey":"BQeLELM3XsQ6Cyqtn34n77rUhvRwmkfY84XXU38nCSEN","baseKeyType":1,"closed":-1,"used":1763718476173,"created":1763718476173,"remoteIdentityKey":"BdlBdJr/5F0j/E4+lCyHxukXeZSdcG09ODRgajlec1Vb"},"_chains":{"BX/bekwn/YV43pRGuSIyo4fRnM+aDlQ6LciDQO7rnXsa":{"chainKey":{"counter":145,"key":"OuQsSy7LqdyILT/cwKe5PIFxWcNSfEWvhHFlqsL5ZGQ="},"chainType":1,"messageKeys":{}}},"pendingPreKey":{"signedKeyId":9,"baseKey":"BQeLELM3XsQ6Cyqtn34n77rUhvRwmkfY84XXU38nCSEN","preKeyId":4051483}}},"version":"v1"}