{"_sessions":{"BSEUAcGYlIsdqJYV5GAylo/TWVsvVc9PrQIHrmJFTPUP":{"registrationId":1231585918,"currentRatchet":{"ephemeralKeyPair":{"pubKey":"Bc/A5gnLuCaby/H9ZXKsXonwUEvODRMGrTp/Bn7M+Ht7","privKey":"KAvnFBMVwA0AZB2vFOzH8ccjYG85AyzWUQpPJpirMmw="},"lastRemoteEphemeralKey":"BTBKJ5vFBEIa4iuE4G6murVRX7v5bS6mnJ0ANgJESrVA","previousCounter":0,"rootKey":"lfzlLgIviUJLbFzAx/box2L7zNhx4XI4vL5xiJhKnks="},"indexInfo":{"baseKey":"BSEUAcGYlIsdqJYV5GAylo/TWVsvVc9PrQIHrmJFTPUP","baseKeyType":1,"closed":1763718472351,"used":1763718471677,"created":1763718471677,"remoteIdentityKey":"BQyzaiFUGuK58n0qc1PA7DJeZXmjNA+9EqUn+FJ6bHkv"},"_chains":{"Bc/A5gnLuCaby/H9ZXKsXonwUEvODRMGrTp/Bn7M+Ht7":{"chainKey":{"counter":-1,"key":"LQ8WTMebUq53QsFbl0ZLYGUQCzYaQE4ly7w3MYzpNuU="},"chainType":1,"messageKeys":{}}},"pendingPreKey":{"signedKeyId":16099925,"baseKey":"BSEUAcGYlIsdqJYV5GAylo/TWVsvVc9PrQIHrmJFTPUP","preKeyId":12840180}},"BZUpWg6HO2d3y661SRQALFlkU1R2ndAz4gJNQqjEdFwd":{"registrationId":1231585918,"currentRatchet":{"ephemeralKeyPair":{"pubKey":"BZ3T1Uk4OOyhRkrTl00ZzX+DHoz76Y5jDm7p+v7JZltx","privKey":"GHnZ/NdZIDpac+83ymnWDXz6GSUSahj9EBU6bpmXyHA="},"lastRemoteEphemeralKey":"BTBKJ5vFBEIa4iuE4G6murVRX7v5bS6mnJ0ANgJESrVA","previousCounter":0,"rootKey":"Vjibhz9rG3gQ7LRO1nSRdNSyfDNJddfMIfF3brbnyAw="},"indexInfo":{"baseKey":"BZUpWg6HO2d3y661SRQALFlkU1R2ndAz4gJNQqjEdFwd","baseKeyType":1,"closed":-1,"used":1763718472349,"created":1763718472349,"remoteIdentityKey":"BQyzaiFUGuK58n0qc1PA7DJeZXmjNA+9EqUn+FJ6bHkv"},"_chains":{"BZ3T1Uk4OOyhRkrTl00ZzX+DHoz76Y5jDm7p+v7JZltx":{"chainKey":{"counter":145,"key":"p6zkbec2oo+eBMMSc1r1IasMLf6M6NKRb8peHhcAknY="},"chainType":1,"messageKeys":{}}},"pendingPreKey":{"signedKeyId":16099925,"baseKey":"BZUpWg6HO2d3y661SRQALFlkU1R2ndAz4gJNQqjEdFwd","preKeyId":12840190}}},"version":"v1"}