{"_sessions":{"BRVcfnQwt3kWqGpNBf6meh+M3JwcN5OXhtTuy/znP4xU":{"registrationId":1752383281,"currentRatchet":{"ephemeralKeyPair":{"pubKey":"BY7OAO1eRVXx/VG1gwQ2+qT7+JLRYiWl5jxeGf2c6TwH","privKey":"YC/0VXjyVFNJY0k/ZDkytxg16q6Owua6JVPbv1bhHEs="},"lastRemoteEphemeralKey":"BblUcPBXbMKhAfdQ3CnEhgVUQ/O3fPAT78ZnEktvNsY3","previousCounter":0,"rootKey":"ZDmnvvP7xGfFe1ikmOlXjKz3So6JC6QHzeHUDK1gtj8="},"indexInfo":{"baseKey":"BRVcfnQwt3kWqGpNBf6meh+M3JwcN5OXhtTuy/znP4xU","baseKeyType":1,"closed":1763718473215,"used":1763718472122,"created":1763718472122,"remoteIdentityKey":"BRrOUWwVRdfAkYJwJ4snMbzPIesPw2SfdkcWQpL7CgxL"},"_chains":{"BY7OAO1eRVXx/VG1gwQ2+qT7+JLRYiWl5jxeGf2c6TwH":{"chainKey":{"counter":-1,"key":"q8VfY+452TYlB9MqELbSBROzWD3dS9i7fpeZ5DfoasI="},"chainType":1,"messageKeys":{}}},"pendingPreKey":{"signedKeyId":3,"baseKey":"BRVcfnQwt3kWqGpNBf6meh+M3JwcN5OXhtTuy/znP4xU","preKeyId":13469429}},"BTyjQ0/dKVeGJTavarcnKmupRK0mbcYz0ZR+Ef/snq1M":{"registrationId":1752383281,"currentRatchet":{"ephemeralKeyPair":{"pubKey":"BTUtrFeXa7MJduH6doikQEPi6Y3li6HLV1+H/JRorhkr","privKey":"KMB9rkCUvurmd8r0mVz47iJFILS1DzLqeJ03S35ILlo="},"lastRemoteEphemeralKey":"BblUcPBXbMKhAfdQ3CnEhgVUQ/O3fPAT78ZnEktvNsY3","previousCounter":0,"rootKey":"XSr/2yZiLQTHr3sjA3CCFO3cLTCmux+R5Pj3pBAonmw="},"indexInfo":{"baseKey":"BTyjQ0/dKVeGJTavarcnKmupRK0mbcYz0ZR+Ef/snq1M","baseKeyType":1,"closed":-1,"used":1763718473211,"created":1763718473211,"remoteIdentityKey":"BRrOUWwVRdfAkYJwJ4snMbzPIesPw2SfdkcWQpL7CgxL"},"_chains":{"BTUtrFeXa7MJduH6doikQEPi6Y3li6HLV1+H/JRorhkr":{"chainKey":{"counter":145,"key":"fN05jLUQbGh5uwStQJ0WE2vwcoexFv0iwLUFmxANVzk="},"chainType":1,"messageKeys":{}}},"pendingPreKey":{"signedKeyId":3,"baseKey":"BTyjQ0/dKVeGJTavarcnKmupRK0mbcYz0ZR+Ef/snq1M","preKeyId":13468920}}},"version":"v1"}