{"_sessions":{"BZaPXFrFGWxZhS91KCeHgkWVQzpJ5v+o4zr8JFgNzxMT":{"registrationId":2078901232,"currentRatchet":{"ephemeralKeyPair":{"pubKey":"BRd1GLrNJVCd7UjAAvtOQYIc/B/qgJW1vX8ozxlaF34A","privKey":"YKcS+wGMrUa5ikIIC7v/7Hymece3BeaXzRG2SBBf8ko="},"lastRemoteEphemeralKey":"BQtvDxBn8UTcM/CeO/N66h8s0Ot6yOcyDO2b0ZcuY2hm","previousCounter":0,"rootKey":"W0PhBsa5y+nd4GBPSq/F1Ik3i8FDVejjkvPftlYGkWE="},"indexInfo":{"baseKey":"BZaPXFrFGWxZhS91KCeHgkWVQzpJ5v+o4zr8JFgNzxMT","baseKeyType":1,"closed":1763718474548,"used":1763718473720,"created":1763718473720,"remoteIdentityKey":"BZxeu2LQ8XweEnQueWxeAK/tcXyV6+pi4zU4g+wvSPkH"},"_chains":{"BRd1GLrNJVCd7UjAAvtOQYIc/B/qgJW1vX8ozxlaF34A":{"chainKey":{"counter":-1,"key":"nP+AGtxcgHHfuq6/XcmZjtkmZb0QnQJqhEqcssOwENc="},"chainType":1,"messageKeys":{}}},"pendingPreKey":{"signedKeyId":7,"baseKey":"BZaPXFrFGWxZhS91KCeHgkWVQzpJ5v+o4zr8JFgNzxMT","preKeyId":2101185}},"BcQgpJsGZ7ACkTrEbZOxXIc8d9qoky7WvEcB26f6X4Un":{"registrationId":2078901232,"currentRatchet":{"ephemeralKeyPair":{"pubKey":"BQbeIFO3uVubr67WkfhCGvwRHYFr0Gw+EPPWPu466CUH","privKey":"GIZ8XpZeDYTfj3refVtd+cpQKC19Dwa3DSuM0GuiuHg="},"lastRemoteEphemeralKey":"BQtvDxBn8UTcM/CeO/N66h8s0Ot6yOcyDO2b0ZcuY2hm","previousCounter":0,"rootKey":"JTK7UyeLymGqJi3bIpOp1AExihk1Ndf7dSlTC8Mr0lQ="},"indexInfo":{"baseKey":"BcQgpJsGZ7ACkTrEbZOxXIc8d9qoky7WvEcB26f6X4Un","baseKeyType":1,"closed":-1,"used":1763718474545,"created":1763718474545,"remoteIdentityKey":"BZxeu2LQ8XweEnQueWxeAK/tcXyV6+pi4zU4g+wvSPkH"},"_chains":{"BQbeIFO3uVubr67WkfhCGvwRHYFr0Gw+EPPWPu466CUH":{"chainKey":{"counter":145,"key":"l6HOH0r5mdJgEQL3oIRn9mowZfSzFzwRDifa/HiCgs8="},"chainType":1,"messageKeys":{}}},"pendingPreKey":{"signedKeyId":7,"baseKey":"BcQgpJsGZ7ACkTrEbZOxXIc8d9qoky7WvEcB26f6X4Un","preKeyId":2101183}}},"version":"v1"}