{"_sessions":{"BdtEfl3RY1AcNP67agIpn2rwd7VQ5bFayuDQC/5YlmxW":{"registrationId":110570848,"currentRatchet":{"ephemeralKeyPair":{"pubKey":"BfoJVc+mRpMIzcftgWpAqEr5zwtAZqabt6148ycO5oAw","privKey":"kMFX29Kw8aXjIEgXJtrSvhjF9tx8eMQHYvxHNJ0JfVM="},"lastRemoteEphemeralKey":"BUhjwFP2C7h6BcmFpBqmlFlISpSzKS7MUmf92BI9Za12","previousCounter":0,"rootKey":"e9Uq7w/+QT6ZspWmzzTlfTqr67b6j36EE41tujXf6hA="},"indexInfo":{"baseKey":"BdtEfl3RY1AcNP67agIpn2rwd7VQ5bFayuDQC/5YlmxW","baseKeyType":1,"closed":1763718471276,"used":1763718470112,"created":1763718470112,"remoteIdentityKey":"BUyoA/MNjk1nzB6M57aZE39PDiAo7822GJILYRZegmY7"},"_chains":{"BfoJVc+mRpMIzcftgWpAqEr5zwtAZqabt6148ycO5oAw":{"chainKey":{"counter":-1,"key":"9+bhjztKferoRRmOJLy1LItfeX+5wrMaAn8/Lo0K9qw="},"chainType":1,"messageKeys":{}}},"pendingPreKey":{"signedKeyId":3593881,"baseKey":"BdtEfl3RY1AcNP67agIpn2rwd7VQ5bFayuDQC/5YlmxW","preKeyId":11679208}},"BTTRB0cWxy/ApPIL39RRYcgHcVyr7HParj/oIwD0aFAQ":{"registrationId":110570848,"currentRatchet":{"ephemeralKeyPair":{"pubKey":"BbcTmoFeAuGk2a2HUSHh1TXL23MmkD+TlEAI12fUBwd8","privKey":"GKwFrL+IneFcq+WdHPkHbYulE3UWSH82xRI3yLR+70Y="},"lastRemoteEphemeralKey":"BUhjwFP2C7h6BcmFpBqmlFlISpSzKS7MUmf92BI9Za12","previousCounter":0,"rootKey":"4kNFKrFKTko6mJYr0FOXdg7YRgBjrPjQlJtk/aHCoAg="},"indexInfo":{"baseKey":"BTTRB0cWxy/ApPIL39RRYcgHcVyr7HParj/oIwD0aFAQ","baseKeyType":1,"closed":-1,"used":1763718471273,"created":1763718471273,"remoteIdentityKey":"BUyoA/MNjk1nzB6M57aZE39PDiAo7822GJILYRZegmY7"},"_chains":{"BbcTmoFeAuGk2a2HUSHh1TXL23MmkD+TlEAI12fUBwd8":{"chainKey":{"counter":145,"key":"zX4Dy8TLl8RYPqtBy6lRHPAbNSqUBcI/hWCt524CQII="},"chainType":1,"messageKeys":{}}},"pendingPreKey":{"signedKeyId":3593881,"baseKey":"BTTRB0cWxy/ApPIL39RRYcgHcVyr7HParj/oIwD0aFAQ","preKeyId":11678514}}},"version":"v1"}