{"_sessions":{"BSlzxWvZFoQWNnpJtFpmibPGv0ADIsuTl6+TBgIEjhUJ":{"registrationId":937451965,"currentRatchet":{"ephemeralKeyPair":{"pubKey":"BcKlI9VUf4ZFYtSWmH0+V47ZFmWNxUxnnkvK96ddxH0W","privKey":"iJMIRrLaW7TDDj6ZuHeWXTqDUu9vpHJq6ufK9hkWkEk="},"lastRemoteEphemeralKey":"BfFwhxW/AseKZ8m0C+g7+xYESdMn/EuKa6F9djrvXCYk","previousCounter":0,"rootKey":"Epab/K1lSZefjx+w4EGH+9NMrfCb5qbYRsVEzSwekEA="},"indexInfo":{"baseKey":"BSlzxWvZFoQWNnpJtFpmibPGv0ADIsuTl6+TBgIEjhUJ","baseKeyType":1,"closed":1763718470997,"used":1763718469949,"created":1763718469949,"remoteIdentityKey":"BSIie8xEkrLw8BcO6Eod7RJonY3ffg8UiXtv/9jimDZW"},"_chains":{"BcKlI9VUf4ZFYtSWmH0+V47ZFmWNxUxnnkvK96ddxH0W":{"chainKey":{"counter":-1,"key":"eLqZcRcTtq1PP8Mjm5e6mGba6swfgYCG+vUr8a6eZuo="},"chainType":1,"messageKeys":{}}},"pendingPreKey":{"signedKeyId":3844688,"baseKey":"BSlzxWvZFoQWNnpJtFpmibPGv0ADIsuTl6+TBgIEjhUJ","preKeyId":14547077}},"BZMO0mBSpW0KYYWDnaa2pyIYbrWHhyfiaarbBOg2TSlC":{"registrationId":937451965,"currentRatchet":{"ephemeralKeyPair":{"pubKey":"BVdB9kNt69za/JVFu36WnI3A+mRFNjbRm+jrmU/KZoNR","privKey":"0D4GWLyQNMiA3EFoDPnlFXWnhlRlnbphZjmDbxGaAms="},"lastRemoteEphemeralKey":"BfFwhxW/AseKZ8m0C+g7+xYESdMn/EuKa6F9djrvXCYk","previousCounter":0,"rootKey":"0YOINQ/Ix9iCbfykjPqZ5Ag5ZmiOCukbGSMxywFcI94="},"indexInfo":{"baseKey":"BZMO0mBSpW0KYYWDnaa2pyIYbrWHhyfiaarbBOg2TSlC","baseKeyType":1,"closed":-1,"used":1763718470994,"created":1763718470994,"remoteIdentityKey":"BSIie8xEkrLw8BcO6Eod7RJonY3ffg8UiXtv/9jimDZW"},"_chains":{"BVdB9kNt69za/JVFu36WnI3A+mRFNjbRm+jrmU/KZoNR":{"chainKey":{"counter":145,"key":"A0WTTuGM+h8QCPiViZrIiTxxOamdSveN+jmIeJhVjrg="},"chainType":1,"messageKeys":{}}},"pendingPreKey":{"signedKeyId":3844688,"baseKey":"BZMO0mBSpW0KYYWDnaa2pyIYbrWHhyfiaarbBOg2TSlC","preKeyId":14547005}}},"version":"v1"}