{"_sessions":{"BUwgDmwqPLcsUmmrBJMhZT7yWRMoQadHNp7EJ4lH6xNY":{"registrationId":828659383,"currentRatchet":{"ephemeralKeyPair":{"pubKey":"BcyZ5blRg5n8TnupiPBUQGGXWdKaCMzRo0xdRiB5VYJS","privKey":"MN/r4OQZOgScSbzR4D5FT24MvAmjLmajUpYjFK/a730="},"lastRemoteEphemeralKey":"BSx+cJItPCBCYZarr0EORYo7cxplj3oNduGevFhnZQcE","previousCounter":0,"rootKey":"TfBV0fXt7npIecKYR51GEa3ZdaO3qub8f/6m14VXEj8="},"indexInfo":{"baseKey":"BUwgDmwqPLcsUmmrBJMhZT7yWRMoQadHNp7EJ4lH6xNY","baseKeyType":1,"closed":1763718478695,"used":1763718477655,"created":1763718477655,"remoteIdentityKey":"BVMwMgtiryO+f5mJ81MHHwiPSTcunN4KtX6ge6xvfYtx"},"_chains":{"BcyZ5blRg5n8TnupiPBUQGGXWdKaCMzRo0xdRiB5VYJS":{"chainKey":{"counter":-1,"key":"zB2ELxN1WZTuQZAjkULYZXLtlKPVdk40obZuJv/imKI="},"chainType":1,"messageKeys":{}}},"pendingPreKey":{"signedKeyId":13,"baseKey":"BUwgDmwqPLcsUmmrBJMhZT7yWRMoQadHNp7EJ4lH6xNY","preKeyId":5323360}},"BdexF1p/k79NlufE/GjM6ny3Z6/dIFOl1Yn16aIfYQs/":{"registrationId":828659383,"currentRatchet":{"ephemeralKeyPair":{"pubKey":"BUalQdsQ70iKHOwpExJ7ZzMQms23X0ucAuf/ifgixcdN","privKey":"OLHtZH0qRz2GvCXSX/NJ8npcIOp7MMvIaSlQrYi9eFg="},"lastRemoteEphemeralKey":"BSx+cJItPCBCYZarr0EORYo7cxplj3oNduGevFhnZQcE","previousCounter":0,"rootKey":"+dzDdqKhhHGQO47222g7DrJGYGGya48+PIPJDI3KiHc="},"indexInfo":{"baseKey":"BdexF1p/k79NlufE/GjM6ny3Z6/dIFOl1Yn16aIfYQs/","baseKeyType":1,"closed":-1,"used":1763718478693,"created":1763718478692,"remoteIdentityKey":"BVMwMgtiryO+f5mJ81MHHwiPSTcunN4KtX6ge6xvfYtx"},"_chains":{"BUalQdsQ70iKHOwpExJ7ZzMQms23X0ucAuf/ifgixcdN":{"chainKey":{"counter":145,"key":"0qpzIKRJ3/7b3hdlibXos5Q71UWFkAwKNTGF8DgYbXw="},"chainType":1,"messageKeys":{}}},"pendingPreKey":{"signedKeyId":13,"baseKey":"BdexF1p/k79NlufE/GjM6ny3Z6/dIFOl1Yn16aIfYQs/","preKeyId":5323299}}},"version":"v1"}