{"_sessions":{"BRk+Z6weUdPvsNtm592hEuesxKIOZGdjK+oXnaEAY049":{"registrationId":163259401,"currentRatchet":{"ephemeralKeyPair":{"pubKey":"BUObPM10ihigYmBPZWZIwEPR83ODMP2vA/9Fe4O10+oI","privKey":"0NtXviTTWI6v/xDWkagrg8iByiW2ZuvocT014hmi4Fw="},"lastRemoteEphemeralKey":"BbExWrtKRrrHlrJIqsmIfHbvYGqsf5V/wUBXHkKZI7I/","previousCounter":0,"rootKey":"CssMPYEA7lunMycU+EJkmMq9ijhaHMMvJ5vyEoiZyU8="},"indexInfo":{"baseKey":"BRk+Z6weUdPvsNtm592hEuesxKIOZGdjK+oXnaEAY049","baseKeyType":1,"closed":1763718476514,"used":1763718475744,"created":1763718475744,"remoteIdentityKey":"BTxN9zbiJB/rqZPVCSwD2mFTlNFiaMDfJBRobSkalOZY"},"_chains":{"BUObPM10ihigYmBPZWZIwEPR83ODMP2vA/9Fe4O10+oI":{"chainKey":{"counter":-1,"key":"ipDYSX5UmRDUbNgGRRqhor3xE7puJZXErUBOaFy5Tro="},"chainType":1,"messageKeys":{}}},"pendingPreKey":{"signedKeyId":18,"baseKey":"BRk+Z6weUdPvsNtm592hEuesxKIOZGdjK+oXnaEAY049","preKeyId":3455119}},"BSeUO8o0yxx5+Sw54+1LR4Gc2r7w1OC/zNC+8AL4RbMt":{"registrationId":163259401,"currentRatchet":{"ephemeralKeyPair":{"pubKey":"BSfh70YKCo4gyFndTWFSKDBljtplNIg+hxCksRfFeU1Z","privKey":"eBZdn9f0FYiFf8O/4hMSGVdjUFimt0OogIu7aLYInGc="},"lastRemoteEphemeralKey":"BbExWrtKRrrHlrJIqsmIfHbvYGqsf5V/wUBXHkKZI7I/","previousCounter":0,"rootKey":"xgy0sCoIXrQUYjMgoVuvhoehSW+sLCScUvFT+cheEwE="},"indexInfo":{"baseKey":"BSeUO8o0yxx5+Sw54+1LR4Gc2r7w1OC/zNC+8AL4RbMt","baseKeyType":1,"closed":-1,"used":1763718476511,"created":1763718476511,"remoteIdentityKey":"BTxN9zbiJB/rqZPVCSwD2mFTlNFiaMDfJBRobSkalOZY"},"_chains":{"BSfh70YKCo4gyFndTWFSKDBljtplNIg+hxCksRfFeU1Z":{"chainKey":{"counter":145,"key":"siBfFZufiNX2C4KVDhs5n1WXwZbTodIDwYYUWantuYY="},"chainType":1,"messageKeys":{}}},"pendingPreKey":{"signedKeyId":18,"baseKey":"BSeUO8o0yxx5+Sw54+1LR4Gc2r7w1OC/zNC+8AL4RbMt","preKeyId":3455132}}},"version":"v1"}