{"_sessions":{"BYlDfI0xF1YKR7nsTGFASY8OQjVgZMHKSvh+gTjseBZ4":{"registrationId":1868330492,"currentRatchet":{"ephemeralKeyPair":{"pubKey":"Baxr8ruAnAl8AaTkCSIlOe1nQNqU9uGRuMqkmNs3eBt9","privKey":"SB7o+dEEHaEU2qcbi/m+KMvFywBtNG6ya1ngfdM4hGI="},"lastRemoteEphemeralKey":"BdHBN4mc1WGLd78bC1amDbO2R3GZqKDx+ErMtPVYkqsL","previousCounter":0,"rootKey":"LyBjQeLMtvwKIfGlgidsJcc31Q8ZfWXpggSRt8StCWE="},"indexInfo":{"baseKey":"BYlDfI0xF1YKR7nsTGFASY8OQjVgZMHKSvh+gTjseBZ4","baseKeyType":1,"closed":1763718472611,"used":1763718471754,"created":1763718471754,"remoteIdentityKey":"BVcalRGGzUv4OI2QKxi48Ui7wAT550ZTkxRbHd3FfSsT"},"_chains":{"Baxr8ruAnAl8AaTkCSIlOe1nQNqU9uGRuMqkmNs3eBt9":{"chainKey":{"counter":-1,"key":"ij6S1oW9Pm29EPLSM5ohxBh2qcc1yr36c57RpSrVTLE="},"chainType":1,"messageKeys":{}}},"pendingPreKey":{"signedKeyId":513956,"baseKey":"BYlDfI0xF1YKR7nsTGFASY8OQjVgZMHKSvh+gTjseBZ4","preKeyId":4206614}},"BQKOSciQ2x9gpp2i6dvEGrL6CaAZK9iTRjPF5ww4Z3Mv":{"registrationId":1868330492,"currentRatchet":{"ephemeralKeyPair":{"pubKey":"BXrIsKAdqg6OpmW6lEOzx6K3G9R14O4loMMqZFBrY7te","privKey":"WN0Urku+G3WCiIm3XLCWRSutgGGc/sOMLIjwF9j7iXU="},"lastRemoteEphemeralKey":"BdHBN4mc1WGLd78bC1amDbO2R3GZqKDx+ErMtPVYkqsL","previousCounter":0,"rootKey":"TEranzKLoHW8lU/vL0JkovhVl9KLpS5xf2VHZhaYK+c="},"indexInfo":{"baseKey":"BQKOSciQ2x9gpp2i6dvEGrL6CaAZK9iTRjPF5ww4Z3Mv","baseKeyType":1,"closed":-1,"used":1763718472607,"created":1763718472607,"remoteIdentityKey":"BVcalRGGzUv4OI2QKxi48Ui7wAT550ZTkxRbHd3FfSsT"},"_chains":{"BXrIsKAdqg6OpmW6lEOzx6K3G9R14O4loMMqZFBrY7te":{"chainKey":{"counter":145,"key":"qXw1LNkpzmt7CYhdqLNcVSApo45RDpLfOqfZDBYvOkM="},"chainType":1,"messageKeys":{}}},"pendingPreKey":{"signedKeyId":513956,"baseKey":"BQKOSciQ2x9gpp2i6dvEGrL6CaAZK9iTRjPF5ww4Z3Mv","preKeyId":4207381}}},"version":"v1"}