{"_sessions":{"BaBkFFLRqU4nTvHEEUnXsu1tV3g7pdfBD2U4DYARGC9U":{"registrationId":1931198460,"currentRatchet":{"ephemeralKeyPair":{"pubKey":"Bfk1QMPYFcM+TgkbZlSb4fYJz7VMsMyH5cp76eqQpQpZ","privKey":"SLhtGZurLZWHIKbRzKWX6FowmJ4OZp15NnNHanAoi3Y="},"lastRemoteEphemeralKey":"BQ9JiYW1djaNoApLo/2EixErMNm1GBNHLUH6q0Aazzl0","previousCounter":0,"rootKey":"TVWF0EMTwqt7OsipJKrs0l2l+5gTXiWEiFEIHcjRxT8="},"indexInfo":{"baseKey":"BaBkFFLRqU4nTvHEEUnXsu1tV3g7pdfBD2U4DYARGC9U","baseKeyType":1,"closed":1763718480082,"used":1763718479165,"created":1763718479165,"remoteIdentityKey":"BWZR7lPcXFOip0j9lRjwHZxXHVPzXVwGKo3lK6kkwYNI"},"_chains":{"Bfk1QMPYFcM+TgkbZlSb4fYJz7VMsMyH5cp76eqQpQpZ":{"chainKey":{"counter":-1,"key":"H8IqakU6Lr66/uqnGaDAHtvDm0gvn7X2xz4cDUKZ7To="},"chainType":1,"messageKeys":{}}},"pendingPreKey":{"signedKeyId":1737058,"baseKey":"BaBkFFLRqU4nTvHEEUnXsu1tV3g7pdfBD2U4DYARGC9U","preKeyId":2354583}},"BQuccpPHhZ/LmHeDbwMlUjmaMG4+7ci+aP81tD1XUthw":{"registrationId":1931198460,"currentRatchet":{"ephemeralKeyPair":{"pubKey":"BaxkNVQbWvh3kxxUgrjah6X9dpMB1Tlcu0XP2H5L8zEF","privKey":"qKxjVJYr/H6+gkRfcLlYJVZfNRPuCM8jKY597k5ck3g="},"lastRemoteEphemeralKey":"BQ9JiYW1djaNoApLo/2EixErMNm1GBNHLUH6q0Aazzl0","previousCounter":0,"rootKey":"cj8LbB6dPHDoPOm19YSVpixso8u1ktEl4m2L1grtlys="},"indexInfo":{"baseKey":"BQuccpPHhZ/LmHeDbwMlUjmaMG4+7ci+aP81tD1XUthw","baseKeyType":1,"closed":-1,"used":1763718480079,"created":1763718480079,"remoteIdentityKey":"BWZR7lPcXFOip0j9lRjwHZxXHVPzXVwGKo3lK6kkwYNI"},"_chains":{"BaxkNVQbWvh3kxxUgrjah6X9dpMB1Tlcu0XP2H5L8zEF":{"chainKey":{"counter":145,"key":"LGb/sXODYxuzUJOu85tXF+SdX0lWSiIbMomXiFWeHkA="},"chainType":1,"messageKeys":{}}},"pendingPreKey":{"signedKeyId":1737058,"baseKey":"BQuccpPHhZ/LmHeDbwMlUjmaMG4+7ci+aP81tD1XUthw","preKeyId":2354724}}},"version":"v1"}