{"_sessions":{"BdBMZ0RnsnK5ngKpScpNxPpYq4I7ZGPNj5UgW60K9FMO":{"registrationId":1369951022,"currentRatchet":{"ephemeralKeyPair":{"pubKey":"BQZQm4XXtpqvjgKUC/m+Pwj0NwOYShsCSyWWtxRlhDsp","privKey":"yOiYOe+LE930PCk8Qwrvt6TVBKW2bWuyMFK1Xa48JFM="},"lastRemoteEphemeralKey":"BfBL92AFdYPis4JCCMf5/hxGuHucrXJudIO6Yu/Rk8s4","previousCounter":0,"rootKey":"kIKo333CP2VD/fNmtPhyUVTaWV/KUJODrBcOVqXO1gs="},"indexInfo":{"baseKey":"BdBMZ0RnsnK5ngKpScpNxPpYq4I7ZGPNj5UgW60K9FMO","baseKeyType":1,"closed":1763718472840,"used":1763718471905,"created":1763718471905,"remoteIdentityKey":"BcsoGMgkGMgIMvLkIPx8fPzvd3x1A75RL6/OKpPcmuJK"},"_chains":{"BQZQm4XXtpqvjgKUC/m+Pwj0NwOYShsCSyWWtxRlhDsp":{"chainKey":{"counter":-1,"key":"ejhhw3NOK6up6TEBqD8k76fcjVE1MCqxkG6cvOxc5mc="},"chainType":1,"messageKeys":{}}},"pendingPreKey":{"signedKeyId":13,"baseKey":"BdBMZ0RnsnK5ngKpScpNxPpYq4I7ZGPNj5UgW60K9FMO","preKeyId":685959}},"BfoCaLhdfmEdRlFjWQI1deXx8fYu5ROjB6cR2pE5YiE1":{"registrationId":1369951022,"currentRatchet":{"ephemeralKeyPair":{"pubKey":"BaNua/5cq+yXGuW1PbYBXmn6Sg0CHmZfXn1uWqlecxYj","privKey":"4CAza3t0h+kk3PRZKiTIy7/HJB1KZGeDlKGvKjuYv1Y="},"lastRemoteEphemeralKey":"BZe3Jny0S2mrQ+qEB1VZXBLGk1C9p1/M2X7Laaw034VW","previousCounter":5,"rootKey":"z5loTgdxvXIePfJ8P/G24HisK2coNKK3pvBVqHX+7mc="},"indexInfo":{"baseKey":"BfoCaLhdfmEdRlFjWQI1deXx8fYu5ROjB6cR2pE5YiE1","baseKeyType":1,"closed":-1,"used":1763722533087,"created":1763718472837,"remoteIdentityKey":"BcsoGMgkGMgIMvLkIPx8fPzvd3x1A75RL6/OKpPcmuJK"},"_chains":{"BZe3Jny0S2mrQ+qEB1VZXBLGk1C9p1/M2X7Laaw034VW":{"chainKey":{"counter":0,"key":"NNMAdh4qXymfBadcqOJre+l+Z400yffzu+Hgps8/56s="},"chainType":2,"messageKeys":{}},"BaNua/5cq+yXGuW1PbYBXmn6Sg0CHmZfXn1uWqlecxYj":{"chainKey":{"counter":139,"key":"fyaCV1dhRwr+sgm9QJF3l4vW9ye1NRsnYpXTN6LvJXo="},"chainType":1,"messageKeys":{}}}}},"version":"v1"}