{"_sessions":{"BSJwtnTZ5adeAHNgWu52Sz0CXjkXkDstJGix/jnR21sY":{"registrationId":1718076753,"currentRatchet":{"ephemeralKeyPair":{"pubKey":"BSBQg5yVki0EK0mFXeCjx5AIy+sD5AM4emN5bfqGSz4/","privKey":"AKX74lLFjPR6HAMEZLd9h1OYGVK1nyxistC/j8egWUg="},"lastRemoteEphemeralKey":"BefP5+DjYD1z19ZjhR05ulcEbWXSg9y9wUWnfaZ6vMZn","previousCounter":0,"rootKey":"Hdia3RhG9FmfTc5oo1VwCK75fyFxhWx9qIuVUYdPMYw="},"indexInfo":{"baseKey":"BSJwtnTZ5adeAHNgWu52Sz0CXjkXkDstJGix/jnR21sY","baseKeyType":1,"closed":1763718472671,"used":1763718471791,"created":1763718471791,"remoteIdentityKey":"BRUFj1XcZbNZVjUdvRBnDhB0GfycbmocHq4t2RWoaocT"},"_chains":{"BSBQg5yVki0EK0mFXeCjx5AIy+sD5AM4emN5bfqGSz4/":{"chainKey":{"counter":-1,"key":"vgTBgKuujFibJ5TPE9g+z/4/AjaOZ90WzoUjwdDi9wY="},"chainType":1,"messageKeys":{}}},"pendingPreKey":{"signedKeyId":9,"baseKey":"BSJwtnTZ5adeAHNgWu52Sz0CXjkXkDstJGix/jnR21sY","preKeyId":13189121}},"BZMXmpwy0rF7pSk/fnUxaJCdZs4VgizvFgqURHq1Y59D":{"registrationId":1718076753,"currentRatchet":{"ephemeralKeyPair":{"pubKey":"BWPkF9keYsJThI6VlQgiXaRjhBaWJAMmx0chqj6bAfsR","privKey":"2D3okLOZTXiJhqhK9nEBc/Qu7rzFHS9UOzWl1JhR9V0="},"lastRemoteEphemeralKey":"BWba6rjkNrVV6PEoUXWuvxGZx3nxYCLwK+KyXGnwBoU+","previousCounter":1,"rootKey":"5PeENTvM61AMCa3ecbo4NacBE5/j5a8hxuLeKpaunpY="},"indexInfo":{"baseKey":"BZMXmpwy0rF7pSk/fnUxaJCdZs4VgizvFgqURHq1Y59D","baseKeyType":1,"closed":-1,"used":1763720313779,"created":1763718472668,"remoteIdentityKey":"BRUFj1XcZbNZVjUdvRBnDhB0GfycbmocHq4t2RWoaocT"},"_chains":{"BWba6rjkNrVV6PEoUXWuvxGZx3nxYCLwK+KyXGnwBoU+":{"chainKey":{"counter":0,"key":"uzIlW5JwKZCh9mv00lMl75eFDW2D1VYS0T0/WYTX9o4="},"chainType":2,"messageKeys":{}},"BWPkF9keYsJThI6VlQgiXaRjhBaWJAMmx0chqj6bAfsR":{"chainKey":{"counter":143,"key":"CDnhRGLjg6e8tJcD881Uo4JU++Q9s5X/HVjmyg5zTYA="},"chainType":1,"messageKeys":{}}}}},"version":"v1"}