{"_sessions":{"Bbqu+rolMX8PEW/4/wicBFtKnlKmQyQu83pPoVHOqZdm":{"registrationId":1012224347,"currentRatchet":{"ephemeralKeyPair":{"pubKey":"BXi9tTrZXXypmJPeEcIC6UIdHaHrQyjLfHz9KJiW+u03","privKey":"0KIlGW6AdBjNkiiUsznW39EGG9P4apSuH9c9IDvMwEo="},"lastRemoteEphemeralKey":"BeiIvygOVAD3kIzWVeW8Ufsj2a0xiCLnO68mCWxj4bRc","previousCounter":0,"rootKey":"pBnBxYLIi2mqAMcjaRLbZGlU0N6c8XZ58TwKKhUvLGc="},"indexInfo":{"baseKey":"Bbqu+rolMX8PEW/4/wicBFtKnlKmQyQu83pPoVHOqZdm","baseKeyType":1,"closed":1763718474528,"used":1763718473706,"created":1763718473706,"remoteIdentityKey":"BdZJ5tzBOEH3nD1sE+CQDjTU3xJFPSg9Ms3ti6RtsHVv"},"_chains":{"BXi9tTrZXXypmJPeEcIC6UIdHaHrQyjLfHz9KJiW+u03":{"chainKey":{"counter":-1,"key":"+j+Wd4Bhyfq3d2xyoUQlk/PWGVrjEBBoa6ITbd0wSa8="},"chainType":1,"messageKeys":{}}},"pendingPreKey":{"signedKeyId":23,"baseKey":"Bbqu+rolMX8PEW/4/wicBFtKnlKmQyQu83pPoVHOqZdm","preKeyId":1676842}},"Bb52JA+YAih5+E+x0wOFAHP9hP7b8MvxN50sUSH4g6EI":{"registrationId":1012224347,"currentRatchet":{"ephemeralKeyPair":{"pubKey":"BexGDb+ndHtGzACnTvkxj+6t0gzFAWL+ASJYd/irbmEB","privKey":"uCYy+tC3RK4KHRPr2pktsdqVZofsAfmrJHRoJIdvYnc="},"lastRemoteEphemeralKey":"BeiIvygOVAD3kIzWVeW8Ufsj2a0xiCLnO68mCWxj4bRc","previousCounter":0,"rootKey":"c8Q9jErkAixeT6Ds1jcYNMLmJ8DTlkREGJg5cJdi0A8="},"indexInfo":{"baseKey":"Bb52JA+YAih5+E+x0wOFAHP9hP7b8MvxN50sUSH4g6EI","baseKeyType":1,"closed":-1,"used":1763718474526,"created":1763718474526,"remoteIdentityKey":"BdZJ5tzBOEH3nD1sE+CQDjTU3xJFPSg9Ms3ti6RtsHVv"},"_chains":{"BexGDb+ndHtGzACnTvkxj+6t0gzFAWL+ASJYd/irbmEB":{"chainKey":{"counter":145,"key":"QZ+dRbzJ+50WEDxxQUwc88KJ/2ZoJ8m3Vcw+JglTbbI="},"chainType":1,"messageKeys":{}}},"pendingPreKey":{"signedKeyId":23,"baseKey":"Bb52JA+YAih5+E+x0wOFAHP9hP7b8MvxN50sUSH4g6EI","preKeyId":1676862}}},"version":"v1"}