{"_sessions":{"BQq22y1Ejq2jCuxVbdHtYQt8eb8iR09HB7TFAP/HYGgz":{"registrationId":474285301,"currentRatchet":{"ephemeralKeyPair":{"pubKey":"Bd0oHsl5Ic51WuhsB1UVdFDLmia9blIZoZhZ5SUBKkdI","privKey":"MCrZl2YT7Y/9IgZGJ9D5BFmw2DnYphSilV0zlzgdgX0="},"lastRemoteEphemeralKey":"BYkdMzBsOYeyL7mntrJopcUltU3G451Cp5JGkTGEOGhD","previousCounter":0,"rootKey":"NfNpQOz+MfsIWNpR2P21gJIJSNX4SkYMlBFtKLGTzwM="},"indexInfo":{"baseKey":"BQq22y1Ejq2jCuxVbdHtYQt8eb8iR09HB7TFAP/HYGgz","baseKeyType":1,"closed":1763718473176,"used":1763718472103,"created":1763718472103,"remoteIdentityKey":"BV6ws+JCzykwJbug26spMX+MomhkKy0fnZZGePGDGpNW"},"_chains":{"Bd0oHsl5Ic51WuhsB1UVdFDLmia9blIZoZhZ5SUBKkdI":{"chainKey":{"counter":-1,"key":"k0uSa56ddGFkgziTodm8WWi20SL1ci62PXdPo7vMjvg="},"chainType":1,"messageKeys":{}}},"pendingPreKey":{"signedKeyId":3,"baseKey":"BQq22y1Ejq2jCuxVbdHtYQt8eb8iR09HB7TFAP/HYGgz","preKeyId":3730541}},"BVztH4jMFFHQUOMdnKV7eziyCu/SLf1Aikqujrzg+JVF":{"registrationId":474285301,"currentRatchet":{"ephemeralKeyPair":{"pubKey":"Bd7zUnVq0Ms89ZZSFDd1Pq/qSHR9BPZA2nqVZ0CYLP0r","privKey":"AIBUMLWcSVknzdWquOkYs9pTF3pyj0I8A5JueXcIZGI="},"lastRemoteEphemeralKey":"BYkdMzBsOYeyL7mntrJopcUltU3G451Cp5JGkTGEOGhD","previousCounter":0,"rootKey":"wH3S3W66skAoTPfcU9mEq2LaiYhF4SjQ4MdPAZ0Ls+I="},"indexInfo":{"baseKey":"BVztH4jMFFHQUOMdnKV7eziyCu/SLf1Aikqujrzg+JVF","baseKeyType":1,"closed":-1,"used":1763718473173,"created":1763718473173,"remoteIdentityKey":"BV6ws+JCzykwJbug26spMX+MomhkKy0fnZZGePGDGpNW"},"_chains":{"Bd7zUnVq0Ms89ZZSFDd1Pq/qSHR9BPZA2nqVZ0CYLP0r":{"chainKey":{"counter":145,"key":"qx8t2ldr+Pxa5H/sHj5DtvGKUZO03WpDRuON0IKvgFQ="},"chainType":1,"messageKeys":{}}},"pendingPreKey":{"signedKeyId":3,"baseKey":"BVztH4jMFFHQUOMdnKV7eziyCu/SLf1Aikqujrzg+JVF","preKeyId":3730509}}},"version":"v1"}