{"_sessions":{"BUxA+Aso+OyzmG8vwEfJXNy4wlDtzsFJayMTdq4QSUQJ":{"registrationId":970077003,"currentRatchet":{"ephemeralKeyPair":{"pubKey":"BRv7lRMuJShCM20ePqrktCiuVXXUqxWxZVnkgF3i/xB9","privKey":"kCcDcuhXRWrF2ouXsk5cTzfy//ykXM00PqHnELHqVWI="},"lastRemoteEphemeralKey":"BeEGia4WKhreqA9ebb1LsGw/vKV78b1cGzImilTqVVYY","previousCounter":0,"rootKey":"eQNMWvHbSz0yPYn2N1822AUd5xwohHcw5IRKHoQtMNU="},"indexInfo":{"baseKey":"BUxA+Aso+OyzmG8vwEfJXNy4wlDtzsFJayMTdq4QSUQJ","baseKeyType":1,"closed":1763718480671,"used":1763718479508,"created":1763718479508,"remoteIdentityKey":"BaOLKiUQM2UpQtqJ4k+N+P2DB87PdnmG3PIwVTimYEpd"},"_chains":{"BRv7lRMuJShCM20ePqrktCiuVXXUqxWxZVnkgF3i/xB9":{"chainKey":{"counter":-1,"key":"DSHziKdYCNW3lVyi7Z0GzMLgFZRKVur5t3upkbmWUfU="},"chainType":1,"messageKeys":{}}},"pendingPreKey":{"signedKeyId":12,"baseKey":"BUxA+Aso+OyzmG8vwEfJXNy4wlDtzsFJayMTdq4QSUQJ","preKeyId":9007680}},"BY8IG/0ERKR8iYdnyeOPmVYj+WNK7zDsc7YaTGAY5EgQ":{"registrationId":970077003,"currentRatchet":{"ephemeralKeyPair":{"pubKey":"BZeZxkWnY7QflAMm7sfpXQtzF2/cQS9dnX/X5ugSDAF3","privKey":"wBv1vUZjopge/+vTJR5W8rYv/RSqQ+meyCiQWewY8WM="},"lastRemoteEphemeralKey":"BeEGia4WKhreqA9ebb1LsGw/vKV78b1cGzImilTqVVYY","previousCounter":0,"rootKey":"WsUuhRHXoZjwXzFky+8sK18+U2dNTlg5LioxYw1ayBw="},"indexInfo":{"baseKey":"BY8IG/0ERKR8iYdnyeOPmVYj+WNK7zDsc7YaTGAY5EgQ","baseKeyType":1,"closed":-1,"used":1763718480668,"created":1763718480668,"remoteIdentityKey":"BaOLKiUQM2UpQtqJ4k+N+P2DB87PdnmG3PIwVTimYEpd"},"_chains":{"BZeZxkWnY7QflAMm7sfpXQtzF2/cQS9dnX/X5ugSDAF3":{"chainKey":{"counter":145,"key":"39mdeRHR4fhxRPHVgLJJHqQW6Xwl8XaotK839GcUpaw="},"chainType":1,"messageKeys":{}}},"pendingPreKey":{"signedKeyId":12,"baseKey":"BY8IG/0ERKR8iYdnyeOPmVYj+WNK7zDsc7YaTGAY5EgQ","preKeyId":9007580}}},"version":"v1"}