{"_sessions":{"BaPke8sHx6HQ0cLl8Gn3vqUJtisUnRQG2cSpJJH5oSVU":{"registrationId":300008823,"currentRatchet":{"ephemeralKeyPair":{"pubKey":"BUSyaMuaoukPbaZhsrMvBn524a3lSTckN4fsj0DXd4Q5","privKey":"WAMDk5KFe/RWLxxlu3wDwsTbdS91Sw6QBjM1MS9NYUM="},"lastRemoteEphemeralKey":"Bb12nuLo+txUZbRqcCIWJydAF0gtI1O6MxdlzYAJRN44","previousCounter":0,"rootKey":"rUAy1G32ZxoJHz+MCa1W+MZUtu4rrQBmADRYL6T1vig="},"indexInfo":{"baseKey":"BaPke8sHx6HQ0cLl8Gn3vqUJtisUnRQG2cSpJJH5oSVU","baseKeyType":1,"closed":1763718472367,"used":1763718471684,"created":1763718471684,"remoteIdentityKey":"BRpq1FUGQRggjpxGHJiM84sXBYT4+Hil4vCw2EQbu79T"},"_chains":{"BUSyaMuaoukPbaZhsrMvBn524a3lSTckN4fsj0DXd4Q5":{"chainKey":{"counter":-1,"key":"AikwXc3zdWnxvz1q/4eM7eYCR61XrAvTGInWZFwf1Go="},"chainType":1,"messageKeys":{}}},"pendingPreKey":{"signedKeyId":13455360,"baseKey":"BaPke8sHx6HQ0cLl8Gn3vqUJtisUnRQG2cSpJJH5oSVU","preKeyId":575464}},"BYyZLMzL/wN1nETcX1/bU0RGy46tgFqqULWTBBkejVwc":{"registrationId":300008823,"currentRatchet":{"ephemeralKeyPair":{"pubKey":"BaWqBc+fA7TsFzL/E7DPidfhmEKKcQeT6a1BoJO+Qwku","privKey":"iJZmRZOj6tRbVDOz3VCRZA0Z6woZmPndkWLBk31Iv3E="},"lastRemoteEphemeralKey":"Bb12nuLo+txUZbRqcCIWJydAF0gtI1O6MxdlzYAJRN44","previousCounter":0,"rootKey":"okHzq3tvloBK2cR8blvBwFj//TooL4EKpOkFDu+lXBY="},"indexInfo":{"baseKey":"BYyZLMzL/wN1nETcX1/bU0RGy46tgFqqULWTBBkejVwc","baseKeyType":1,"closed":-1,"used":1763718472362,"created":1763718472362,"remoteIdentityKey":"BRpq1FUGQRggjpxGHJiM84sXBYT4+Hil4vCw2EQbu79T"},"_chains":{"BaWqBc+fA7TsFzL/E7DPidfhmEKKcQeT6a1BoJO+Qwku":{"chainKey":{"counter":145,"key":"POjLNh7l/c9tXJNhSDh/dAT+wom2jYQSfD3lA4v1LM4="},"chainType":1,"messageKeys":{}}},"pendingPreKey":{"signedKeyId":13455360,"baseKey":"BYyZLMzL/wN1nETcX1/bU0RGy46tgFqqULWTBBkejVwc","preKeyId":575662}}},"version":"v1"}