{"_sessions":{"BcYSPjcxbsfJML4EnhDzn7vQX6vxSgzU2tnrontQNMos":{"registrationId":2082988004,"currentRatchet":{"ephemeralKeyPair":{"pubKey":"BVvUcSu8D23dUyspuqrdsyC87z9pjCtxTjmPH7gBqus8","privKey":"MD4Dnun/1lmss555aN6wBq165QUnFR+fu2cukBOfd1s="},"lastRemoteEphemeralKey":"BTbE/nDW3Sh5htyHMhCjnpxyMEXSEXG4Piwf/QXBJLoL","previousCounter":0,"rootKey":"jR/eDavZ61sZI+I6c6T9Mc2I0s/+1+bXw2YLVYMWugk="},"indexInfo":{"baseKey":"BcYSPjcxbsfJML4EnhDzn7vQX6vxSgzU2tnrontQNMos","baseKeyType":1,"closed":1763718475275,"used":1763718474226,"created":1763718474226,"remoteIdentityKey":"BXjOowB9yi8RdWCkCkm0mhwiPGSUgE6nVY3B8NfCoEpF"},"_chains":{"BVvUcSu8D23dUyspuqrdsyC87z9pjCtxTjmPH7gBqus8":{"chainKey":{"counter":-1,"key":"YOhPdYbxZzZJsVlHLPgEQwifBl0kAxrIurvQzvYWSi8="},"chainType":1,"messageKeys":{}}},"pendingPreKey":{"signedKeyId":7,"baseKey":"BcYSPjcxbsfJML4EnhDzn7vQX6vxSgzU2tnrontQNMos","preKeyId":10140654}},"BYKnyp4w8AIdnb2+F0t+pOXRYY2YiuE/dpmAwbs0DiRi":{"registrationId":2082988004,"currentRatchet":{"ephemeralKeyPair":{"pubKey":"BSSTPhFmvzOeENFZBGQXfGZgwRYwpZekIc3qJ5Wotaww","privKey":"wPiFra/3uYkK6GpC6FMqvapa8rzO3NlYOaVPtWCAHnw="},"lastRemoteEphemeralKey":"BTbE/nDW3Sh5htyHMhCjnpxyMEXSEXG4Piwf/QXBJLoL","previousCounter":0,"rootKey":"jAVwIA0Vh9yJATKm8444TmO9syxJWCDMY/IwH5Zyk0A="},"indexInfo":{"baseKey":"BYKnyp4w8AIdnb2+F0t+pOXRYY2YiuE/dpmAwbs0DiRi","baseKeyType":1,"closed":-1,"used":1763718475273,"created":1763718475273,"remoteIdentityKey":"BXjOowB9yi8RdWCkCkm0mhwiPGSUgE6nVY3B8NfCoEpF"},"_chains":{"BSSTPhFmvzOeENFZBGQXfGZgwRYwpZekIc3qJ5Wotaww":{"chainKey":{"counter":145,"key":"S96ajH+3lREZMetSqFo2KyK4V0wlRpLVofoHBnrlZsA="},"chainType":1,"messageKeys":{}}},"pendingPreKey":{"signedKeyId":7,"baseKey":"BYKnyp4w8AIdnb2+F0t+pOXRYY2YiuE/dpmAwbs0DiRi","preKeyId":10140621}}},"version":"v1"}