{"_sessions":{"BVkzwrW+3dKQd9XkTO2kxdxisDsf5p1zxk/wZ3ooC1IY":{"registrationId":490189883,"currentRatchet":{"ephemeralKeyPair":{"pubKey":"BWmBFGTthiBEAhTiY1XnGoe7Qt2FKZPG+049MTGQ0MpI","privKey":"kEQPWDaeFdDDk9Roqqbq4OYqe0HEeooj5MQ2dM22n0A="},"lastRemoteEphemeralKey":"BQOUaoIxFTGVl6XZJl/mQLCoLwwusqJIdhYMaiQZt1AJ","previousCounter":0,"rootKey":"vOnDAQOuvANq7Qm6y9QJUbUZ4v2J9y0tQS61D+4DHlw="},"indexInfo":{"baseKey":"BVkzwrW+3dKQd9XkTO2kxdxisDsf5p1zxk/wZ3ooC1IY","baseKeyType":1,"closed":1763718472727,"used":1763718471831,"created":1763718471831,"remoteIdentityKey":"Baincalr3Dbt9iuxsBc9yPQEEGs9Bi2HN9hbYi6EHNtT"},"_chains":{"BWmBFGTthiBEAhTiY1XnGoe7Qt2FKZPG+049MTGQ0MpI":{"chainKey":{"counter":-1,"key":"o73syvKlfBbClYlZrFVboZh8hF8S2rbPvMfbgcirhY4="},"chainType":1,"messageKeys":{}}},"pendingPreKey":{"signedKeyId":12,"baseKey":"BVkzwrW+3dKQd9XkTO2kxdxisDsf5p1zxk/wZ3ooC1IY","preKeyId":12443715}},"BXOumnfWnA+ZWVGwB8CRukPQ8kMK858BCTSZehRACstZ":{"registrationId":490189883,"currentRatchet":{"ephemeralKeyPair":{"pubKey":"BfXtQXC+nqYO60/duQrhBx96MiSVAsc18Ibxv6LT4Wkm","privKey":"6P0HbOWEljNeHwF6UUSSh7eeFX8wmgJnHYHv6xxB9XY="},"lastRemoteEphemeralKey":"BQOUaoIxFTGVl6XZJl/mQLCoLwwusqJIdhYMaiQZt1AJ","previousCounter":0,"rootKey":"+XwdNI3jRQTAe3qsJVG5o8yXowIRrFF3qhM5smDTP4Y="},"indexInfo":{"baseKey":"BXOumnfWnA+ZWVGwB8CRukPQ8kMK858BCTSZehRACstZ","baseKeyType":1,"closed":-1,"used":1763718472725,"created":1763718472725,"remoteIdentityKey":"Baincalr3Dbt9iuxsBc9yPQEEGs9Bi2HN9hbYi6EHNtT"},"_chains":{"BfXtQXC+nqYO60/duQrhBx96MiSVAsc18Ibxv6LT4Wkm":{"chainKey":{"counter":145,"key":"FimgUVNC2qOhvZ/4Q7j3jF6ovpY/zGWnI17O8k9iuCE="},"chainType":1,"messageKeys":{}}},"pendingPreKey":{"signedKeyId":12,"baseKey":"BXOumnfWnA+ZWVGwB8CRukPQ8kMK858BCTSZehRACstZ","preKeyId":12443716}}},"version":"v1"}