{"_sessions":{"BfWHnWTiPhqGCIcLkEha/yS24fw2SwTcghVwz/KhNOAY":{"registrationId":1166573060,"currentRatchet":{"ephemeralKeyPair":{"pubKey":"BeUVKVD8BaEC0lUo2WoK4yurSKSlQQYW6hI/7UrPbyBw","privKey":"qGhxANIxfX0IH1VBBUPRA8P7+ci3xw1u+Vi87SoCj3I="},"lastRemoteEphemeralKey":"BRFUsonKSxRhz9pXmNRWpVVwiBW8hTwzejSDHBzuc/xl","previousCounter":0,"rootKey":"7vN8fyoQI4ht4I5NwUNiiKMisK2/PrP5aA2UrN+Qbsg="},"indexInfo":{"baseKey":"BfWHnWTiPhqGCIcLkEha/yS24fw2SwTcghVwz/KhNOAY","baseKeyType":1,"closed":1763718478828,"used":1763718477738,"created":1763718477738,"remoteIdentityKey":"BZXmiVbZeDZw8ahbx0HJiBhGKM3t4af79e2nW6AvbkpZ"},"_chains":{"BeUVKVD8BaEC0lUo2WoK4yurSKSlQQYW6hI/7UrPbyBw":{"chainKey":{"counter":-1,"key":"GPnLRGuigUowKS4oa8Cd2hSwAOVBE0q3k3qrlfWxKi4="},"chainType":1,"messageKeys":{}}},"pendingPreKey":{"signedKeyId":9,"baseKey":"BfWHnWTiPhqGCIcLkEha/yS24fw2SwTcghVwz/KhNOAY","preKeyId":13272373}},"BVPeFbMKC6cW+GS+qr1Cgc6z/a+GeYGNLR2yVKUHVjUb":{"registrationId":1166573060,"currentRatchet":{"ephemeralKeyPair":{"pubKey":"Bcgi1MlKPdajw+CodIWvVN3tJAZjhXJ15IXUANccR5c4","privKey":"2Jj5iaKPHyq8JjwYCKWD8JnCfzXIIDNdETkiTf7pYGo="},"lastRemoteEphemeralKey":"BRFUsonKSxRhz9pXmNRWpVVwiBW8hTwzejSDHBzuc/xl","previousCounter":0,"rootKey":"um2y8ZbodVm47iDxFXyJoY6lBut8f7heGUWxW7bGJHo="},"indexInfo":{"baseKey":"BVPeFbMKC6cW+GS+qr1Cgc6z/a+GeYGNLR2yVKUHVjUb","baseKeyType":1,"closed":-1,"used":1763718478825,"created":1763718478825,"remoteIdentityKey":"BZXmiVbZeDZw8ahbx0HJiBhGKM3t4af79e2nW6AvbkpZ"},"_chains":{"Bcgi1MlKPdajw+CodIWvVN3tJAZjhXJ15IXUANccR5c4":{"chainKey":{"counter":145,"key":"LB9D9sJCP9LurE3w7kM2KkLUZLLxYdBMzy6E3fLW4bs="},"chainType":1,"messageKeys":{}}},"pendingPreKey":{"signedKeyId":9,"baseKey":"BVPeFbMKC6cW+GS+qr1Cgc6z/a+GeYGNLR2yVKUHVjUb","preKeyId":13272405}}},"version":"v1"}