{"_sessions":{"Bf4ILMAi+H/FV8Tp8rwCHv/c0pD+iSB5c1kv7IFAA9AF":{"registrationId":1919633492,"currentRatchet":{"ephemeralKeyPair":{"pubKey":"BbF+7DF7FrqY8HhYfBdyJPErZcEuO2X+Zi5p1NHwvkVl","privKey":"iNPE2pA/zGq41hYbmjPN6bDs+QmM3ll3p7e6PzjkRlc="},"lastRemoteEphemeralKey":"BcUZEdWhml8XPoGLWLhvdUsErR3OP639FGu1mCFyRk1Z","previousCounter":0,"rootKey":"2JDZnw3f6jxPnLA/UXKd022cHa8AoIRE1sDg8d5e2H8="},"indexInfo":{"baseKey":"Bf4ILMAi+H/FV8Tp8rwCHv/c0pD+iSB5c1kv7IFAA9AF","baseKeyType":1,"closed":1763718471485,"used":1763718470228,"created":1763718470228,"remoteIdentityKey":"BYKg57ZCH6Z0oj6VykZqYVW+ncFMkiJj3YMIZNKRlOEU"},"_chains":{"BbF+7DF7FrqY8HhYfBdyJPErZcEuO2X+Zi5p1NHwvkVl":{"chainKey":{"counter":-1,"key":"WXK7kAN7ohS0FtXNS8f76xFtPMly7dVMoBgr7b0VVWg="},"chainType":1,"messageKeys":{}}},"pendingPreKey":{"signedKeyId":26,"baseKey":"Bf4ILMAi+H/FV8Tp8rwCHv/c0pD+iSB5c1kv7IFAA9AF","preKeyId":8972531}},"BfOt50meVrB1Al4oBSNAbF4y/wZJRPrWMuQ8ZoKB4Dtk":{"registrationId":1919633492,"currentRatchet":{"ephemeralKeyPair":{"pubKey":"BWLNl6AeTEuUNskbYENWqTrddx0CnYQ9SKVJIWneKSMl","privKey":"wLleRDKIrzkI5f9BOWJD2vWsziE/+kTYvh+tyQOvVn0="},"lastRemoteEphemeralKey":"BcUZEdWhml8XPoGLWLhvdUsErR3OP639FGu1mCFyRk1Z","previousCounter":0,"rootKey":"QfedP/769zYpVYvBHz04GBRnpqtBCA/vse6sls9jgbU="},"indexInfo":{"baseKey":"BfOt50meVrB1Al4oBSNAbF4y/wZJRPrWMuQ8ZoKB4Dtk","baseKeyType":1,"closed":-1,"used":1763718471482,"created":1763718471482,"remoteIdentityKey":"BYKg57ZCH6Z0oj6VykZqYVW+ncFMkiJj3YMIZNKRlOEU"},"_chains":{"BWLNl6AeTEuUNskbYENWqTrddx0CnYQ9SKVJIWneKSMl":{"chainKey":{"counter":145,"key":"1rVIHqpaX79H1Ug8NEs27u9pJig58WD1dyg5xZYDCHM="},"chainType":1,"messageKeys":{}}},"pendingPreKey":{"signedKeyId":26,"baseKey":"BfOt50meVrB1Al4oBSNAbF4y/wZJRPrWMuQ8ZoKB4Dtk","preKeyId":8972533}}},"version":"v1"}