{"_sessions":{"BeLlZTHtTRbpjvAc2EGyxkbGWSoiCJIaqQR+uDEDGW1z":{"registrationId":840622630,"currentRatchet":{"ephemeralKeyPair":{"pubKey":"BS+9N45lCNlwHaO/ZDHXidtCVBe5eBXglW10SnepLWQa","privKey":"KEAhb0kyozpQLAZKxcBB2tJWTQmmXcNN9nEOjOmQznc="},"lastRemoteEphemeralKey":"BUAPBfKbvKec7RLoZzTzDZAPQRHh/LE1wEfxlFxouWwT","previousCounter":0,"rootKey":"v8344nNoEt5pYhL0wO3/hE100bYdbIsfqT2ScjJyF7k="},"indexInfo":{"baseKey":"BeLlZTHtTRbpjvAc2EGyxkbGWSoiCJIaqQR+uDEDGW1z","baseKeyType":1,"closed":1763718475151,"used":1763718474133,"created":1763718474133,"remoteIdentityKey":"BXgw259ssFgmgDzcCZIAjSyZwZaoiBKgLH0OkD+R6w9g"},"_chains":{"BS+9N45lCNlwHaO/ZDHXidtCVBe5eBXglW10SnepLWQa":{"chainKey":{"counter":-1,"key":"gghjfJOqB/ZgeW61n8JnGoghcC3p5VbOqu4xiseu6Sc="},"chainType":1,"messageKeys":{}}},"pendingPreKey":{"signedKeyId":11,"baseKey":"BeLlZTHtTRbpjvAc2EGyxkbGWSoiCJIaqQR+uDEDGW1z","preKeyId":9181353}},"BTIOXFZQkVGbM9Yv+DwnsZH9+Fxa8FFWqRo15UcQBQUt":{"registrationId":840622630,"currentRatchet":{"ephemeralKeyPair":{"pubKey":"BdnAW0k1GNcq92hSIRUvKY1rl5hYpLFcgMaCfT9avxJC","privKey":"4A5Q2ntpAeGb8CDPVx5kOouJx2QQ0sgmc3lB+Lnt93g="},"lastRemoteEphemeralKey":"BUAPBfKbvKec7RLoZzTzDZAPQRHh/LE1wEfxlFxouWwT","previousCounter":0,"rootKey":"j56Kqdy8AiectZ24vU2cbij8iOtzxS3f7oE3DI6rRy8="},"indexInfo":{"baseKey":"BTIOXFZQkVGbM9Yv+DwnsZH9+Fxa8FFWqRo15UcQBQUt","baseKeyType":1,"closed":-1,"used":1763718475148,"created":1763718475148,"remoteIdentityKey":"BXgw259ssFgmgDzcCZIAjSyZwZaoiBKgLH0OkD+R6w9g"},"_chains":{"BdnAW0k1GNcq92hSIRUvKY1rl5hYpLFcgMaCfT9avxJC":{"chainKey":{"counter":145,"key":"BRmjIgVBJunyeZhnesf0vFayvc0IH0iQsu+YqaHhCu4="},"chainType":1,"messageKeys":{}}},"pendingPreKey":{"signedKeyId":11,"baseKey":"BTIOXFZQkVGbM9Yv+DwnsZH9+Fxa8FFWqRo15UcQBQUt","preKeyId":9181278}}},"version":"v1"}