{"_sessions":{"BbIRgucP5/iY4ylDLfdpEb4ASq4dlOGDbDTIiOv25skF":{"registrationId":1213132837,"currentRatchet":{"ephemeralKeyPair":{"pubKey":"BY/osnvQ+wJdWeuBFb7MxwucvjRRrCo6ASzHMxm2jsw0","privKey":"GG5kXScOMRskc3b+1ukgfz0plc+Z5NSLjeiw6fDR3X4="},"lastRemoteEphemeralKey":"BXNHzHUaUs8ABMsQDzdeI885vPhDQ6XqOr/ku8bwki0O","previousCounter":0,"rootKey":"zUKv3LPifwctHdQsOLVwdN6oGiQAEy7NB025NsuPBzs="},"indexInfo":{"baseKey":"BbIRgucP5/iY4ylDLfdpEb4ASq4dlOGDbDTIiOv25skF","baseKeyType":1,"closed":1763718471088,"used":1763718469998,"created":1763718469998,"remoteIdentityKey":"BeLNw7YKsaxL2pl8aMLP1yQls7PCD6+RdPqjQQv18i51"},"_chains":{"BY/osnvQ+wJdWeuBFb7MxwucvjRRrCo6ASzHMxm2jsw0":{"chainKey":{"counter":-1,"key":"DNcyxMx7E3/yGylbZ6MGSKBV8t6sDfzzrCgpsP/DcYg="},"chainType":1,"messageKeys":{}}},"pendingPreKey":{"signedKeyId":8,"baseKey":"BbIRgucP5/iY4ylDLfdpEb4ASq4dlOGDbDTIiOv25skF","preKeyId":13678478}},"BV0n215Y0/YIZor9B7hTWN8S0SoTThebgg9iIRwalI5u":{"registrationId":1213132837,"currentRatchet":{"ephemeralKeyPair":{"pubKey":"Bf/qvPjafIQsbuDwVE0z0oB7kHRu/u++wCcPapXAHCwy","privKey":"kCOg9urY7Ord7jLTk5K6QHGj9Gztfu3uHubEnlPJc1g="},"lastRemoteEphemeralKey":"BXNHzHUaUs8ABMsQDzdeI885vPhDQ6XqOr/ku8bwki0O","previousCounter":0,"rootKey":"1i1OCnTvwk6PLlagiNr7JmEPI8u6G5cVEqhY8vsgbMU="},"indexInfo":{"baseKey":"BV0n215Y0/YIZor9B7hTWN8S0SoTThebgg9iIRwalI5u","baseKeyType":1,"closed":-1,"used":1763718471085,"created":1763718471085,"remoteIdentityKey":"BeLNw7YKsaxL2pl8aMLP1yQls7PCD6+RdPqjQQv18i51"},"_chains":{"Bf/qvPjafIQsbuDwVE0z0oB7kHRu/u++wCcPapXAHCwy":{"chainKey":{"counter":145,"key":"ZLV24Wkw6U8olCLk8UPjN0V1PqgEnD/JEy3oorrk2ok="},"chainType":1,"messageKeys":{}}},"pendingPreKey":{"signedKeyId":8,"baseKey":"BV0n215Y0/YIZor9B7hTWN8S0SoTThebgg9iIRwalI5u","preKeyId":13678491}}},"version":"v1"}