{"_sessions":{"BRTdNk2kadWTVR8YxankKr6tcw3q+h5R0eWdfaj35wox":{"registrationId":981708230,"currentRatchet":{"ephemeralKeyPair":{"pubKey":"BaLC28z2z4aPPg8Vb2cAhMHybLM1lD4Yn2KboURLxr9s","privKey":"aLisZnU0B2o4cDKqH/OTXcTUAbYEhRkYuyd4Mul4G1s="},"lastRemoteEphemeralKey":"BTmSet0GJQt48rlQ+sT5iCWhNkCbwkkpw5meW0XCcE0Z","previousCounter":0,"rootKey":"YJOYsCLJq5lr0svrSACCa8B9+CzCRWZaMeNcqXZuUNA="},"indexInfo":{"baseKey":"BRTdNk2kadWTVR8YxankKr6tcw3q+h5R0eWdfaj35wox","baseKeyType":1,"closed":1763718482084,"used":1763718481240,"created":1763718481240,"remoteIdentityKey":"BZyEdaam46dLs1y/wscUBtrbGiJV3tTm+YYj2ULD1YJD"},"_chains":{"BaLC28z2z4aPPg8Vb2cAhMHybLM1lD4Yn2KboURLxr9s":{"chainKey":{"counter":-1,"key":"Qb9AzRJIq+EpC6g7kK1/po5hRlQcCKBpZAUNJZPjlAA="},"chainType":1,"messageKeys":{}}},"pendingPreKey":{"signedKeyId":12,"baseKey":"BRTdNk2kadWTVR8YxankKr6tcw3q+h5R0eWdfaj35wox","preKeyId":13135650}},"BeujOgcCcnWlEYmSxBWJfkxsW3f9a18bH3GL5jSX6Exb":{"registrationId":981708230,"currentRatchet":{"ephemeralKeyPair":{"pubKey":"BRU5VoH0/0/7+XYgEPw5i9EQp3D9ltVjL6Uu7u3SWBpr","privKey":"CItaspoTPHVKXkgxPQ07xWURkwhbHoOK9v+dafFtT14="},"lastRemoteEphemeralKey":"BTmSet0GJQt48rlQ+sT5iCWhNkCbwkkpw5meW0XCcE0Z","previousCounter":0,"rootKey":"uM07+2qUt7PHuZYWPPbjW3JG3MFE9+hmrgO1xnT+wt8="},"indexInfo":{"baseKey":"BeujOgcCcnWlEYmSxBWJfkxsW3f9a18bH3GL5jSX6Exb","baseKeyType":1,"closed":-1,"used":1763718482081,"created":1763718482081,"remoteIdentityKey":"BZyEdaam46dLs1y/wscUBtrbGiJV3tTm+YYj2ULD1YJD"},"_chains":{"BRU5VoH0/0/7+XYgEPw5i9EQp3D9ltVjL6Uu7u3SWBpr":{"chainKey":{"counter":145,"key":"Wi8ku2BFfaG/ysMVSYW476xZrp9PQpSBOmWcOZ9ncn4="},"chainType":1,"messageKeys":{}}},"pendingPreKey":{"signedKeyId":12,"baseKey":"BeujOgcCcnWlEYmSxBWJfkxsW3f9a18bH3GL5jSX6Exb","preKeyId":13135732}}},"version":"v1"}