{"_sessions":{"Bdir2WRFzo7npwpFpA9pOP9UYdxiOsMm3VEMgAhZTQdn":{"registrationId":2086973610,"currentRatchet":{"ephemeralKeyPair":{"pubKey":"BT1WAhDmhgC69wjwHu28lNvdkyBIiqpd/N4JIJvuE0tX","privKey":"sKoFwy3AlYFXmW4orsQmY0oAvegyG5M5brBWvyK5DWM="},"lastRemoteEphemeralKey":"BaYwkQuQqU+JoXK3EkMpz7gdRM4TCDYb5TDIWOtEk6sX","previousCounter":0,"rootKey":"GCcOiEVbp5PrS36TNVspgmNLoK5LGGFflNdG6GvSlYE="},"indexInfo":{"baseKey":"Bdir2WRFzo7npwpFpA9pOP9UYdxiOsMm3VEMgAhZTQdn","baseKeyType":1,"closed":1763718477865,"used":1763718477157,"created":1763718477157,"remoteIdentityKey":"BVsuipS4q6zb6djVvQ3RhV+gNukiMKQJMtrW0Wree3Ny"},"_chains":{"BT1WAhDmhgC69wjwHu28lNvdkyBIiqpd/N4JIJvuE0tX":{"chainKey":{"counter":-1,"key":"GJWb5veHJEHk1g3j6J8iEZqevpDfG9PJiEsbpIgHvbk="},"chainType":1,"messageKeys":{}}},"pendingPreKey":{"signedKeyId":13,"baseKey":"Bdir2WRFzo7npwpFpA9pOP9UYdxiOsMm3VEMgAhZTQdn","preKeyId":12791259}},"BRFk15bcowEpAUNA6Qeuvl3REMG5gSLXkngcIpRlRART":{"registrationId":2086973610,"currentRatchet":{"ephemeralKeyPair":{"pubKey":"BW5BsTaUY5je2E6butmxIrlcZpZa4cNWCBDSAuxD/oE6","privKey":"CLCLHSXqbe0k5vVULe4mvAj2nA2F/Kc488xNQEo8+lM="},"lastRemoteEphemeralKey":"BaYwkQuQqU+JoXK3EkMpz7gdRM4TCDYb5TDIWOtEk6sX","previousCounter":0,"rootKey":"E0rXg8otEYRd4C0jA4UDgPsTvSfDFenpswmMBF9AIx8="},"indexInfo":{"baseKey":"BRFk15bcowEpAUNA6Qeuvl3REMG5gSLXkngcIpRlRART","baseKeyType":1,"closed":-1,"used":1763718477862,"created":1763718477862,"remoteIdentityKey":"BVsuipS4q6zb6djVvQ3RhV+gNukiMKQJMtrW0Wree3Ny"},"_chains":{"BW5BsTaUY5je2E6butmxIrlcZpZa4cNWCBDSAuxD/oE6":{"chainKey":{"counter":145,"key":"6RUo9I/bWBUmgr8g5nIeu4BPel1t4L3/Gi0qZ3vlyXI="},"chainType":1,"messageKeys":{}}},"pendingPreKey":{"signedKeyId":13,"baseKey":"BRFk15bcowEpAUNA6Qeuvl3REMG5gSLXkngcIpRlRART","preKeyId":12791155}}},"version":"v1"}