{"_sessions":{"BV8SLGbC7KjjmRAJTJboswrxYunDoRRONSeiE7ZCymtf":{"registrationId":176,"currentRatchet":{"ephemeralKeyPair":{"pubKey":"BTJ/1HVsjHbpLqt8eue0HoAYA7iVuTE1Kk1Y0GGGr8pa","privKey":"YGSOYfs6uFebL01DP3TQP7I2v/+DGcxXa/8n9ZmdsVY="},"lastRemoteEphemeralKey":"BVNyGoTt3j5Ag6ZDe8rhIJlwg2aKS4oMHtrGhBIE0KxW","previousCounter":0,"rootKey":"aPg5SftLOe96VeVD9wKskMtBxYjEGzQAS9BIJ15j+C4="},"indexInfo":{"baseKey":"BV8SLGbC7KjjmRAJTJboswrxYunDoRRONSeiE7ZCymtf","baseKeyType":1,"closed":-1,"used":1763716076220,"created":1763716076220,"remoteIdentityKey":"BVGVcB2qHAqCFs9zCq4x6Lo1CC0Vb8WvdrVE49vJOrMQ"},"_chains":{"BTJ/1HVsjHbpLqt8eue0HoAYA7iVuTE1Kk1Y0GGGr8pa":{"chainKey":{"counter":220,"key":"3/srH6qrBTRVBWiRoF/pJh0U7vNxQUqqaC6Jka7E24k="},"chainType":1,"messageKeys":{}}},"pendingPreKey":{"signedKeyId":1,"baseKey":"BV8SLGbC7KjjmRAJTJboswrxYunDoRRONSeiE7ZCymtf"}}},"version":"v1"}