{"_sessions":{"BcpGaqzYgKVyIJsgyD8w0J90zYwbcZ3enEbeJcpiP7F/":{"registrationId":319775437,"currentRatchet":{"ephemeralKeyPair":{"pubKey":"BY3QE9dqPD3ozh3p96TlzgsgyV5aSsn8q1P9h1jSRTIi","privKey":"GL+H1a34x6hX6tUsJaRBGIGitASBio525OtMbYwvREg="},"lastRemoteEphemeralKey":"BSg5OqmqoOex/9UKU2JYniebrz9UINKbfuoO2Xt5KlI2","previousCounter":0,"rootKey":"RjFS8tsoavPcSwPT4/I8O0Xzgy26sO08IyXPMb/PDys="},"indexInfo":{"baseKey":"BcpGaqzYgKVyIJsgyD8w0J90zYwbcZ3enEbeJcpiP7F/","baseKeyType":1,"closed":1763718470823,"used":1763718469852,"created":1763718469852,"remoteIdentityKey":"BdCO6tcfinUKzA1jJ0tSVSB1eMQdoBy/jjiHLyUm1V5L"},"_chains":{"BY3QE9dqPD3ozh3p96TlzgsgyV5aSsn8q1P9h1jSRTIi":{"chainKey":{"counter":-1,"key":"FGXdqke/l0fq57d1poQu1ODAEpRKesgrJm46xyEomT8="},"chainType":1,"messageKeys":{}}},"pendingPreKey":{"signedKeyId":3,"baseKey":"BcpGaqzYgKVyIJsgyD8w0J90zYwbcZ3enEbeJcpiP7F/","preKeyId":4565107}},"BZlJT+HiNC4X361sP3386FqzWKT8wgflV/+zu4fQGyMh":{"registrationId":319775437,"currentRatchet":{"ephemeralKeyPair":{"pubKey":"BScbY1VR6npP1zLn84rMkVbJEnyKLyLoh3ugfK0L+gcU","privKey":"8BVPc1Io6Zz1WC10E+6UNJvNx7Q5IDpKcrCTTA77DnE="},"lastRemoteEphemeralKey":"BSg5OqmqoOex/9UKU2JYniebrz9UINKbfuoO2Xt5KlI2","previousCounter":0,"rootKey":"YnA+eJzdPOQWW+zuQh9Nu5mif9JepA+UVufiKlIXUtA="},"indexInfo":{"baseKey":"BZlJT+HiNC4X361sP3386FqzWKT8wgflV/+zu4fQGyMh","baseKeyType":1,"closed":-1,"used":1763718470820,"created":1763718470820,"remoteIdentityKey":"BdCO6tcfinUKzA1jJ0tSVSB1eMQdoBy/jjiHLyUm1V5L"},"_chains":{"BScbY1VR6npP1zLn84rMkVbJEnyKLyLoh3ugfK0L+gcU":{"chainKey":{"counter":145,"key":"H+z28YN7vW6JlDip7YI9BUZ779w6cKeQVkbI7GLy9R0="},"chainType":1,"messageKeys":{}}},"pendingPreKey":{"signedKeyId":3,"baseKey":"BZlJT+HiNC4X361sP3386FqzWKT8wgflV/+zu4fQGyMh","preKeyId":4565836}}},"version":"v1"}