{"_sessions":{"BTg4RM9jG6QGQMuvpR7oAxNuwFuW3Qe6QFYH2etu6P56":{"registrationId":1470216008,"currentRatchet":{"ephemeralKeyPair":{"pubKey":"BSPIMfNt6lEYwuZ2t2sRiles5QoSXkwS5v/tJ54MDN1R","privKey":"8LJcunqNDX+07pYcKn+jyZ4YVipdzWQ6YRR0Xcooo1E="},"lastRemoteEphemeralKey":"BX4HWxpRiD+A8g57JT5JLqL7G5qpMHiIe5ScaDL1lT8I","previousCounter":0,"rootKey":"KcQHF/8PRM/7SmexZsKfpgEH9RixiPlnwkNC6UBhuJ0="},"indexInfo":{"baseKey":"BTg4RM9jG6QGQMuvpR7oAxNuwFuW3Qe6QFYH2etu6P56","baseKeyType":1,"closed":1763718481873,"used":1763718481091,"created":1763718481091,"remoteIdentityKey":"BUykX18OX+8thvWXPhaI52jvZGVZcuNwiUvSoKyY53MG"},"_chains":{"BSPIMfNt6lEYwuZ2t2sRiles5QoSXkwS5v/tJ54MDN1R":{"chainKey":{"counter":-1,"key":"4bgxBGeLsmVFItV/URa3aIZr3R3CZmAghBUnAwZ3uso="},"chainType":1,"messageKeys":{}}},"pendingPreKey":{"signedKeyId":13,"baseKey":"BTg4RM9jG6QGQMuvpR7oAxNuwFuW3Qe6QFYH2etu6P56","preKeyId":11026285}},"BSICiWGMwpTdc+ZoOwy5ePKd4unBI7TYEqWDl/GjqvMx":{"registrationId":1470216008,"currentRatchet":{"ephemeralKeyPair":{"pubKey":"BecamqyITjTOf2p6VGpL4kmCPNvSlKDKr3zKoX/T9aAL","privKey":"0NHmww4U/1RZXMCdHQHUq16fnRxV/YqAJ+YNbbI90FM="},"lastRemoteEphemeralKey":"BX4HWxpRiD+A8g57JT5JLqL7G5qpMHiIe5ScaDL1lT8I","previousCounter":0,"rootKey":"qHfAIQdBlwcWsggCmLrF+E8b+geeKpTFqGoBUw8sA5I="},"indexInfo":{"baseKey":"BSICiWGMwpTdc+ZoOwy5ePKd4unBI7TYEqWDl/GjqvMx","baseKeyType":1,"closed":-1,"used":1763718481870,"created":1763718481870,"remoteIdentityKey":"BUykX18OX+8thvWXPhaI52jvZGVZcuNwiUvSoKyY53MG"},"_chains":{"BecamqyITjTOf2p6VGpL4kmCPNvSlKDKr3zKoX/T9aAL":{"chainKey":{"counter":145,"key":"qx0ksiEC4OQuVuo8eEF/IN1rellElpfsiZ3X7ec8ESY="},"chainType":1,"messageKeys":{}}},"pendingPreKey":{"signedKeyId":13,"baseKey":"BSICiWGMwpTdc+ZoOwy5ePKd4unBI7TYEqWDl/GjqvMx","preKeyId":11026287}}},"version":"v1"}