{"_sessions":{"BcsLIObBGknZOwPCMV80iRLIBQwxkwXt3VHE1CaxDKJf":{"registrationId":1166980450,"currentRatchet":{"ephemeralKeyPair":{"pubKey":"BS2VhXnK/0mnLBi0nkObuFgOLBlqdDY1JmYmQVeU+x0E","privKey":"WFszHeXTnmbx+zONnYFpO3fObapWfSKae/z/iveGdGo="},"lastRemoteEphemeralKey":"BTIxi71uxpAztxTvwTsFW/0pj3rWSfTHYqeulHGZntl0","previousCounter":0,"rootKey":"kFjBbkHEALVBY1y7GC44KDMRLaiSMMpRsmO1yfbbQuw="},"indexInfo":{"baseKey":"BcsLIObBGknZOwPCMV80iRLIBQwxkwXt3VHE1CaxDKJf","baseKeyType":1,"closed":1763718476802,"used":1763718475922,"created":1763718475922,"remoteIdentityKey":"BfsEBpHX0SYbSZCaGkb3Iu40xsIkCgi5tDyfzQeiyv5O"},"_chains":{"BS2VhXnK/0mnLBi0nkObuFgOLBlqdDY1JmYmQVeU+x0E":{"chainKey":{"counter":-1,"key":"lzNRutOr6rm4nIBUutCTtRqW/SOhrXiG0eauB2G5zn4="},"chainType":1,"messageKeys":{}}},"pendingPreKey":{"signedKeyId":4679650,"baseKey":"BcsLIObBGknZOwPCMV80iRLIBQwxkwXt3VHE1CaxDKJf","preKeyId":11392648}},"BabApys3v0YbXGeczjLKEBJru+UchW6UhgqkMAVFIBkg":{"registrationId":1166980450,"currentRatchet":{"ephemeralKeyPair":{"pubKey":"BVv14xMt99oW6MtvBdqswdaUqaY4k/vKZq6kM+rdVAM7","privKey":"6P4LLoW7XObHcdTc9JUNathL2dDd5Ub/yNIyd4FegGo="},"lastRemoteEphemeralKey":"BTIxi71uxpAztxTvwTsFW/0pj3rWSfTHYqeulHGZntl0","previousCounter":0,"rootKey":"coYzm71yMzsztZTDfQDX2tm7G/h4/GyWl0Ya7ymAI/o="},"indexInfo":{"baseKey":"BabApys3v0YbXGeczjLKEBJru+UchW6UhgqkMAVFIBkg","baseKeyType":1,"closed":-1,"used":1763718476799,"created":1763718476799,"remoteIdentityKey":"BfsEBpHX0SYbSZCaGkb3Iu40xsIkCgi5tDyfzQeiyv5O"},"_chains":{"BVv14xMt99oW6MtvBdqswdaUqaY4k/vKZq6kM+rdVAM7":{"chainKey":{"counter":145,"key":"Xyz6IBaUpJSEqTCVOakMHwwWaXUyhNkE9fdW97aewyw="},"chainType":1,"messageKeys":{}}},"pendingPreKey":{"signedKeyId":4679650,"baseKey":"BabApys3v0YbXGeczjLKEBJru+UchW6UhgqkMAVFIBkg","preKeyId":11392735}}},"version":"v1"}