{"_sessions":{"BQNysEIIRIE2TQLsUp9nqGyQ19Sc4ENVrhK7MAsDZal8":{"registrationId":22439525,"currentRatchet":{"ephemeralKeyPair":{"pubKey":"BfbEKZuYj/EioAW4iDt09f3OqNQMuuN52nqf5vWx9k8O","privKey":"2K7O+nasLovSjCIk6w8M5bhkbG/PhMLPp7Tvwi+3oU0="},"lastRemoteEphemeralKey":"BcBVaFFvH9XyMLiEtasfaBcXzSWxJBV0Wrwy62rhTFlu","previousCounter":0,"rootKey":"wNq3pqDCZ3I5Mk9jYPfnmz5zI0kFjJzUxqkbYwI5NQI="},"indexInfo":{"baseKey":"BQNysEIIRIE2TQLsUp9nqGyQ19Sc4ENVrhK7MAsDZal8","baseKeyType":1,"closed":1763718474457,"used":1763718473655,"created":1763718473655,"remoteIdentityKey":"BS46+AJD8aL5/M+VELdvDJNAtX6Scbx4QGS/EajlVUxb"},"_chains":{"BfbEKZuYj/EioAW4iDt09f3OqNQMuuN52nqf5vWx9k8O":{"chainKey":{"counter":-1,"key":"fPARgxhoq6ZbN7qrD/CSUdhIXDKHZ1FHZrwrjLq3iy8="},"chainType":1,"messageKeys":{}}},"pendingPreKey":{"signedKeyId":4829018,"baseKey":"BQNysEIIRIE2TQLsUp9nqGyQ19Sc4ENVrhK7MAsDZal8","preKeyId":13137831}},"BTgacmvGKhxAvp0XAosaEV2RQmmlLy1lcN5gO89uwHwW":{"registrationId":22439525,"currentRatchet":{"ephemeralKeyPair":{"pubKey":"BWwmzrT486pScHHAQakI5iL3IhIIHvSm7765w6Ucihd1","privKey":"AG/fn8s2bIQjRLyOIb5q97MYGx5CTAeZDMKDNKs7UWw="},"lastRemoteEphemeralKey":"BcBVaFFvH9XyMLiEtasfaBcXzSWxJBV0Wrwy62rhTFlu","previousCounter":0,"rootKey":"no/w2lWBgn+DyRfFysM4C7YKx4Q1KHoafLJS7YheO6o="},"indexInfo":{"baseKey":"BTgacmvGKhxAvp0XAosaEV2RQmmlLy1lcN5gO89uwHwW","baseKeyType":1,"closed":-1,"used":1763718474454,"created":1763718474454,"remoteIdentityKey":"BS46+AJD8aL5/M+VELdvDJNAtX6Scbx4QGS/EajlVUxb"},"_chains":{"BWwmzrT486pScHHAQakI5iL3IhIIHvSm7765w6Ucihd1":{"chainKey":{"counter":145,"key":"EBvQtrFZxx4xYsDWnFedejEvz3eIQr5kJPhgT/RIuOA="},"chainType":1,"messageKeys":{}}},"pendingPreKey":{"signedKeyId":4829018,"baseKey":"BTgacmvGKhxAvp0XAosaEV2RQmmlLy1lcN5gO89uwHwW","preKeyId":13137258}}},"version":"v1"}