{"_sessions":{"BR8hkvNXGCvBVeI/FnFDvLnV1GTA3sflfCqaO4eKOiwP":{"registrationId":1779737820,"currentRatchet":{"ephemeralKeyPair":{"pubKey":"BT1yXfkGBKn8wrUNnvv8Cz+CK2Xh1y5aa/XUmU817+Qa","privKey":"iG337z/axI2MxM0SFpIRWxWHES1XhI5oQQbrUSfaC1k="},"lastRemoteEphemeralKey":"BT8TiRf/CWo7G6sMK+pebS1vwLmcz1yvaTRfcA3pTkAQ","previousCounter":0,"rootKey":"7hc38YyzkHGpElVsTRAGqVaFmXxqZpeLrq3TilSUT/8="},"indexInfo":{"baseKey":"BR8hkvNXGCvBVeI/FnFDvLnV1GTA3sflfCqaO4eKOiwP","baseKeyType":1,"closed":1763718476345,"used":1763718475638,"created":1763718475638,"remoteIdentityKey":"BUNnCDuQzxxB7Due4AfVi6i0/PeFaLkdzDkpQJtOw6AZ"},"_chains":{"BT1yXfkGBKn8wrUNnvv8Cz+CK2Xh1y5aa/XUmU817+Qa":{"chainKey":{"counter":-1,"key":"/HQh8lHpH60+YtLoG9NDn/a+zqAUC4l/B3iMDSGGRSo="},"chainType":1,"messageKeys":{}}},"pendingPreKey":{"signedKeyId":222071,"baseKey":"BR8hkvNXGCvBVeI/FnFDvLnV1GTA3sflfCqaO4eKOiwP","preKeyId":8975857}},"BSIsXh291Uvw6QekWCZPx18UGHnCXdrmQpyA2RJVqjAW":{"registrationId":1779737820,"currentRatchet":{"ephemeralKeyPair":{"pubKey":"BdS0lz+M12sawj+X4znJuNHYWiaU/oPWW5o/4HDLCmUz","privKey":"SKKKbD1LA7sBxhPfEctGkBvdbK4VdPrXEx6OXhqVh10="},"lastRemoteEphemeralKey":"BT8TiRf/CWo7G6sMK+pebS1vwLmcz1yvaTRfcA3pTkAQ","previousCounter":0,"rootKey":"veJVq8sLOL5hdLAmf1RGfnEXM2hfqOeotbaxsrS/Gh0="},"indexInfo":{"baseKey":"BSIsXh291Uvw6QekWCZPx18UGHnCXdrmQpyA2RJVqjAW","baseKeyType":1,"closed":-1,"used":1763718476343,"created":1763718476343,"remoteIdentityKey":"BUNnCDuQzxxB7Due4AfVi6i0/PeFaLkdzDkpQJtOw6AZ"},"_chains":{"BdS0lz+M12sawj+X4znJuNHYWiaU/oPWW5o/4HDLCmUz":{"chainKey":{"counter":145,"key":"87EuK8ZhBXeKUPN/GJPSnG7ixlEjNCSFJBVYzgzvSN8="},"chainType":1,"messageKeys":{}}},"pendingPreKey":{"signedKeyId":222071,"baseKey":"BSIsXh291Uvw6QekWCZPx18UGHnCXdrmQpyA2RJVqjAW","preKeyId":8976340}}},"version":"v1"}