{"_sessions":{"BVUugWZveraBYPubTOJ0VNUGmy7EcILQHAulfNI7ZmEW":{"registrationId":1405752368,"currentRatchet":{"ephemeralKeyPair":{"pubKey":"Bc+H6ApDxIYqJ+ITtZVA1vS5kSmZdxxZgKKqxXI1iKIh","privKey":"cC31J1wnSkz7ML530PLm5sYAtxEO6Tb3R/l9SMzzI3g="},"lastRemoteEphemeralKey":"Bcw2BbOsynXJr8nbo7OeugfRLiC/l5WQiuNB+zZkpKIq","previousCounter":0,"rootKey":"qPZnBTWhFMP4mEp3V0e/s8Vq6mhVl2ym6SMgciIFxJw="},"indexInfo":{"baseKey":"BVUugWZveraBYPubTOJ0VNUGmy7EcILQHAulfNI7ZmEW","baseKeyType":1,"closed":1763718473081,"used":1763718472047,"created":1763718472047,"remoteIdentityKey":"BW5AjRafpiaarqs+PBT0OUseXHIjrBu5TGDmBhiLEIUM"},"_chains":{"Bc+H6ApDxIYqJ+ITtZVA1vS5kSmZdxxZgKKqxXI1iKIh":{"chainKey":{"counter":-1,"key":"fYWSdSrn+lkznjIgXF/EXj3WwymloGuZIqUD9FqVEvo="},"chainType":1,"messageKeys":{}}},"pendingPreKey":{"signedKeyId":3583502,"baseKey":"BVUugWZveraBYPubTOJ0VNUGmy7EcILQHAulfNI7ZmEW","preKeyId":4958698}},"Bcoy0OvxOCiB836hlB0jIbiyvSO7UqMTJ5FN16QZeCpl":{"registrationId":1405752368,"currentRatchet":{"ephemeralKeyPair":{"pubKey":"BZ58/pfC5n0GqAGTg9hz3Ael3u0jqVJSWlg+1NIcp89x","privKey":"+NJ3sQUrWd1dZyqziEHqPuJuJJ0faxXQMxIi/lIbL0M="},"lastRemoteEphemeralKey":"Bcw2BbOsynXJr8nbo7OeugfRLiC/l5WQiuNB+zZkpKIq","previousCounter":0,"rootKey":"qnVcz8M1S8MjJiPk2FzQYdqSZEU4BITBSTOpx6hgUR4="},"indexInfo":{"baseKey":"Bcoy0OvxOCiB836hlB0jIbiyvSO7UqMTJ5FN16QZeCpl","baseKeyType":1,"closed":-1,"used":1763718473078,"created":1763718473078,"remoteIdentityKey":"BW5AjRafpiaarqs+PBT0OUseXHIjrBu5TGDmBhiLEIUM"},"_chains":{"BZ58/pfC5n0GqAGTg9hz3Ael3u0jqVJSWlg+1NIcp89x":{"chainKey":{"counter":145,"key":"JaGovIvAIsCF+fXLq1TF7+o1sImATGtFvIgh2hz1IUU="},"chainType":1,"messageKeys":{}}},"pendingPreKey":{"signedKeyId":3583502,"baseKey":"Bcoy0OvxOCiB836hlB0jIbiyvSO7UqMTJ5FN16QZeCpl","preKeyId":4958920}}},"version":"v1"}