{"_sessions":{"BZMoFWDf5qB+wW+CmUE6ZXH3ZdorylSvq4u2Nav3pkdT":{"registrationId":1644042804,"currentRatchet":{"ephemeralKeyPair":{"pubKey":"BRHUBhR9gm2vEXN7c+ZgjmchRYvK/Bq518ddQC0A9+Vc","privKey":"iJLw7QU5bwhCtRSHoOdTji2PN5hIvURZXqeI9KyUznU="},"lastRemoteEphemeralKey":"BT1vYUexfKcJH2WAseTVC05xTGrejxgv0SOgBoteBLk+","previousCounter":0,"rootKey":"33L9C2yxNjr0+1NCig28nzifb+JTrJTCIhMIB6kO0Wc="},"indexInfo":{"baseKey":"BZMoFWDf5qB+wW+CmUE6ZXH3ZdorylSvq4u2Nav3pkdT","baseKeyType":1,"closed":1763718477896,"used":1763718477172,"created":1763718477172,"remoteIdentityKey":"Bcl+LSwBpKnhLZEpEHx7KMXQP6zoF2mroK82Zwv7rOEG"},"_chains":{"BRHUBhR9gm2vEXN7c+ZgjmchRYvK/Bq518ddQC0A9+Vc":{"chainKey":{"counter":-1,"key":"dt14CO2r4FaFoHeBjyYHLvJslk/LBMlw8Xo9irrz9bU="},"chainType":1,"messageKeys":{}}},"pendingPreKey":{"signedKeyId":23,"baseKey":"BZMoFWDf5qB+wW+CmUE6ZXH3ZdorylSvq4u2Nav3pkdT","preKeyId":10745074}},"Bbu/3+VmYDu8vtslNvLkNk7K7khysaN3FZ+E6yk/Z8oJ":{"registrationId":1644042804,"currentRatchet":{"ephemeralKeyPair":{"pubKey":"BfNDJl6/vftGe8Qih/lerdGH993OsLxwKPDZcIYTrikN","privKey":"cBzsuAFn17wCuAYP67rn8m8dolyMWDmiPEw6b+gDRkA="},"lastRemoteEphemeralKey":"BT1vYUexfKcJH2WAseTVC05xTGrejxgv0SOgBoteBLk+","previousCounter":0,"rootKey":"OW3VCBKPFJhqe7U1JgtXCv5lKWV1jjnqubUp4b36vzk="},"indexInfo":{"baseKey":"Bbu/3+VmYDu8vtslNvLkNk7K7khysaN3FZ+E6yk/Z8oJ","baseKeyType":1,"closed":-1,"used":1763718477893,"created":1763718477893,"remoteIdentityKey":"Bcl+LSwBpKnhLZEpEHx7KMXQP6zoF2mroK82Zwv7rOEG"},"_chains":{"BfNDJl6/vftGe8Qih/lerdGH993OsLxwKPDZcIYTrikN":{"chainKey":{"counter":145,"key":"4gs79Pla85WvPj31h7LIa3E8pLHAYvhGKATV8jOmqfo="},"chainType":1,"messageKeys":{}}},"pendingPreKey":{"signedKeyId":23,"baseKey":"Bbu/3+VmYDu8vtslNvLkNk7K7khysaN3FZ+E6yk/Z8oJ","preKeyId":10744599}}},"version":"v1"}