{"_sessions":{"BdV90+TRof+eZsQOBUTG7aLzWVHSdR/NV/m7kwQIsHxA":{"registrationId":590409316,"currentRatchet":{"ephemeralKeyPair":{"pubKey":"BahIacR5510NjVg3J723AnUs8QsoM9Ysplg/K4PokXBW","privKey":"gDC/4VSwGDTZcRT5Rp42kbkyOpeaaWLAuzdLX4nHi1w="},"lastRemoteEphemeralKey":"BR57Ke946Z7AXAc1GuQoVQkOoudJ6TSvivvD1yj3I2g+","previousCounter":1,"rootKey":"Y7Dy+PD9gfiO8cxoc7AAdnOU2i1NEeddHMNekmar1po="},"indexInfo":{"baseKey":"BdV90+TRof+eZsQOBUTG7aLzWVHSdR/NV/m7kwQIsHxA","baseKeyType":2,"closed":-1,"used":1763719655410,"created":1763718462213,"remoteIdentityKey":"BQBX/lHm7GjMjj+0dd96UQKGcklPA4V/W8XSdKRFfNlz"},"_chains":{"BTe/mUxAFjyRKnm7RF6nblLL9Awu8wcxZcrdSawssjl0":{"chainKey":{"counter":0},"chainType":2,"messageKeys":{}},"BR57Ke946Z7AXAc1GuQoVQkOoudJ6TSvivvD1yj3I2g+":{"chainKey":{"counter":0,"key":"58BTlHE8egm7kM3De6RLWC+8P6im2egh+qsaL63JnBM="},"chainType":2,"messageKeys":{}},"BahIacR5510NjVg3J723AnUs8QsoM9Ysplg/K4PokXBW":{"chainKey":{"counter":143,"key":"bgwE5pLM2lvAYMFrM5cH9T9WChNLEJo/HDL9Rq228Hs="},"chainType":1,"messageKeys":{}}}}},"version":"v1"}