{"_sessions":{"BafmKDr4peJvGA57K20iTcXlGVr+Y60i+pRpDtqm/VVo":{"registrationId":1625649255,"currentRatchet":{"ephemeralKeyPair":{"pubKey":"BTVk04lU2yahu949bqmDw02dircUF9PIOT1xu67rLeUr","privKey":"8KYEdS3ccyV6nLEMCTOt9gIaoYIwCgQvzjfb7zrSxXQ="},"lastRemoteEphemeralKey":"BZFpb9tP4+096VFQ3j+Gn40xFJXOco8pYNeZU8BYvesf","previousCounter":0,"rootKey":"wQnESql5Zqa+t+/iyLegXUVdZoubRrO5WTabEfxE5wA="},"indexInfo":{"baseKey":"BafmKDr4peJvGA57K20iTcXlGVr+Y60i+pRpDtqm/VVo","baseKeyType":1,"closed":1763718482152,"used":1763718481283,"created":1763718481283,"remoteIdentityKey":"BRfyQRViGTIsTHyHGQ5uDwe9zhQLjAbgzZHmN0Z3UqN7"},"_chains":{"BTVk04lU2yahu949bqmDw02dircUF9PIOT1xu67rLeUr":{"chainKey":{"counter":-1,"key":"3KxbblG9aW2Oca7/Tegmg/7iCzFlltbbDTb8tWKd6xs="},"chainType":1,"messageKeys":{}}},"pendingPreKey":{"signedKeyId":2879926,"baseKey":"BafmKDr4peJvGA57K20iTcXlGVr+Y60i+pRpDtqm/VVo","preKeyId":14380208}},"BQrHMgh2vTpVp6wEWgIdMTgDoGMWEvm/2VbPq1kUXlQX":{"registrationId":1625649255,"currentRatchet":{"ephemeralKeyPair":{"pubKey":"Ben/mRcaxDVd9W1dv7kJvyMPvCjC/HADYAdMIxblAVEm","privKey":"MGwlrGnsnx5sIVLQnfjChOmPXlMS5WnFUu9DY5dUv0Q="},"lastRemoteEphemeralKey":"BZFpb9tP4+096VFQ3j+Gn40xFJXOco8pYNeZU8BYvesf","previousCounter":0,"rootKey":"7TITL6NiZ2sv9zDhb4mLu8nCBE7jxq7Fc4Bq4QjDa08="},"indexInfo":{"baseKey":"BQrHMgh2vTpVp6wEWgIdMTgDoGMWEvm/2VbPq1kUXlQX","baseKeyType":1,"closed":-1,"used":1763718482149,"created":1763718482149,"remoteIdentityKey":"BRfyQRViGTIsTHyHGQ5uDwe9zhQLjAbgzZHmN0Z3UqN7"},"_chains":{"Ben/mRcaxDVd9W1dv7kJvyMPvCjC/HADYAdMIxblAVEm":{"chainKey":{"counter":145,"key":"kNuEhlxfcx9eVUG2U86OtdatrSBCtx1ZL+E/aACAIZg="},"chainType":1,"messageKeys":{}}},"pendingPreKey":{"signedKeyId":2879926,"baseKey":"BQrHMgh2vTpVp6wEWgIdMTgDoGMWEvm/2VbPq1kUXlQX","preKeyId":14380192}}},"version":"v1"}