{"_sessions":{"BarivC5nQc7c4rMQX+NDufW00ZZRQzgaMXaXn1mZJsY9":{"registrationId":1360161216,"currentRatchet":{"ephemeralKeyPair":{"pubKey":"BeF492zzNS1epCJHxv2R3Cvl6qaApSe5wN/7YQWQmd0U","privKey":"GPpcAn8iuU1t/sEXfsspuLYkY8mTHy43XO8bcFthIVk="},"lastRemoteEphemeralKey":"BW+Qs67qxEczYMjP83bjTFu8/A8xwOy8bzKKHk59ugBy","previousCounter":0,"rootKey":"UAAE6H9JagwyWeLmUcMcHRWBAGXAdLc4g0I5hgqOpMQ="},"indexInfo":{"baseKey":"BarivC5nQc7c4rMQX+NDufW00ZZRQzgaMXaXn1mZJsY9","baseKeyType":1,"closed":1763718480094,"used":1763718479173,"created":1763718479173,"remoteIdentityKey":"BSUBwuYVcAdNsIlLKE8TfHz6IDKuUiVKpSyEwpI7fhw+"},"_chains":{"BeF492zzNS1epCJHxv2R3Cvl6qaApSe5wN/7YQWQmd0U":{"chainKey":{"counter":-1,"key":"nvMtlNLo5+isc0MEBtaGldNeO8qPBIlufNJHsqVugBw="},"chainType":1,"messageKeys":{}}},"pendingPreKey":{"signedKeyId":2,"baseKey":"BarivC5nQc7c4rMQX+NDufW00ZZRQzgaMXaXn1mZJsY9","preKeyId":4910492}},"BTi0RWWe1pyCwp+KUjdeMo2T1N39jD5VAtDsIC4KZixf":{"registrationId":1360161216,"currentRatchet":{"ephemeralKeyPair":{"pubKey":"Baqw6DPjpr4iJnN1whwgn+mOxzGY89Qjlr6oD9bt3z1v","privKey":"gI0sqN64K40LVGGbA4/iJ7Q2fpyoe/xPj4Q3eqDMCEY="},"lastRemoteEphemeralKey":"BW+Qs67qxEczYMjP83bjTFu8/A8xwOy8bzKKHk59ugBy","previousCounter":0,"rootKey":"yHDxl9F62qZPo/LMPL9uNp4lLpxYRzC0NotWOS6ZkyU="},"indexInfo":{"baseKey":"BTi0RWWe1pyCwp+KUjdeMo2T1N39jD5VAtDsIC4KZixf","baseKeyType":1,"closed":-1,"used":1763718480091,"created":1763718480091,"remoteIdentityKey":"BSUBwuYVcAdNsIlLKE8TfHz6IDKuUiVKpSyEwpI7fhw+"},"_chains":{"Baqw6DPjpr4iJnN1whwgn+mOxzGY89Qjlr6oD9bt3z1v":{"chainKey":{"counter":145,"key":"oMcRANvVyneKONvReK1tazUAPH5I5AE4M3ibPaDdBtk="},"chainType":1,"messageKeys":{}}},"pendingPreKey":{"signedKeyId":2,"baseKey":"BTi0RWWe1pyCwp+KUjdeMo2T1N39jD5VAtDsIC4KZixf","preKeyId":4909677}}},"version":"v1"}