{"_sessions":{"Bd/NsA5zMS4pKeLbhPYyhkqxrDbO6VT3O/A/76VhexIc":{"registrationId":376472590,"currentRatchet":{"ephemeralKeyPair":{"pubKey":"Bd20Ljl9ediisVWt6LQFgVDhYfoIYv3/5bjTW2Jtrtw8","privKey":"CJ0HhGU7Yy/h8Kk2Zj4KNZ/u5Mtc5umZp4JndDQqPEQ="},"lastRemoteEphemeralKey":"BVibR554N+muat/K0TPC/uZrp4lV45cKsF4QFH5M09NW","previousCounter":0,"rootKey":"zvvfIjCrDmyFNkDqAWAsQW4v3o7cUV74rg/rU5MjXN0="},"indexInfo":{"baseKey":"Bd/NsA5zMS4pKeLbhPYyhkqxrDbO6VT3O/A/76VhexIc","baseKeyType":1,"closed":1763718478516,"used":1763718477542,"created":1763718477542,"remoteIdentityKey":"BdEEeXJhh8W2pVasm3zYn64ayvKFupORD3QNz89ZoQwp"},"_chains":{"Bd20Ljl9ediisVWt6LQFgVDhYfoIYv3/5bjTW2Jtrtw8":{"chainKey":{"counter":-1,"key":"jvGy2KjS/k4WXo+QFt3da+DwaEPsqfwsLgWifDTrtrM="},"chainType":1,"messageKeys":{}}},"pendingPreKey":{"signedKeyId":14,"baseKey":"Bd/NsA5zMS4pKeLbhPYyhkqxrDbO6VT3O/A/76VhexIc","preKeyId":14660451}},"BWJEwu1KA6secR6ylwhE+KdxMKThRY+DTR+o1LOD6Dkm":{"registrationId":376472590,"currentRatchet":{"ephemeralKeyPair":{"pubKey":"BVf5Z3m+RWhraTmmoUiyeOMvJplfksnhgH5Rz9era4t8","privKey":"cOsRng3CO52cVULiY8jK0KLsIHTVDuIDVOwrPYOQaXM="},"lastRemoteEphemeralKey":"BVibR554N+muat/K0TPC/uZrp4lV45cKsF4QFH5M09NW","previousCounter":0,"rootKey":"fveg1KMzOjS6zn3rRz1J3FWUabB0PZ+kGv8Jb0NvVYU="},"indexInfo":{"baseKey":"BWJEwu1KA6secR6ylwhE+KdxMKThRY+DTR+o1LOD6Dkm","baseKeyType":1,"closed":-1,"used":1763718478513,"created":1763718478513,"remoteIdentityKey":"BdEEeXJhh8W2pVasm3zYn64ayvKFupORD3QNz89ZoQwp"},"_chains":{"BVf5Z3m+RWhraTmmoUiyeOMvJplfksnhgH5Rz9era4t8":{"chainKey":{"counter":145,"key":"J3TCkfYwtcTpN2ADS0eJ5zFAHkf1AW7rLWrwqEdV5wY="},"chainType":1,"messageKeys":{}}},"pendingPreKey":{"signedKeyId":14,"baseKey":"BWJEwu1KA6secR6ylwhE+KdxMKThRY+DTR+o1LOD6Dkm","preKeyId":14661061}}},"version":"v1"}