{"_sessions":{"BayEfPVcqnvmBQu8Jxw5FtNCTDL8foDlIMKd/vtIAKRW":{"registrationId":491566106,"currentRatchet":{"ephemeralKeyPair":{"pubKey":"BZ8bsN2ARHlC2aVOnUUMBluNaJI9vdtBRNNrM2VnKh5D","privKey":"wAtCgLgpVqFRDo03AaPPciHvYGuyJoLk95lAGI9Mf2E="},"lastRemoteEphemeralKey":"BTuITdOdo1VlieuTvV6QFTqcSRFMVSImef7AeCpsHKc/","previousCounter":0,"rootKey":"6az73qb5yIWQnvxEfDhoC3e8iwN4cCniHetm4IG6a80="},"indexInfo":{"baseKey":"BayEfPVcqnvmBQu8Jxw5FtNCTDL8foDlIMKd/vtIAKRW","baseKeyType":1,"closed":1763718474616,"used":1763718473769,"created":1763718473769,"remoteIdentityKey":"BZ/NFukfOMohsbGb8/2fpwBd7aiO2VpLtRus9imWiLFL"},"_chains":{"BZ8bsN2ARHlC2aVOnUUMBluNaJI9vdtBRNNrM2VnKh5D":{"chainKey":{"counter":-1,"key":"+KhlaYK22sCvYibfTT3Ub2tgz/rgLLD1B8/rGwF9uJ8="},"chainType":1,"messageKeys":{}}},"pendingPreKey":{"signedKeyId":2082412,"baseKey":"BayEfPVcqnvmBQu8Jxw5FtNCTDL8foDlIMKd/vtIAKRW","preKeyId":519978}},"BaSVHrZiqNtqmWxo1g/EIQizRhhy3CRzv9Xv6mwmsVAQ":{"registrationId":491566106,"currentRatchet":{"ephemeralKeyPair":{"pubKey":"BQs+vEucUXLpjJerWbd/cCB8029xe3FygRZSsqFcHtlj","privKey":"YHDWlNUN60Nlgnrsfiltl2J/+TUMFZ1o6VCSJxsDlWk="},"lastRemoteEphemeralKey":"BTuITdOdo1VlieuTvV6QFTqcSRFMVSImef7AeCpsHKc/","previousCounter":0,"rootKey":"ZHPmLfR4ZZIoNJp01fS5+A3DVAZwkN2vHiB8JbaaE+0="},"indexInfo":{"baseKey":"BaSVHrZiqNtqmWxo1g/EIQizRhhy3CRzv9Xv6mwmsVAQ","baseKeyType":1,"closed":-1,"used":1763718474614,"created":1763718474614,"remoteIdentityKey":"BZ/NFukfOMohsbGb8/2fpwBd7aiO2VpLtRus9imWiLFL"},"_chains":{"BQs+vEucUXLpjJerWbd/cCB8029xe3FygRZSsqFcHtlj":{"chainKey":{"counter":145,"key":"CnYK28321WQ6uNB+ROu7inAm8iz5c6d2Oqkjt+4AfUQ="},"chainType":1,"messageKeys":{}}},"pendingPreKey":{"signedKeyId":2082412,"baseKey":"BaSVHrZiqNtqmWxo1g/EIQizRhhy3CRzv9Xv6mwmsVAQ","preKeyId":519653}}},"version":"v1"}