{"_sessions":{"BeaONh19nLRekXr3tEFP3KNZDtE2zhrKuO4yyiPgNIUb":{"registrationId":444943828,"currentRatchet":{"ephemeralKeyPair":{"pubKey":"BcDvYgNDeNLNp3rdJwy4kAYnERSbjMgQ+DhwQp7Q4nkQ","privKey":"CEJKsdek4cRSoMVueoXtc0ZijW1/+EXEZT+KkPLL9mw="},"lastRemoteEphemeralKey":"BR3F4RIakFl3oyoVT9I/2vQW54WqZD28o/lyeD7hQgV0","previousCounter":0,"rootKey":"LbWzRhaxOPfKqFZw5XXmP97KtRGaCaBpnyCevCFsgh8="},"indexInfo":{"baseKey":"BeaONh19nLRekXr3tEFP3KNZDtE2zhrKuO4yyiPgNIUb","baseKeyType":1,"closed":1763718470834,"used":1763718469858,"created":1763718469858,"remoteIdentityKey":"BdiO6le+/LYdaH/hD7ZPSc7hyWXg9n2hAL9oitHs2dAb"},"_chains":{"BcDvYgNDeNLNp3rdJwy4kAYnERSbjMgQ+DhwQp7Q4nkQ":{"chainKey":{"counter":-1,"key":"0ND3AGtPsMu1MYDiEgBjasfNfCVAC06BLhn0L19P2qs="},"chainType":1,"messageKeys":{}}},"pendingPreKey":{"signedKeyId":46,"baseKey":"BeaONh19nLRekXr3tEFP3KNZDtE2zhrKuO4yyiPgNIUb","preKeyId":16026141}},"BW2p45EIyjJR5vdwvAl83+JWtb1DX4c1bLwqspkpnUww":{"registrationId":444943828,"currentRatchet":{"ephemeralKeyPair":{"pubKey":"BW9aysSPXeqYXJ8XI0jloztg1aqAPcFHciu9+Z8BUjME","privKey":"yEQQPCyAHqWkSBTJ92JJ3DZrmHfqNK/7BNWVWuek6WA="},"lastRemoteEphemeralKey":"BR3F4RIakFl3oyoVT9I/2vQW54WqZD28o/lyeD7hQgV0","previousCounter":0,"rootKey":"2aFykRPlWYzSdBQb/o6NqNT9RNwKa8oDx4H8L2QvBqY="},"indexInfo":{"baseKey":"BW2p45EIyjJR5vdwvAl83+JWtb1DX4c1bLwqspkpnUww","baseKeyType":1,"closed":-1,"used":1763718470831,"created":1763718470830,"remoteIdentityKey":"BdiO6le+/LYdaH/hD7ZPSc7hyWXg9n2hAL9oitHs2dAb"},"_chains":{"BW9aysSPXeqYXJ8XI0jloztg1aqAPcFHciu9+Z8BUjME":{"chainKey":{"counter":145,"key":"wENeZSJk0ECNx9ntDlZO7I8rJ6oD7tpDA5FXB+uGTls="},"chainType":1,"messageKeys":{}}},"pendingPreKey":{"signedKeyId":46,"baseKey":"BW2p45EIyjJR5vdwvAl83+JWtb1DX4c1bLwqspkpnUww","preKeyId":16026240}}},"version":"v1"}