{"_sessions":{"BWc6mL6yy9PnqOm8+ziIOntRQszrz+B3XyNfko3PsIIF":{"registrationId":1592367090,"currentRatchet":{"ephemeralKeyPair":{"pubKey":"Bcf9gMfvTOANQtTMpRPGBWwDpAf6pTKPUqzxlSVKGQpm","privKey":"kG5E0vHzvpOg/5mpLlnJwX0k2gddu5Aji5e0YdF1RFs="},"lastRemoteEphemeralKey":"BVYdtkONHNok9hjkJI1jHjUQeRp3Uj9/kulA29FLRaBo","previousCounter":0,"rootKey":"lpTylC3Pj2Jq3zbCd9Xt5HiyFHfmLxKm1PnWSg0Inlg="},"indexInfo":{"baseKey":"BWc6mL6yy9PnqOm8+ziIOntRQszrz+B3XyNfko3PsIIF","baseKeyType":1,"closed":1763718479995,"used":1763718479119,"created":1763718479119,"remoteIdentityKey":"BfOxwgdM8m9lxXQ8m67n+L51q2ZOGnLsxVp7qP7wot8x"},"_chains":{"Bcf9gMfvTOANQtTMpRPGBWwDpAf6pTKPUqzxlSVKGQpm":{"chainKey":{"counter":-1,"key":"H1oHlulwfb0BPDsphRau2CVsd/XTf9DPOYo38V/Vy8c="},"chainType":1,"messageKeys":{}}},"pendingPreKey":{"signedKeyId":1,"baseKey":"BWc6mL6yy9PnqOm8+ziIOntRQszrz+B3XyNfko3PsIIF","preKeyId":11107488}},"BeqgX+64OFuKJiy7WbrbtlxNvabyRsi3YeeUXsR2uMFB":{"registrationId":1592367090,"currentRatchet":{"ephemeralKeyPair":{"pubKey":"Bc9mfhTl7rszu98QxD72Zx+f4+0Ltx3O52Qj08dxDWlS","privKey":"2PSeDRS9Du9SIB654SYn1QWoR808+5KfRez9svW/Y34="},"lastRemoteEphemeralKey":"BVYdtkONHNok9hjkJI1jHjUQeRp3Uj9/kulA29FLRaBo","previousCounter":0,"rootKey":"JnG/n5CGbn1ZAmXqX5XL8tNqSp4a3ozLrr3LBzf1zTA="},"indexInfo":{"baseKey":"BeqgX+64OFuKJiy7WbrbtlxNvabyRsi3YeeUXsR2uMFB","baseKeyType":1,"closed":-1,"used":1763718479992,"created":1763718479992,"remoteIdentityKey":"BfOxwgdM8m9lxXQ8m67n+L51q2ZOGnLsxVp7qP7wot8x"},"_chains":{"Bc9mfhTl7rszu98QxD72Zx+f4+0Ltx3O52Qj08dxDWlS":{"chainKey":{"counter":145,"key":"QDBwvPufxbNfbLGYaMM35V2CzgGduIIVKTNqE1CRXpc="},"chainType":1,"messageKeys":{}}},"pendingPreKey":{"signedKeyId":1,"baseKey":"BeqgX+64OFuKJiy7WbrbtlxNvabyRsi3YeeUXsR2uMFB","preKeyId":11107583}}},"version":"v1"}