{"_sessions":{"BfHIyXnAxyFimxYztAr1XXxpG2WPY6WhVnLHUiJz7Xlk":{"registrationId":1254238554,"currentRatchet":{"ephemeralKeyPair":{"pubKey":"BXV/BGvw/KeVEAK3zf0RpgDMNYyxh9IGdX+j/g73hSkI","privKey":"IAzlRCEtKfJxMQIgmzSzD4Gk5BQR2FIxykqgTyoX13g="},"lastRemoteEphemeralKey":"BXra9mvYFUtyTz+u4DAaDbAu+yRGKNmtSoSgc4+cwUUI","previousCounter":0,"rootKey":"fkw4E5krjX8CWlrZGiJ8/mLsfNARHn0Ok0aDik7bQ2U="},"indexInfo":{"baseKey":"BfHIyXnAxyFimxYztAr1XXxpG2WPY6WhVnLHUiJz7Xlk","baseKeyType":1,"closed":1763718472765,"used":1763718471856,"created":1763718471856,"remoteIdentityKey":"BVaAiCHwPp9eLTGrT3qKob1MMborsf0SEBYUq3nrziUA"},"_chains":{"BXV/BGvw/KeVEAK3zf0RpgDMNYyxh9IGdX+j/g73hSkI":{"chainKey":{"counter":-1,"key":"vtcyTC8y+84SaEMoC3DdijIumDC7mC+MoHvpGdcnOZY="},"chainType":1,"messageKeys":{}}},"pendingPreKey":{"signedKeyId":43,"baseKey":"BfHIyXnAxyFimxYztAr1XXxpG2WPY6WhVnLHUiJz7Xlk","preKeyId":13029350}},"BQ9jfHoNN0Hh9tkFDok4VAiQnUxHtRpUZ0ZVP8UaA601":{"registrationId":1254238554,"currentRatchet":{"ephemeralKeyPair":{"pubKey":"BVmUiK4/4lyNmWDseahFdQJdnPegz5NnZK16M8JbztQy","privKey":"0A4fiJe0G8wEpTB7+MExfgFgYuJR8OmNQJwn2I1C3Ho="},"lastRemoteEphemeralKey":"BXra9mvYFUtyTz+u4DAaDbAu+yRGKNmtSoSgc4+cwUUI","previousCounter":0,"rootKey":"QvUQtA6dZrpqqFxOGVybQR5rT9gzlbhaP8NV/Gu1G9E="},"indexInfo":{"baseKey":"BQ9jfHoNN0Hh9tkFDok4VAiQnUxHtRpUZ0ZVP8UaA601","baseKeyType":1,"closed":-1,"used":1763718472762,"created":1763718472762,"remoteIdentityKey":"BVaAiCHwPp9eLTGrT3qKob1MMborsf0SEBYUq3nrziUA"},"_chains":{"BVmUiK4/4lyNmWDseahFdQJdnPegz5NnZK16M8JbztQy":{"chainKey":{"counter":145,"key":"2mFnNixVJ6YVG8naOpgf3FHqilY7DcsUSnAPJGBLmeM="},"chainType":1,"messageKeys":{}}},"pendingPreKey":{"signedKeyId":43,"baseKey":"BQ9jfHoNN0Hh9tkFDok4VAiQnUxHtRpUZ0ZVP8UaA601","preKeyId":13029166}}},"version":"v1"}