{"_sessions":{"Bd2QP8DyFHRL0bNQpaiGnxUaAo+W0+Lq559HE3DQ/045":{"registrationId":1318273749,"currentRatchet":{"ephemeralKeyPair":{"pubKey":"BcWkJ12eRRX1IVaIkATS6/McK8MCxdcLYpcLY0pyuBV1","privKey":"mNnke8OZVXweeZNupOYe8+S+ntTgpRTelllviq1XlEs="},"lastRemoteEphemeralKey":"BbQM7N+RJJMFeUcHQ7Hu8oFePFk26LPNPssNGqlnTGxz","previousCounter":0,"rootKey":"w1E91dozgOrgW/7Q6FwD+E61wCvcm20Bzgn0pLNlHJY="},"indexInfo":{"baseKey":"Bd2QP8DyFHRL0bNQpaiGnxUaAo+W0+Lq559HE3DQ/045","baseKeyType":1,"closed":1763718474538,"used":1763718473714,"created":1763718473714,"remoteIdentityKey":"BSkre5n5sz4WN3aQqv1bjGHXTOnC8s182TZE24WjoL9h"},"_chains":{"BcWkJ12eRRX1IVaIkATS6/McK8MCxdcLYpcLY0pyuBV1":{"chainKey":{"counter":-1,"key":"aO8RsYVkfX1B66nag00PiszYdG3mXHSqrN9qcrfsp5g="},"chainType":1,"messageKeys":{}}},"pendingPreKey":{"signedKeyId":13,"baseKey":"Bd2QP8DyFHRL0bNQpaiGnxUaAo+W0+Lq559HE3DQ/045","preKeyId":14043237}},"BeEygA/BI8NXdDT+j6vtK+RNn2VDaB5pxuGxFjJZfyBS":{"registrationId":1318273749,"currentRatchet":{"ephemeralKeyPair":{"pubKey":"BVaLMugIKNlSXVP6NmtBmYYvBK1e3L10y27hIBDAVt1u","privKey":"2GeRjbry4+i6x3b4rXFry1DiEPxmw91vUl1stAiZaV4="},"lastRemoteEphemeralKey":"BbQM7N+RJJMFeUcHQ7Hu8oFePFk26LPNPssNGqlnTGxz","previousCounter":0,"rootKey":"bb4wO4iXkpAQHGREknoDDThA0Aa4uVQafrHmLYlVtoU="},"indexInfo":{"baseKey":"BeEygA/BI8NXdDT+j6vtK+RNn2VDaB5pxuGxFjJZfyBS","baseKeyType":1,"closed":-1,"used":1763718474535,"created":1763718474535,"remoteIdentityKey":"BSkre5n5sz4WN3aQqv1bjGHXTOnC8s182TZE24WjoL9h"},"_chains":{"BVaLMugIKNlSXVP6NmtBmYYvBK1e3L10y27hIBDAVt1u":{"chainKey":{"counter":145,"key":"heo3rCWFtaC9XuooWA3Ge2x2Y64F/upNamNlu070rSc="},"chainType":1,"messageKeys":{}}},"pendingPreKey":{"signedKeyId":13,"baseKey":"BeEygA/BI8NXdDT+j6vtK+RNn2VDaB5pxuGxFjJZfyBS","preKeyId":14043564}}},"version":"v1"}