{"_sessions":{"Bbgvfy8K81oNP8FYTjaq4mVWH50q1aUkBrKE5xMsdkoW":{"registrationId":1907968475,"currentRatchet":{"ephemeralKeyPair":{"pubKey":"BYCIE/YTa0RLGOG+kFSd8eHtvnjhlwwM9UsmZG1Xmp1C","privKey":"eHXZ5eLrrdJ4eWP0k4m/E6v2aTwPASFG5++g+55iREE="},"lastRemoteEphemeralKey":"BZLCTOPK0z2+jZapP7fdATOKchJaye1JihfNWS8yiIMI","previousCounter":0,"rootKey":"Dy4P9ziqe6CAJWHIsdSFM56cyY4/on+fYMU+dJkAQqk="},"indexInfo":{"baseKey":"Bbgvfy8K81oNP8FYTjaq4mVWH50q1aUkBrKE5xMsdkoW","baseKeyType":1,"closed":1763718477936,"used":1763718477195,"created":1763718477195,"remoteIdentityKey":"BVlqZHVwpG4vreEciySqrKmG+bqOZnWUe11UeWx9ZW5A"},"_chains":{"BYCIE/YTa0RLGOG+kFSd8eHtvnjhlwwM9UsmZG1Xmp1C":{"chainKey":{"counter":-1,"key":"oEt8FsVS3PauVBzeGMpgIs3RSbK6AgCvXU+U3/pz9bw="},"chainType":1,"messageKeys":{}}},"pendingPreKey":{"signedKeyId":10442088,"baseKey":"Bbgvfy8K81oNP8FYTjaq4mVWH50q1aUkBrKE5xMsdkoW","preKeyId":14994898}},"BfxJyLJel5gmTGWOVHrFdiqhDI6J7Qm5cvYS5NLBAFsw":{"registrationId":1907968475,"currentRatchet":{"ephemeralKeyPair":{"pubKey":"BVJKMQdSjWBCzm+Y3pznCku9wCPt5tFrayEvBx31VgYN","privKey":"6Kv9ebzR+bKNq79RA81Nh+kGE7k9SB7lB9wA/PREQG4="},"lastRemoteEphemeralKey":"BZLCTOPK0z2+jZapP7fdATOKchJaye1JihfNWS8yiIMI","previousCounter":0,"rootKey":"XUz8icMsFYLkEyp7W+aU44sXkY6fZklr9Ayd7aIic2E="},"indexInfo":{"baseKey":"BfxJyLJel5gmTGWOVHrFdiqhDI6J7Qm5cvYS5NLBAFsw","baseKeyType":1,"closed":-1,"used":1763718477933,"created":1763718477933,"remoteIdentityKey":"BVlqZHVwpG4vreEciySqrKmG+bqOZnWUe11UeWx9ZW5A"},"_chains":{"BVJKMQdSjWBCzm+Y3pznCku9wCPt5tFrayEvBx31VgYN":{"chainKey":{"counter":145,"key":"sEysNzWz+ggjJ7YE+GYPQWqRYcq9WSjDiPEzyqrYUvY="},"chainType":1,"messageKeys":{}}},"pendingPreKey":{"signedKeyId":10442088,"baseKey":"BfxJyLJel5gmTGWOVHrFdiqhDI6J7Qm5cvYS5NLBAFsw","preKeyId":14994831}}},"version":"v1"}