{"_sessions":{"Ba5K4dZ7nqPbGZSdWO/i9urcXBlhgApDp8sQ+HBKo4cl":{"registrationId":144689401,"currentRatchet":{"ephemeralKeyPair":{"pubKey":"BXe5FBtdhtZ0C9jfaIxSo0lwc2yfMkG4tGHnCkdeTMwM","privKey":"WECuwhOKQckhWndkjbrlCYdmp3dK9YN9w0x8mRSDim0="},"lastRemoteEphemeralKey":"BUmMwOg3sQFF+t2pSoILCuXblwvrBeNJ1YVothp+KnF4","previousCounter":0,"rootKey":"D1LzjoU8tUhL4KEPJsa1THxCZHdotxk2mRYXbMhApn0="},"indexInfo":{"baseKey":"Ba5K4dZ7nqPbGZSdWO/i9urcXBlhgApDp8sQ+HBKo4cl","baseKeyType":1,"closed":1763718478818,"used":1763718477732,"created":1763718477732,"remoteIdentityKey":"BSKHAsS6wz8JOu8tadrzb+GVKZdRZflkuanygqxKB9Rj"},"_chains":{"BXe5FBtdhtZ0C9jfaIxSo0lwc2yfMkG4tGHnCkdeTMwM":{"chainKey":{"counter":-1,"key":"FI9FwxGrwhCOwf11ta6+NAgSWjH0jR9zxUTjkJIY7d8="},"chainType":1,"messageKeys":{}}},"pendingPreKey":{"signedKeyId":498956,"baseKey":"Ba5K4dZ7nqPbGZSdWO/i9urcXBlhgApDp8sQ+HBKo4cl","preKeyId":13374662}},"BSmRAL26VK/hTAyrebws0KxFtWe91tBGgRQX6dcU1OIY":{"registrationId":144689401,"currentRatchet":{"ephemeralKeyPair":{"pubKey":"BbX3fX0NgueXlUeEJ16bv1GpDRod8gqRT7UKfc90fjdm","privKey":"GCsT+8D5EfUaEbMiqBcnP8UmMehpiKG56XPHZn4fgmk="},"lastRemoteEphemeralKey":"BUmMwOg3sQFF+t2pSoILCuXblwvrBeNJ1YVothp+KnF4","previousCounter":0,"rootKey":"eFW5pk5kAX2Epgsj6qKQVrGtMQiVS60YTJrLF8sxj8A="},"indexInfo":{"baseKey":"BSmRAL26VK/hTAyrebws0KxFtWe91tBGgRQX6dcU1OIY","baseKeyType":1,"closed":-1,"used":1763718478815,"created":1763718478815,"remoteIdentityKey":"BSKHAsS6wz8JOu8tadrzb+GVKZdRZflkuanygqxKB9Rj"},"_chains":{"BbX3fX0NgueXlUeEJ16bv1GpDRod8gqRT7UKfc90fjdm":{"chainKey":{"counter":145,"key":"5V+qburTsGGdNjBlterrgYb/yzkyMPNeWmYiNpw53P8="},"chainType":1,"messageKeys":{}}},"pendingPreKey":{"signedKeyId":498956,"baseKey":"BSmRAL26VK/hTAyrebws0KxFtWe91tBGgRQX6dcU1OIY","preKeyId":13374678}}},"version":"v1"}