{"_sessions":{"BR55ruKmCrmreLOx0L6eiugKKxjnBxDfQypf0RZokAcJ":{"registrationId":1556284528,"currentRatchet":{"ephemeralKeyPair":{"pubKey":"BfPZ7QyU/gz9Qwza06Bua7GnElub1cbg2RUx89EqSTge","privKey":"AHJNH3Jmgy0j8tQLBBuo1yoGfHrYyBUkl44763F8WW0="},"lastRemoteEphemeralKey":"BQ7dUQZAh1xIAcW9LJb3Uil62L/poY2Q/4/RlJxULl8n","previousCounter":0,"rootKey":"IBZG8drXWiuFQommnHkTaCenkZM6bD3HNStll0nYQiM="},"indexInfo":{"baseKey":"BR55ruKmCrmreLOx0L6eiugKKxjnBxDfQypf0RZokAcJ","baseKeyType":1,"closed":1763718470965,"used":1763718469930,"created":1763718469930,"remoteIdentityKey":"BbvigVrvp5w64pL1PwtC/xbBY4XsI5XFQ/rSGrgweb10"},"_chains":{"BfPZ7QyU/gz9Qwza06Bua7GnElub1cbg2RUx89EqSTge":{"chainKey":{"counter":-1,"key":"VPdph3RkgN6OB9oVKePKiPx6bJhiGUK42UjlUuBNspk="},"chainType":1,"messageKeys":{}}},"pendingPreKey":{"signedKeyId":36,"baseKey":"BR55ruKmCrmreLOx0L6eiugKKxjnBxDfQypf0RZokAcJ","preKeyId":1906229}},"BQDyWxcizni4+uXH0z3Je/AWl3jvPKUXguq7Qb8I6PlE":{"registrationId":1556284528,"currentRatchet":{"ephemeralKeyPair":{"pubKey":"BZ/VB/1xghyPXznw9RDpBgDAmcbE2gE9FA2fgtdigPYG","privKey":"eORRlwqOfi2ESfSkWMUzxv6XvilO/ka/tPrnrSIL9UE="},"lastRemoteEphemeralKey":"BQ7dUQZAh1xIAcW9LJb3Uil62L/poY2Q/4/RlJxULl8n","previousCounter":0,"rootKey":"wwYLFkCI07Zr9kJ65rcA9rBiwXgQJND2dZEYiHKj4c4="},"indexInfo":{"baseKey":"BQDyWxcizni4+uXH0z3Je/AWl3jvPKUXguq7Qb8I6PlE","baseKeyType":1,"closed":-1,"used":1763718470962,"created":1763718470962,"remoteIdentityKey":"BbvigVrvp5w64pL1PwtC/xbBY4XsI5XFQ/rSGrgweb10"},"_chains":{"BZ/VB/1xghyPXznw9RDpBgDAmcbE2gE9FA2fgtdigPYG":{"chainKey":{"counter":145,"key":"JSgkN/uQnSQzHiOyQHpARxECfYXbNPQjZYMlKUMzlfU="},"chainType":1,"messageKeys":{}}},"pendingPreKey":{"signedKeyId":36,"baseKey":"BQDyWxcizni4+uXH0z3Je/AWl3jvPKUXguq7Qb8I6PlE","preKeyId":1906204}}},"version":"v1"}