{"_sessions":{"BUCXEvPJ16grUJ/7YSAvWA5k+zFaKAcjWSdg/+imRbxW":{"registrationId":367691177,"currentRatchet":{"ephemeralKeyPair":{"pubKey":"BY9jAsmS2e/GP7mDZ0Uc4JBGCDw6U1spJRB9FHArqqks","privKey":"qO7TKLFUo73zb9XmTKWuO4OLKtLgEJRpZQth/a1Ex2Y="},"lastRemoteEphemeralKey":"Ba8Ye4tCMvwaea3aCrbPJuqENjc6PPeiQj33T+P1/Uh6","previousCounter":0,"rootKey":"/D3nhVTCUKhDy/Ej1bEmLplsCljjwSQ8fIuNB7USrRs="},"indexInfo":{"baseKey":"BUCXEvPJ16grUJ/7YSAvWA5k+zFaKAcjWSdg/+imRbxW","baseKeyType":1,"closed":1763718471426,"used":1763718470187,"created":1763718470187,"remoteIdentityKey":"Bcg4Olc4itc6DpfVS5WX1qFAnFuXH9+KprZI/b6diiwF"},"_chains":{"BY9jAsmS2e/GP7mDZ0Uc4JBGCDw6U1spJRB9FHArqqks":{"chainKey":{"counter":-1,"key":"d54Ha/tm+eXUjqsGqNvodSVO50s36LipUiCjVFl1GLs="},"chainType":1,"messageKeys":{}}},"pendingPreKey":{"signedKeyId":33,"baseKey":"BUCXEvPJ16grUJ/7YSAvWA5k+zFaKAcjWSdg/+imRbxW","preKeyId":3550607}},"BVh39T9HM/KsU+R7+S0m83WlAKudnFuNFSnbD7uQnN4o":{"registrationId":367691177,"currentRatchet":{"ephemeralKeyPair":{"pubKey":"BUGLRDDSSNFrRSAdb7ouyxu58BHIKN+IY+coZzvpI8Mf","privKey":"+AzeTUilXZVr1P9hgHDy2vQ1choP6/jc+ULl6J96sGc="},"lastRemoteEphemeralKey":"Ba8Ye4tCMvwaea3aCrbPJuqENjc6PPeiQj33T+P1/Uh6","previousCounter":0,"rootKey":"v11Ykm+GG+HsIln/Fsu8Vzt/T4I9M3tqhmQbHB5BxS0="},"indexInfo":{"baseKey":"BVh39T9HM/KsU+R7+S0m83WlAKudnFuNFSnbD7uQnN4o","baseKeyType":1,"closed":-1,"used":1763718471423,"created":1763718471423,"remoteIdentityKey":"Bcg4Olc4itc6DpfVS5WX1qFAnFuXH9+KprZI/b6diiwF"},"_chains":{"BUGLRDDSSNFrRSAdb7ouyxu58BHIKN+IY+coZzvpI8Mf":{"chainKey":{"counter":145,"key":"IYhFhuV3L1et6wfRJ/w45O0CZ2v8fea7T1b7/sQDqac="},"chainType":1,"messageKeys":{}}},"pendingPreKey":{"signedKeyId":33,"baseKey":"BVh39T9HM/KsU+R7+S0m83WlAKudnFuNFSnbD7uQnN4o","preKeyId":3551376}}},"version":"v1"}