{"_sessions":{"BUIwRy8tc0U/ae8LQM0gZ1IZSwZ8XY2T8fLWQJW++DRN":{"registrationId":390129649,"currentRatchet":{"ephemeralKeyPair":{"pubKey":"BXQsCcLcZtv4COM502usZcUQ8j9vhXYUAp+WpYa9p9AM","privKey":"WCQytK72l7jxrbt7QhJpTXawbSP/2fjkaC2GVnRVz0w="},"lastRemoteEphemeralKey":"BdccyKEaiL2Zj/C3wweRDSBY1vTYuNmkasvuZ1LpY0o5","previousCounter":0,"rootKey":"jF1znBzWfpYfkIbq+EcN2Rd9uLjx4wkkbAaN+RapGw4="},"indexInfo":{"baseKey":"BUIwRy8tc0U/ae8LQM0gZ1IZSwZ8XY2T8fLWQJW++DRN","baseKeyType":1,"closed":1763718474888,"used":1763718473940,"created":1763718473940,"remoteIdentityKey":"Bcs2qvkZtQKNcKI7Vc1j9WZ0/fuV/SesLHIOEdx7+BRp"},"_chains":{"BXQsCcLcZtv4COM502usZcUQ8j9vhXYUAp+WpYa9p9AM":{"chainKey":{"counter":-1,"key":"ndw7ivI+8FZ7Gzqsi0ap+/cFU5JIpaaoORbcBuBtvz8="},"chainType":1,"messageKeys":{}}},"pendingPreKey":{"signedKeyId":1099511,"baseKey":"BUIwRy8tc0U/ae8LQM0gZ1IZSwZ8XY2T8fLWQJW++DRN","preKeyId":3085893}},"BdVlVvFSq8hupkHnUSAC2Kl54IYzwffpE0+iTU5vgQ1L":{"registrationId":390129649,"currentRatchet":{"ephemeralKeyPair":{"pubKey":"BQpwTttHu/CjvZ44Y959L/8TZZGrxwJvAuInvGaE2IAV","privKey":"EM8MFEpPz9zEMMJlQpEZ9cQ8paNMWohKRd78E+nq3FQ="},"lastRemoteEphemeralKey":"BdccyKEaiL2Zj/C3wweRDSBY1vTYuNmkasvuZ1LpY0o5","previousCounter":0,"rootKey":"2FhSQNVBTJxbCPmyJyiuJckddnlL4WmGUXBsQxuRMDM="},"indexInfo":{"baseKey":"BdVlVvFSq8hupkHnUSAC2Kl54IYzwffpE0+iTU5vgQ1L","baseKeyType":1,"closed":-1,"used":1763718474885,"created":1763718474885,"remoteIdentityKey":"Bcs2qvkZtQKNcKI7Vc1j9WZ0/fuV/SesLHIOEdx7+BRp"},"_chains":{"BQpwTttHu/CjvZ44Y959L/8TZZGrxwJvAuInvGaE2IAV":{"chainKey":{"counter":145,"key":"BU+RuuSUCeXR240Wwk/PFAkZelqNJ1e31VpX7ldTGi0="},"chainType":1,"messageKeys":{}}},"pendingPreKey":{"signedKeyId":1099511,"baseKey":"BdVlVvFSq8hupkHnUSAC2Kl54IYzwffpE0+iTU5vgQ1L","preKeyId":3085639}}},"version":"v1"}