{"_sessions":{"BRFYLReN7gS0d1tGz29pkS8s4JwXpw7E/LwYF1fjvQI+":{"registrationId":2087064282,"currentRatchet":{"ephemeralKeyPair":{"pubKey":"BYE1moXLZ8vj7s2oEzPuPDipkdtFVSNazMeu1cfBLrRD","privKey":"wO5CHtO5D7pZvy08iz63yVhcIHZDSnGTKUFWthelJVI="},"lastRemoteEphemeralKey":"BchcU07CIVfMKFTZhcDQjw+2M63H+tTZU5Jzt9HLlgtc","previousCounter":0,"rootKey":"AYBFsrjpcUwdWXttHC7H50T+UQlcz2HxH1EGzg5Sk8U="},"indexInfo":{"baseKey":"BRFYLReN7gS0d1tGz29pkS8s4JwXpw7E/LwYF1fjvQI+","baseKeyType":1,"closed":1763718474626,"used":1763718473782,"created":1763718473782,"remoteIdentityKey":"BVJ9WiuXNKKHVlUvdoMmhDMrc+jbJBEP69o6Df7jr0V4"},"_chains":{"BYE1moXLZ8vj7s2oEzPuPDipkdtFVSNazMeu1cfBLrRD":{"chainKey":{"counter":-1,"key":"3srmJkdJXKDA5koJMrsE06yKrx85OGnldafqQ8sWkK0="},"chainType":1,"messageKeys":{}}},"pendingPreKey":{"signedKeyId":15,"baseKey":"BRFYLReN7gS0d1tGz29pkS8s4JwXpw7E/LwYF1fjvQI+","preKeyId":3255401}},"Bed4zlam7j3FcKYPXHVsIFmCZDKI4iXN0yLLvYnSBT4K":{"registrationId":2087064282,"currentRatchet":{"ephemeralKeyPair":{"pubKey":"BdKnfmdTxNfLgTSlHmeFqoUsC2yO99NtD+xqCA2yX+80","privKey":"+BS3IqnFk5YGy79NC1B0v/cLsvvIYB3Y1ekPK4KEPkU="},"lastRemoteEphemeralKey":"BchcU07CIVfMKFTZhcDQjw+2M63H+tTZU5Jzt9HLlgtc","previousCounter":0,"rootKey":"GqtTVsucDn3F0XQtPXZrmwOxD0UeTGNzzLd6N32pZXU="},"indexInfo":{"baseKey":"Bed4zlam7j3FcKYPXHVsIFmCZDKI4iXN0yLLvYnSBT4K","baseKeyType":1,"closed":-1,"used":1763718474623,"created":1763718474623,"remoteIdentityKey":"BVJ9WiuXNKKHVlUvdoMmhDMrc+jbJBEP69o6Df7jr0V4"},"_chains":{"BdKnfmdTxNfLgTSlHmeFqoUsC2yO99NtD+xqCA2yX+80":{"chainKey":{"counter":145,"key":"H1z/mpHaRKsULfgfHZHBQrajLJUGNCuKHWNkeiMpI8g="},"chainType":1,"messageKeys":{}}},"pendingPreKey":{"signedKeyId":15,"baseKey":"Bed4zlam7j3FcKYPXHVsIFmCZDKI4iXN0yLLvYnSBT4K","preKeyId":3255830}}},"version":"v1"}