{"_sessions":{"BRwqVhHE2l05rtLXzXy/AjjXTArO71cE9b3Q9t8ngARS":{"registrationId":607420326,"currentRatchet":{"ephemeralKeyPair":{"pubKey":"Bf8Kbi09q74fotyOAiFuXdtfz+c6P3NQAKEIYGLOGT8m","privKey":"2CNx4DuUeBEBcAzCUXcw2B9XWITPirgtBP6d+b+38m4="},"lastRemoteEphemeralKey":"BYVPfbaYtJ2tdTuPREx+Mx3lvQdAElpC6+HElv1WdDVe","previousCounter":0,"rootKey":"tcIXRSh7lVWT31ZRJ/3YBnXK23j8TX3uAfvOfilYAuY="},"indexInfo":{"baseKey":"BRwqVhHE2l05rtLXzXy/AjjXTArO71cE9b3Q9t8ngARS","baseKeyType":1,"closed":1763718473203,"used":1763718472115,"created":1763718472115,"remoteIdentityKey":"Bbax2wFtFDdudQpED0kmcagr+uUMuFE406hYE6F+2StA"},"_chains":{"Bf8Kbi09q74fotyOAiFuXdtfz+c6P3NQAKEIYGLOGT8m":{"chainKey":{"counter":-1,"key":"ylrPSxQoj6ZKBzduBEc1A58/VM0PIHxG+poJ78xEvro="},"chainType":1,"messageKeys":{}}},"pendingPreKey":{"signedKeyId":1,"baseKey":"BRwqVhHE2l05rtLXzXy/AjjXTArO71cE9b3Q9t8ngARS","preKeyId":8652093}},"BSRj2zKrbN+ETYBch5C3UBpx0A6Zrw6YDGFCAjgZytoO":{"registrationId":607420326,"currentRatchet":{"ephemeralKeyPair":{"pubKey":"BVzl+epVr4pz9UOQZVSR/YaIWD5CjjFAsA1UCo05nAAW","privKey":"kEPZPLfGrRM3jwcRQALQK7F2AhDfIZqP1xMmWxz1FGI="},"lastRemoteEphemeralKey":"BYVPfbaYtJ2tdTuPREx+Mx3lvQdAElpC6+HElv1WdDVe","previousCounter":0,"rootKey":"qXlfcwadBNG124DFkfZA306Mw9L/LWfL15OzPMMDlEA="},"indexInfo":{"baseKey":"BSRj2zKrbN+ETYBch5C3UBpx0A6Zrw6YDGFCAjgZytoO","baseKeyType":1,"closed":-1,"used":1763718473200,"created":1763718473200,"remoteIdentityKey":"Bbax2wFtFDdudQpED0kmcagr+uUMuFE406hYE6F+2StA"},"_chains":{"BVzl+epVr4pz9UOQZVSR/YaIWD5CjjFAsA1UCo05nAAW":{"chainKey":{"counter":145,"key":"WY3nD44NVfhe7Lih3CWz7BNCswFvAa3G2DNCWkwJH2k="},"chainType":1,"messageKeys":{}}},"pendingPreKey":{"signedKeyId":1,"baseKey":"BSRj2zKrbN+ETYBch5C3UBpx0A6Zrw6YDGFCAjgZytoO","preKeyId":8652102}}},"version":"v1"}