{"_sessions":{"BVNTDGnS82oUVr+oy3LcNnm8Jc9ggZMJaK0OyUDCi2x4":{"registrationId":294199390,"currentRatchet":{"ephemeralKeyPair":{"pubKey":"BR+7P5CyHPsrw+mx2QRjbb6ZLo1ljX0JHwavHQdfHNtf","privKey":"WIH01JKOcCPREOu8uE4BTrAXfGEC5hprc4GHy1kRxHI="},"lastRemoteEphemeralKey":"BZZ0wjSYACjH0BsbevvAFoP4d+BO4ERx5N19vixYDkJt","previousCounter":0,"rootKey":"icCXcNSbFb0oDoOqKG4FuAYjxBPN0EQyZHxoRNGMgRQ="},"indexInfo":{"baseKey":"BVNTDGnS82oUVr+oy3LcNnm8Jc9ggZMJaK0OyUDCi2x4","baseKeyType":1,"closed":1763718476476,"used":1763718475720,"created":1763718475720,"remoteIdentityKey":"BSguZkimCc/jcmrg5utfXNUBZBDXiT0msaVOtkgywUoj"},"_chains":{"BR+7P5CyHPsrw+mx2QRjbb6ZLo1ljX0JHwavHQdfHNtf":{"chainKey":{"counter":-1,"key":"Jh06DkxokPCwXDuS/fDcKwEXnebN0J0XfuxAlI7qqQw="},"chainType":1,"messageKeys":{}}},"pendingPreKey":{"signedKeyId":50,"baseKey":"BVNTDGnS82oUVr+oy3LcNnm8Jc9ggZMJaK0OyUDCi2x4","preKeyId":6667338}},"BT9jeqy6o0eH0N5Rt1ptNFHWZ0Or3nOg5+NQC324ejAB":{"registrationId":294199390,"currentRatchet":{"ephemeralKeyPair":{"pubKey":"Bb5tEGwh9BD6PDaHBNCtscwnaORvOTPEIgT7EvCUzpxF","privKey":"+Dg4AQKCsq624osN8s7rRMzU1pTmskfGqCZswnagzVk="},"lastRemoteEphemeralKey":"BZZ0wjSYACjH0BsbevvAFoP4d+BO4ERx5N19vixYDkJt","previousCounter":0,"rootKey":"xMFZL/wAyRQEDzd/DPFkAkHgUSUzhoEmcH/g2mu5EwQ="},"indexInfo":{"baseKey":"BT9jeqy6o0eH0N5Rt1ptNFHWZ0Or3nOg5+NQC324ejAB","baseKeyType":1,"closed":-1,"used":1763718476474,"created":1763718476474,"remoteIdentityKey":"BSguZkimCc/jcmrg5utfXNUBZBDXiT0msaVOtkgywUoj"},"_chains":{"Bb5tEGwh9BD6PDaHBNCtscwnaORvOTPEIgT7EvCUzpxF":{"chainKey":{"counter":145,"key":"7CqPlRVepzozMUf3ShRkWSgTGCSctXX/15ylNxabLHc="},"chainType":1,"messageKeys":{}}},"pendingPreKey":{"signedKeyId":50,"baseKey":"BT9jeqy6o0eH0N5Rt1ptNFHWZ0Or3nOg5+NQC324ejAB","preKeyId":6667286}}},"version":"v1"}