{"_sessions":{"BRpvY09DyyS4hd4qXKPjhLkunnct8vyyLTruX8qp++YC":{"registrationId":36317750,"currentRatchet":{"ephemeralKeyPair":{"pubKey":"BREQrnm7MIdOpd3Q+crJQ+kVSzZBimopMt5VQiPrdKIJ","privKey":"UAsTtw3aBA4+QGigd+yzg3SFoKFPKdUtiNoUatRkzUY="},"lastRemoteEphemeralKey":"Bca+jCC/t9EX9aVbw9lD50CuGiPrKFjh6zaiHqYyBkxw","previousCounter":0,"rootKey":"+JOBxktg7AAOiswYiawi8q6QUUQ/oneyxJtUWBKi3fQ="},"indexInfo":{"baseKey":"BRpvY09DyyS4hd4qXKPjhLkunnct8vyyLTruX8qp++YC","baseKeyType":1,"closed":1763718475304,"used":1763718474250,"created":1763718474250,"remoteIdentityKey":"BXLxp1ywByIMpimIZwDVQuNp791W29gi+4OorPuFk+xD"},"_chains":{"BREQrnm7MIdOpd3Q+crJQ+kVSzZBimopMt5VQiPrdKIJ":{"chainKey":{"counter":-1,"key":"6I9sFbLO/mGVQQCgrKdviN7Sgjkb4I9NFpMazS7h5ng="},"chainType":1,"messageKeys":{}}},"pendingPreKey":{"signedKeyId":16,"baseKey":"BRpvY09DyyS4hd4qXKPjhLkunnct8vyyLTruX8qp++YC","preKeyId":12348195}},"BViv/k9cPOWYrLepMwj7KS8fpJH8cCMK5ADTafBh/tB5":{"registrationId":36317750,"currentRatchet":{"ephemeralKeyPair":{"pubKey":"BUkBUEoFS0d5mBZIOesKUM+6OGewIGClcYWc9zVkgoFP","privKey":"aIZzqnMFvF4NF/HhfFhJcEJs05PC8HoU/pqAz5/+VmU="},"lastRemoteEphemeralKey":"Bca+jCC/t9EX9aVbw9lD50CuGiPrKFjh6zaiHqYyBkxw","previousCounter":0,"rootKey":"EhnMj7DjX4TIhC8LVWioy6N5BFPzzQL3wEBzBfiA2+0="},"indexInfo":{"baseKey":"BViv/k9cPOWYrLepMwj7KS8fpJH8cCMK5ADTafBh/tB5","baseKeyType":1,"closed":-1,"used":1763718475301,"created":1763718475301,"remoteIdentityKey":"BXLxp1ywByIMpimIZwDVQuNp791W29gi+4OorPuFk+xD"},"_chains":{"BUkBUEoFS0d5mBZIOesKUM+6OGewIGClcYWc9zVkgoFP":{"chainKey":{"counter":145,"key":"jkwv+vwIDSj4Y1lt5J13UnswgI6uehVlB8aGnSuJvWY="},"chainType":1,"messageKeys":{}}},"pendingPreKey":{"signedKeyId":16,"baseKey":"BViv/k9cPOWYrLepMwj7KS8fpJH8cCMK5ADTafBh/tB5","preKeyId":12348238}}},"version":"v1"}