{"_sessions":{"BX0B1W0DevePmfGykoE8cefg8V3LBRjMk9y+XcObdGgd":{"registrationId":846140993,"currentRatchet":{"ephemeralKeyPair":{"pubKey":"BUlG6FkoSPSVQrWn2OGw1gFQd0LGJbesvtVnTdcjtqIp","privKey":"mGuxcdXj9HMuQ8jtB65IGaMQ4HHgk7DsPN501N/vUWk="},"lastRemoteEphemeralKey":"BSQhkNp7hNLh/6gdH7EFuGL0G+xmP+ISa0DL8Tr9NnlN","previousCounter":0,"rootKey":"1xfbLKLNDkkw7ywQ6e9LFaVfPcgi0ZTuzqA8As8T7SU="},"indexInfo":{"baseKey":"BX0B1W0DevePmfGykoE8cefg8V3LBRjMk9y+XcObdGgd","baseKeyType":1,"closed":1763718476423,"used":1763718475685,"created":1763718475685,"remoteIdentityKey":"BQVtKMT26WMKCNAeF2NWOhyUWyMw16kt99fUbXjDcUAD"},"_chains":{"BUlG6FkoSPSVQrWn2OGw1gFQd0LGJbesvtVnTdcjtqIp":{"chainKey":{"counter":-1,"key":"52fSg9HqN35XE+yugkcs7po+OqruMPIPud51fZ6tVTI="},"chainType":1,"messageKeys":{}}},"pendingPreKey":{"signedKeyId":2,"baseKey":"BX0B1W0DevePmfGykoE8cefg8V3LBRjMk9y+XcObdGgd","preKeyId":402216}},"BXZAZK73MCh2Ag3W+NcahKggHgBcBoNMoZkXYP7F1Ut3":{"registrationId":846140993,"currentRatchet":{"ephemeralKeyPair":{"pubKey":"Bbem9UF6JpY8XttWVSSJRp8m4KSmKSjrQTW+2Uw1FC4+","privKey":"WNB4ZsZcyQNDp3cG3414RTVmiUBfZp4WXEAraeBo7kg="},"lastRemoteEphemeralKey":"BSQhkNp7hNLh/6gdH7EFuGL0G+xmP+ISa0DL8Tr9NnlN","previousCounter":0,"rootKey":"QwZG5bTM4KThjMZWQGw5t2rleh8ssaCjalR1yzhVpeI="},"indexInfo":{"baseKey":"BXZAZK73MCh2Ag3W+NcahKggHgBcBoNMoZkXYP7F1Ut3","baseKeyType":1,"closed":-1,"used":1763718476420,"created":1763718476420,"remoteIdentityKey":"BQVtKMT26WMKCNAeF2NWOhyUWyMw16kt99fUbXjDcUAD"},"_chains":{"Bbem9UF6JpY8XttWVSSJRp8m4KSmKSjrQTW+2Uw1FC4+":{"chainKey":{"counter":145,"key":"ALb/rU5EwiaAMnNKy54pShvz+26uiiESMuL/fWG0vj4="},"chainType":1,"messageKeys":{}}},"pendingPreKey":{"signedKeyId":2,"baseKey":"BXZAZK73MCh2Ag3W+NcahKggHgBcBoNMoZkXYP7F1Ut3","preKeyId":402231}}},"version":"v1"}