{"_sessions":{"BXwajiswCr+b/oBpey3MUztCUvjH1Nrnnok6v+wkFlEW":{"registrationId":947780211,"currentRatchet":{"ephemeralKeyPair":{"pubKey":"BWsyf0fmv/v8p+ArcqmVkUBJzE2CN3dj9zJ3tzhbSFVO","privKey":"aKRl03K6dmT79meIYA30IJ4Zt1QPUQqgAemOo36uUlY="},"lastRemoteEphemeralKey":"BV6Es4EBevOEMmwFLJN7pFhQ2ngjP8iP+APS0jC2gmwh","previousCounter":0,"rootKey":"k7AUDVI4aylyXBRwElyFbqT2l86cgmLO2QPluX+Gr94="},"indexInfo":{"baseKey":"BXwajiswCr+b/oBpey3MUztCUvjH1Nrnnok6v+wkFlEW","baseKeyType":1,"closed":1763718473290,"used":1763718472159,"created":1763718472159,"remoteIdentityKey":"BW9VZXVLwaTIZCbRAzvi4f3HkwrmOGiEFSSwLXk3LGA4"},"_chains":{"BWsyf0fmv/v8p+ArcqmVkUBJzE2CN3dj9zJ3tzhbSFVO":{"chainKey":{"counter":-1,"key":"2heNPqSz/THC58DcGiYUELvjIKzRXl1xvYXXhxHFX0w="},"chainType":1,"messageKeys":{}}},"pendingPreKey":{"signedKeyId":53,"baseKey":"BXwajiswCr+b/oBpey3MUztCUvjH1Nrnnok6v+wkFlEW","preKeyId":9157603}},"BaPsV6xjEmOSrVApf9iGcATV5VwPKfcX/vJE2kOUOKti":{"registrationId":947780211,"currentRatchet":{"ephemeralKeyPair":{"pubKey":"BS2cqoyM/HqMQUxdcnfmiQl3GdqkHz3UBuV5dsUONYk4","privKey":"KFw1BInMwfQGpznBIQ2jJfm0JCwqAwx/jxOurmUPhUw="},"lastRemoteEphemeralKey":"BV6Es4EBevOEMmwFLJN7pFhQ2ngjP8iP+APS0jC2gmwh","previousCounter":0,"rootKey":"VA5Qd7NYphDVdJ0D1qzcPP//HUdYCkfwCpV1v4EgD3M="},"indexInfo":{"baseKey":"BaPsV6xjEmOSrVApf9iGcATV5VwPKfcX/vJE2kOUOKti","baseKeyType":1,"closed":-1,"used":1763718473287,"created":1763718473287,"remoteIdentityKey":"BW9VZXVLwaTIZCbRAzvi4f3HkwrmOGiEFSSwLXk3LGA4"},"_chains":{"BS2cqoyM/HqMQUxdcnfmiQl3GdqkHz3UBuV5dsUONYk4":{"chainKey":{"counter":145,"key":"dIVDyLAC700MBnJJtK2TgYMRAEGRuY8CUQD0uiwOR7c="},"chainType":1,"messageKeys":{}}},"pendingPreKey":{"signedKeyId":53,"baseKey":"BaPsV6xjEmOSrVApf9iGcATV5VwPKfcX/vJE2kOUOKti","preKeyId":9156935}}},"version":"v1"}