{"_sessions":{"BfuBGZtYBlHddlUa7fjjCE8ftQiHsvT9lwW6hq8m+9cV":{"registrationId":746471273,"currentRatchet":{"ephemeralKeyPair":{"pubKey":"BW3ll7VUUWH/ujeMvndOhynMcWwpST6Fma4ERDLzapBB","privKey":"oJAX+u9f+CZQjzg/joyUcncVJ7VYDg2MaWnDy8m2EFg="},"lastRemoteEphemeralKey":"BcG58HLlNFgPKSITBhU8+1c4gleEWyINswfCoFREfYYr","previousCounter":0,"rootKey":"siOSucLEb/TzCXisiiLBl/aPkwuUu/e18eRjaKIHRfI="},"indexInfo":{"baseKey":"BfuBGZtYBlHddlUa7fjjCE8ftQiHsvT9lwW6hq8m+9cV","baseKeyType":1,"closed":1763718471571,"used":1763718470294,"created":1763718470294,"remoteIdentityKey":"BZGGMC9EJtQCzETyoLDw377BJEkPwe6fWOiVsXBfLDEe"},"_chains":{"BW3ll7VUUWH/ujeMvndOhynMcWwpST6Fma4ERDLzapBB":{"chainKey":{"counter":-1,"key":"Qe1Mp6PySd9bhMdt45AA/pwpmO7/LN3iflxGmaiW1xE="},"chainType":1,"messageKeys":{}}},"pendingPreKey":{"signedKeyId":5,"baseKey":"BfuBGZtYBlHddlUa7fjjCE8ftQiHsvT9lwW6hq8m+9cV","preKeyId":16514760}},"Bb/+j+FnOWrE/IErrwA6awMi9NfltsjBfur0NxzgCipt":{"registrationId":746471273,"currentRatchet":{"ephemeralKeyPair":{"pubKey":"BQL6jkKgEeK/vWeuI115IGp8R5TMwrLM5jxzmC3J/z9H","privKey":"SOBRYidh/GrBFb5Zxci2CWmbLwoirsbOL9OMc/fGF20="},"lastRemoteEphemeralKey":"BcG58HLlNFgPKSITBhU8+1c4gleEWyINswfCoFREfYYr","previousCounter":0,"rootKey":"v1CR3nB8a+way95LzHNFBN+E55bAz+lE7v2/J9azPCQ="},"indexInfo":{"baseKey":"Bb/+j+FnOWrE/IErrwA6awMi9NfltsjBfur0NxzgCipt","baseKeyType":1,"closed":-1,"used":1763718471563,"created":1763718471563,"remoteIdentityKey":"BZGGMC9EJtQCzETyoLDw377BJEkPwe6fWOiVsXBfLDEe"},"_chains":{"BQL6jkKgEeK/vWeuI115IGp8R5TMwrLM5jxzmC3J/z9H":{"chainKey":{"counter":145,"key":"H64fqayOozpLW/EtucXqGf9/98DTSUNCYVw0b8zQLhk="},"chainType":1,"messageKeys":{}}},"pendingPreKey":{"signedKeyId":5,"baseKey":"Bb/+j+FnOWrE/IErrwA6awMi9NfltsjBfur0NxzgCipt","preKeyId":16514524}}},"version":"v1"}