{"_sessions":{"BU3wnHAreM8o57B0jPbhB3GYiv9ORt1fMYU/Ptke3pNT":{"registrationId":2086355051,"currentRatchet":{"ephemeralKeyPair":{"pubKey":"BXwu+eKT1AP52FBJyKlK7b6Z0mAInER3CMEfDsaZK9ku","privKey":"aCJHHeK/nXoczlvyLAcmPDRHc6EcDxnuEPYMWE9GJl0="},"lastRemoteEphemeralKey":"BWk6Nyd1s8ZxQWYwEbodFWxx3G9Ugk97RQGjIvZlvmpY","previousCounter":0,"rootKey":"dOTemijzSU1+I1ykxxP4q7ZYDeHmXZ9gT0aZc56U7r4="},"indexInfo":{"baseKey":"BU3wnHAreM8o57B0jPbhB3GYiv9ORt1fMYU/Ptke3pNT","baseKeyType":1,"closed":1763718474841,"used":1763718473905,"created":1763718473905,"remoteIdentityKey":"BfLbOOsThmXJTQIVIrYLoeG7voIaKFKTQO9+94R3tjQt"},"_chains":{"BXwu+eKT1AP52FBJyKlK7b6Z0mAInER3CMEfDsaZK9ku":{"chainKey":{"counter":-1,"key":"tM6IAopRhAxU8s9vPEQNZW36+vw2vU3NHQdfqcpc384="},"chainType":1,"messageKeys":{}}},"pendingPreKey":{"signedKeyId":4340165,"baseKey":"BU3wnHAreM8o57B0jPbhB3GYiv9ORt1fMYU/Ptke3pNT","preKeyId":5164230}},"BYqR/vt8qfTXMKHpBQoRnkwuh7uwZqzjUuNc+F+7uac9":{"registrationId":2086355051,"currentRatchet":{"ephemeralKeyPair":{"pubKey":"Be2SBemB++qWjaag+dHJlmi8LiGHLpdDxd4m88stSrdL","privKey":"2PPpeK38GcPOJGKlBMN8wlhuUPsppSRla+PVgIeIhmU="},"lastRemoteEphemeralKey":"BWk6Nyd1s8ZxQWYwEbodFWxx3G9Ugk97RQGjIvZlvmpY","previousCounter":0,"rootKey":"SVO0lPUCjVJMrOCImqCIQZf7r744S+rI94s3HVHQ2iA="},"indexInfo":{"baseKey":"BYqR/vt8qfTXMKHpBQoRnkwuh7uwZqzjUuNc+F+7uac9","baseKeyType":1,"closed":-1,"used":1763718474838,"created":1763718474838,"remoteIdentityKey":"BfLbOOsThmXJTQIVIrYLoeG7voIaKFKTQO9+94R3tjQt"},"_chains":{"Be2SBemB++qWjaag+dHJlmi8LiGHLpdDxd4m88stSrdL":{"chainKey":{"counter":145,"key":"wi4r8X7q1b196J1J47GSNcdeZMyttspyfbrIFUr9ZcQ="},"chainType":1,"messageKeys":{}}},"pendingPreKey":{"signedKeyId":4340165,"baseKey":"BYqR/vt8qfTXMKHpBQoRnkwuh7uwZqzjUuNc+F+7uac9","preKeyId":5164304}}},"version":"v1"}