{"_sessions":{"BUeDWMhFGqAU9hZTGyyu062KU8DKAmzn0jd+/Lqoayt3":{"registrationId":1011103314,"currentRatchet":{"ephemeralKeyPair":{"pubKey":"BXIapZi8Cru5anoaUpgUxP8cqFIap/m6QgnB6dR89MMc","privKey":"sC9Vz59kPAVPZA3iiJcQ+ZnBKw46V870qbW2FMYs00Y="},"lastRemoteEphemeralKey":"Bfp0UZzHPg1k9HlRPVcg31nQZUAXqXv3PgyvHCXSdSwH","previousCounter":0,"rootKey":"tvjUqcTZoFD8xKrLtAVBmoPfGzWh9SI0V+Aux07gM9I="},"indexInfo":{"baseKey":"BUeDWMhFGqAU9hZTGyyu062KU8DKAmzn0jd+/Lqoayt3","baseKeyType":1,"closed":1763718475202,"used":1763718474162,"created":1763718474162,"remoteIdentityKey":"BdjO+Wn9kh4aSQ9jQ5ZrrQjVrcEnmNO2NHhovGszogdB"},"_chains":{"BXIapZi8Cru5anoaUpgUxP8cqFIap/m6QgnB6dR89MMc":{"chainKey":{"counter":-1,"key":"6LXMIWd91Ta1ljwmjZLYJnmesrniK2l+B9wPUGck6nk="},"chainType":1,"messageKeys":{}}},"pendingPreKey":{"signedKeyId":8,"baseKey":"BUeDWMhFGqAU9hZTGyyu062KU8DKAmzn0jd+/Lqoayt3","preKeyId":11816127}},"BcMhbee0SMYUxfB76Y+2Rde6W8WXHGy/9qxfKMILT6Q0":{"registrationId":1011103314,"currentRatchet":{"ephemeralKeyPair":{"pubKey":"BcPq1ZyVoBgG/Oyt2JR0emed6QKbmwemJQZhXj9oGJ0E","privKey":"SJ7obsKl67h8q4nsa3IpYnbu43XzFLGHs3/mpTBE7lM="},"lastRemoteEphemeralKey":"Bfp0UZzHPg1k9HlRPVcg31nQZUAXqXv3PgyvHCXSdSwH","previousCounter":0,"rootKey":"s0RayVquLBD4jo1Bx/oAg4Jka5Rlfu6GJK04N7NEZaI="},"indexInfo":{"baseKey":"BcMhbee0SMYUxfB76Y+2Rde6W8WXHGy/9qxfKMILT6Q0","baseKeyType":1,"closed":-1,"used":1763718475199,"created":1763718475199,"remoteIdentityKey":"BdjO+Wn9kh4aSQ9jQ5ZrrQjVrcEnmNO2NHhovGszogdB"},"_chains":{"BcPq1ZyVoBgG/Oyt2JR0emed6QKbmwemJQZhXj9oGJ0E":{"chainKey":{"counter":145,"key":"J/n0SDc5/9mn+H7umq3EjStRcNlT+ssLcwCtVgkRABA="},"chainType":1,"messageKeys":{}}},"pendingPreKey":{"signedKeyId":8,"baseKey":"BcMhbee0SMYUxfB76Y+2Rde6W8WXHGy/9qxfKMILT6Q0","preKeyId":11816102}}},"version":"v1"}