{"_sessions":{"BXF4v4Qqmxwt1FkWcZuAy5y5ITvqLKwhljksADQv4Yxq":{"registrationId":992332665,"currentRatchet":{"ephemeralKeyPair":{"pubKey":"BfIjumvCofImMVcvtfbpOX/VQ8buRi1BDi/eUjnU7jNU","privKey":"+IP750z5I9NgI+iFGiS9O3vVYvtUKAuL//i8tmBokVk="},"lastRemoteEphemeralKey":"BeDbu/N4+KzIszHDUAS0hZyn5LHsza+Xe0dsDXzmXpBD","previousCounter":0,"rootKey":"7XbqtTa0BvJarh+Q05L5PAJrQ7LBSgLWDNOyJHLg244="},"indexInfo":{"baseKey":"BXF4v4Qqmxwt1FkWcZuAy5y5ITvqLKwhljksADQv4Yxq","baseKeyType":1,"closed":1763718475192,"used":1763718474154,"created":1763718474154,"remoteIdentityKey":"BRu66wSCp7E8RewFXyfaFDp0ysggXpprUj/Y+82TzK8E"},"_chains":{"BfIjumvCofImMVcvtfbpOX/VQ8buRi1BDi/eUjnU7jNU":{"chainKey":{"counter":-1,"key":"24fFPkM9ipE+XdvudBQ+Sh288l6vjpVX15wonLslMo0="},"chainType":1,"messageKeys":{}}},"pendingPreKey":{"signedKeyId":2012357,"baseKey":"BXF4v4Qqmxwt1FkWcZuAy5y5ITvqLKwhljksADQv4Yxq","preKeyId":100971}},"BcslOoyj29bQKqAsX33YOOCxrn+yqErRBrTOvDfcWoVu":{"registrationId":992332665,"currentRatchet":{"ephemeralKeyPair":{"pubKey":"BXkB0RTZBV+0bH8+ZJun0Az5At9eErjB6CZ6KJ2ROf4X","privKey":"yD+IWllrIiJsZi2ZgoZ6fodgn0H8g5/5OmwC9XAoV3A="},"lastRemoteEphemeralKey":"BeDbu/N4+KzIszHDUAS0hZyn5LHsza+Xe0dsDXzmXpBD","previousCounter":0,"rootKey":"Mt/MM7oMqq7vF/aQtpMDgexleLg0h8eaRPbBlcmmhNw="},"indexInfo":{"baseKey":"BcslOoyj29bQKqAsX33YOOCxrn+yqErRBrTOvDfcWoVu","baseKeyType":1,"closed":-1,"used":1763718475188,"created":1763718475188,"remoteIdentityKey":"BRu66wSCp7E8RewFXyfaFDp0ysggXpprUj/Y+82TzK8E"},"_chains":{"BXkB0RTZBV+0bH8+ZJun0Az5At9eErjB6CZ6KJ2ROf4X":{"chainKey":{"counter":145,"key":"FMCpNEP6EBdv2a+yLAgD4j/KEB+DEioKdRLVZpzM9lw="},"chainType":1,"messageKeys":{}}},"pendingPreKey":{"signedKeyId":2012357,"baseKey":"BcslOoyj29bQKqAsX33YOOCxrn+yqErRBrTOvDfcWoVu","preKeyId":101091}}},"version":"v1"}