{"_sessions":{"Bf6rWqaUahh1NruUbZx5OEfVTHpotuZuEbS6+RxS4z8g":{"registrationId":1519678058,"currentRatchet":{"ephemeralKeyPair":{"pubKey":"Bd2NpAcglvazsJOzOWg6QROrkrHVcLHpS1vi0P5cQWYC","privKey":"8K69CpAE9+S7/ursFr9YbIe3HUVP8EdSSF5lwBPXMU4="},"lastRemoteEphemeralKey":"BV+urOolpOydoz2R0qVERQOVLHhKwWYx8Ef7MrjyirhK","previousCounter":0,"rootKey":"pRyEGrlWVRytCyUuvjT1qm15HiQzHxJgRdp+C5B7xuo="},"indexInfo":{"baseKey":"Bf6rWqaUahh1NruUbZx5OEfVTHpotuZuEbS6+RxS4z8g","baseKeyType":1,"closed":1763718472311,"used":1763718471651,"created":1763718471651,"remoteIdentityKey":"BQowR9bwVkLZ2eKrMplab14crJ01h0RBKv2Kjf+IHLdE"},"_chains":{"Bd2NpAcglvazsJOzOWg6QROrkrHVcLHpS1vi0P5cQWYC":{"chainKey":{"counter":-1,"key":"w5HlsS+ueDMQFcS9Z2Lm9kDt7ZUioQ/Jp4RcSdjCHqQ="},"chainType":1,"messageKeys":{}}},"pendingPreKey":{"signedKeyId":131056,"baseKey":"Bf6rWqaUahh1NruUbZx5OEfVTHpotuZuEbS6+RxS4z8g","preKeyId":12977182}},"BR6KnKdVLMw/0zFRSNXI6dE4nxCCcJAQHnSNGkup9+Z7":{"registrationId":1519678058,"currentRatchet":{"ephemeralKeyPair":{"pubKey":"BeCuXuNyy2a5B3xriSVct/Slj3UD5RwclXXyTuOfoiFe","privKey":"MN4QK0+3B9d6guPWlTSp0cH47Ouwp6y+zZrgj20nzXA="},"lastRemoteEphemeralKey":"BV+urOolpOydoz2R0qVERQOVLHhKwWYx8Ef7MrjyirhK","previousCounter":0,"rootKey":"DUlJfkKcCN4EgVDEsxWGJXue5RVdhSJ7W1bnRaXdG30="},"indexInfo":{"baseKey":"BR6KnKdVLMw/0zFRSNXI6dE4nxCCcJAQHnSNGkup9+Z7","baseKeyType":1,"closed":-1,"used":1763718472308,"created":1763718472308,"remoteIdentityKey":"BQowR9bwVkLZ2eKrMplab14crJ01h0RBKv2Kjf+IHLdE"},"_chains":{"BeCuXuNyy2a5B3xriSVct/Slj3UD5RwclXXyTuOfoiFe":{"chainKey":{"counter":145,"key":"Aaw/dqgplIeqdg8Lw1HJyQOg7Hx7ywjdP0MEvY0PqRc="},"chainType":1,"messageKeys":{}}},"pendingPreKey":{"signedKeyId":131056,"baseKey":"BR6KnKdVLMw/0zFRSNXI6dE4nxCCcJAQHnSNGkup9+Z7","preKeyId":12977239}}},"version":"v1"}