{"_sessions":{"BRho9gPJGnVpoUk05u7OZtnXCQzxYUwqjPCL8dPPQcpV":{"registrationId":690360334,"currentRatchet":{"ephemeralKeyPair":{"pubKey":"BcP2y5gkVSzfIY5ujQfmaodPrkZ4JC30Vg4nCB0lmQIX","privKey":"aG/HXcvIk5Bx7O6lG/Ra0bCgQjQwJEkrmOgtIVl8KW4="},"lastRemoteEphemeralKey":"Ba/t2wI9rkA3QoHH/TmbEatU3pi1iT4uAZlbjtvA2GRV","previousCounter":0,"rootKey":"p3gnNWOxl30fF1XfqpntVsLYG1ZCwuNQhDFyPMqGk7c="},"indexInfo":{"baseKey":"BRho9gPJGnVpoUk05u7OZtnXCQzxYUwqjPCL8dPPQcpV","baseKeyType":1,"closed":1763718472587,"used":1763718471741,"created":1763718471741,"remoteIdentityKey":"BUrXiEO45ju67llNYwXF3YZ/CNlng0/y+/azDH2+XvMr"},"_chains":{"BcP2y5gkVSzfIY5ujQfmaodPrkZ4JC30Vg4nCB0lmQIX":{"chainKey":{"counter":-1,"key":"iPbrSL6VjEDtINejrhGYs132zYDtv1XCLCMcevoXjyM="},"chainType":1,"messageKeys":{}}},"pendingPreKey":{"signedKeyId":39,"baseKey":"BRho9gPJGnVpoUk05u7OZtnXCQzxYUwqjPCL8dPPQcpV","preKeyId":604296}},"BZhEctveudTjTMNaRmiMdWQlaZACwDq0W356Bo+t/zNM":{"registrationId":690360334,"currentRatchet":{"ephemeralKeyPair":{"pubKey":"BdwV7UK3Zs2IM1nJ8+Ptb19P1oQGN8BjFcVodKhCOJlt","privKey":"oJezUfZlgQknjzmsh61kB6FvrwYW8fVzQvLvwB/Wems="},"lastRemoteEphemeralKey":"Ba/t2wI9rkA3QoHH/TmbEatU3pi1iT4uAZlbjtvA2GRV","previousCounter":0,"rootKey":"D6cby90UP/dE2SS1qLFP3dVgt3HYF8pL4aKepfD5PbY="},"indexInfo":{"baseKey":"BZhEctveudTjTMNaRmiMdWQlaZACwDq0W356Bo+t/zNM","baseKeyType":1,"closed":-1,"used":1763718472585,"created":1763718472585,"remoteIdentityKey":"BUrXiEO45ju67llNYwXF3YZ/CNlng0/y+/azDH2+XvMr"},"_chains":{"BdwV7UK3Zs2IM1nJ8+Ptb19P1oQGN8BjFcVodKhCOJlt":{"chainKey":{"counter":145,"key":"zBbI+STGkI9bSbFkaQztATDpgDdImEIQDfXpu/EfkHc="},"chainType":1,"messageKeys":{}}},"pendingPreKey":{"signedKeyId":39,"baseKey":"BZhEctveudTjTMNaRmiMdWQlaZACwDq0W356Bo+t/zNM","preKeyId":604221}}},"version":"v1"}