{"_sessions":{"BXYJZI+eX15O7gQBQj1n4jdkIk9KwOTrIkUu6R3Q0/RB":{"registrationId":1592330832,"currentRatchet":{"ephemeralKeyPair":{"pubKey":"BZoy4H4cIAsGDld6/wwodNSousJWdygC3n3Hw9Xmou8G","privKey":"qCI6TNkMtuG6eWdlejJHlZH8JKEFtDGvltP5Zrh6ZGU="},"lastRemoteEphemeralKey":"BcvTByK/MPl/G70qGiIfs7GLG+XVkfupAFSsKFlOwxFv","previousCounter":0,"rootKey":"EJtXqjbkkdxv5jDIGSc+eWlVZ7WiRmJJxObfq3+coiw="},"indexInfo":{"baseKey":"BXYJZI+eX15O7gQBQj1n4jdkIk9KwOTrIkUu6R3Q0/RB","baseKeyType":1,"closed":1763718474589,"used":1763718473749,"created":1763718473749,"remoteIdentityKey":"BdO/s1pgxvKn/bCQp8NrqqO1nzcDzho+lKyO6c+npqhI"},"_chains":{"BZoy4H4cIAsGDld6/wwodNSousJWdygC3n3Hw9Xmou8G":{"chainKey":{"counter":-1,"key":"WXvfoj63exqHWjaLEOO8ygehpYkWNjeAvkycvPzHc7c="},"chainType":1,"messageKeys":{}}},"pendingPreKey":{"signedKeyId":4,"baseKey":"BXYJZI+eX15O7gQBQj1n4jdkIk9KwOTrIkUu6R3Q0/RB","preKeyId":3801177}},"BargemOMcQRRNqUS6fjxZgGfQ+EaxmgJHbPpvEol2kwz":{"registrationId":1592330832,"currentRatchet":{"ephemeralKeyPair":{"pubKey":"BcOR3T+WXy/Z/RTiDwvFXK8mrWUHT0LpNwsgz6kSTw4v","privKey":"mAX4sbxVsTi2f019u8CMqJ2npkx8nBisMHmMntPgSW0="},"lastRemoteEphemeralKey":"BXS5ZXgfvuUKzHFmVLyooLeoQjrIyXynsHsgL9NoJ5AN","previousCounter":1,"rootKey":"D50HjzpRVWgI0Sx5LCsXduRpOmUZhz1XBno5ERvr4zM="},"indexInfo":{"baseKey":"BargemOMcQRRNqUS6fjxZgGfQ+EaxmgJHbPpvEol2kwz","baseKeyType":1,"closed":-1,"used":1763719351083,"created":1763718474586,"remoteIdentityKey":"BdO/s1pgxvKn/bCQp8NrqqO1nzcDzho+lKyO6c+npqhI"},"_chains":{"BXS5ZXgfvuUKzHFmVLyooLeoQjrIyXynsHsgL9NoJ5AN":{"chainKey":{"counter":0,"key":"JFKpJCD8cLFMD4T0lvQQDQX9S5PBLFTXWm4bcQiibF8="},"chainType":2,"messageKeys":{}},"BcOR3T+WXy/Z/RTiDwvFXK8mrWUHT0LpNwsgz6kSTw4v":{"chainKey":{"counter":143,"key":"GIYXgNPUwqemJumn7VWZ5V2aGRspFVnaqOCx3UJIr90="},"chainType":1,"messageKeys":{}}}}},"version":"v1"}