{"_sessions":{"BRWw4L+Ljeb8lWkgj7b8UruHn5uQ80gyVOLTLyNKQh92":{"registrationId":1967177761,"currentRatchet":{"ephemeralKeyPair":{"pubKey":"BZPVU3qWxS9JoQXX2hcJRcX7YMMF3uJnlockrMT+9BA/","privKey":"QClzsQwB0Z2IjeRPRo0JbdkoQ7pwRGF3qbJJhk9BKUE="},"lastRemoteEphemeralKey":"BVpSXEf/z0eElC8nKSDZwbd3rTi76OPGNKuMD9RB1rRM","previousCounter":0,"rootKey":"YRe9Yuexa14AuP4C3k3Cm6wAqT89B2kiWwtbklQHn8w="},"indexInfo":{"baseKey":"BRWw4L+Ljeb8lWkgj7b8UruHn5uQ80gyVOLTLyNKQh92","baseKeyType":1,"closed":1763718472335,"used":1763718471664,"created":1763718471664,"remoteIdentityKey":"BdiV5wEGpmHNsMufNrN1AkHAuHf4a2lSA+gMmlQp3+pj"},"_chains":{"BZPVU3qWxS9JoQXX2hcJRcX7YMMF3uJnlockrMT+9BA/":{"chainKey":{"counter":-1,"key":"V7hQn+NyOANEUy0Op0KW6OkxjLdcuxkozpG9E45Be1w="},"chainType":1,"messageKeys":{}}},"pendingPreKey":{"signedKeyId":5058645,"baseKey":"BRWw4L+Ljeb8lWkgj7b8UruHn5uQ80gyVOLTLyNKQh92","preKeyId":9744652}},"Ba292sKeEz4nl2+diDf3YEXoO3SdOsOxQYkmzKj1vm8N":{"registrationId":1967177761,"currentRatchet":{"ephemeralKeyPair":{"pubKey":"Bb/qKBV5NZZDuyYzhNe794JmAYmK3GaX1lm/PLTpK6lD","privKey":"oNN9kN9l0Kee6IC2wokXxQRS2FJToJhVZg0GkZgiqVI="},"lastRemoteEphemeralKey":"BVpSXEf/z0eElC8nKSDZwbd3rTi76OPGNKuMD9RB1rRM","previousCounter":0,"rootKey":"/DZXrPTmIpH9IQDIJtcSHTQ1gTcdyz9K5gZsUprLYYY="},"indexInfo":{"baseKey":"Ba292sKeEz4nl2+diDf3YEXoO3SdOsOxQYkmzKj1vm8N","baseKeyType":1,"closed":-1,"used":1763718472333,"created":1763718472333,"remoteIdentityKey":"BdiV5wEGpmHNsMufNrN1AkHAuHf4a2lSA+gMmlQp3+pj"},"_chains":{"Bb/qKBV5NZZDuyYzhNe794JmAYmK3GaX1lm/PLTpK6lD":{"chainKey":{"counter":145,"key":"mFM9YhDNIuU3o9jpIXwfyYgM7DTbFE6j8JbZwtsi1B0="},"chainType":1,"messageKeys":{}}},"pendingPreKey":{"signedKeyId":5058645,"baseKey":"Ba292sKeEz4nl2+diDf3YEXoO3SdOsOxQYkmzKj1vm8N","preKeyId":9744606}}},"version":"v1"}