{"_sessions":{"BdnOwi//0QN6XuZyK0eyECYCKIG0slQu77YfMMfOTWou":{"registrationId":748421688,"currentRatchet":{"ephemeralKeyPair":{"pubKey":"BXgSCKDcY9nXhglNSfY36hBULKQh+68OJRpwdvFTRscI","privKey":"EH21bFFN3Qmel92rweqzzflAhoHMfR5NmVOAeYhwZ1I="},"lastRemoteEphemeralKey":"BdDxEFcGfUKGKL6p8oa+XG6btIzvh/VAFQjcTQajgb9l","previousCounter":0,"rootKey":"dxHyUE9XsVQOXmxTjEMa3Wh8fjowCK6Pd0Fr/4BnmGM="},"indexInfo":{"baseKey":"BdnOwi//0QN6XuZyK0eyECYCKIG0slQu77YfMMfOTWou","baseKeyType":1,"closed":1763718473404,"used":1763718472217,"created":1763718472217,"remoteIdentityKey":"BZDtw2ONjt/5lV0pSwp8R5lEn8QymTO1WwC2KfTDh9w5"},"_chains":{"BXgSCKDcY9nXhglNSfY36hBULKQh+68OJRpwdvFTRscI":{"chainKey":{"counter":-1,"key":"83R21UUl6vlPwdwP46oarR3dozlMYjJAgD685qgCHiM="},"chainType":1,"messageKeys":{}}},"pendingPreKey":{"signedKeyId":35,"baseKey":"BdnOwi//0QN6XuZyK0eyECYCKIG0slQu77YfMMfOTWou","preKeyId":1599211}},"BRKjZKr60u6QUz6Xt+5gugJiGH1wTO3VD72lEU1yTnB1":{"registrationId":748421688,"currentRatchet":{"ephemeralKeyPair":{"pubKey":"BbkEvn/om7zJlv0l9tBTqMP6X/qcwef+kEjXHJkE+C8L","privKey":"4AWB0A2UtYDkN+pubmfzw+NaNNCrWyGz+nV2PPbStGE="},"lastRemoteEphemeralKey":"BdDxEFcGfUKGKL6p8oa+XG6btIzvh/VAFQjcTQajgb9l","previousCounter":0,"rootKey":"p0R+uR15dJS/J3ChduDCNYw0c5/CEfNxAryXkQ9hv8U="},"indexInfo":{"baseKey":"BRKjZKr60u6QUz6Xt+5gugJiGH1wTO3VD72lEU1yTnB1","baseKeyType":1,"closed":-1,"used":1763718473401,"created":1763718473401,"remoteIdentityKey":"BZDtw2ONjt/5lV0pSwp8R5lEn8QymTO1WwC2KfTDh9w5"},"_chains":{"BbkEvn/om7zJlv0l9tBTqMP6X/qcwef+kEjXHJkE+C8L":{"chainKey":{"counter":145,"key":"qsrNxLlIu9itAryiChTWd6MKo44+9zjWkwSuN1AqFgg="},"chainType":1,"messageKeys":{}}},"pendingPreKey":{"signedKeyId":35,"baseKey":"BRKjZKr60u6QUz6Xt+5gugJiGH1wTO3VD72lEU1yTnB1","preKeyId":1598680}}},"version":"v1"}