{"_sessions":{"BbHKPOn5IWoQTCs4WIEyrGcFw4bGvMbEav9E7RAZOMEQ":{"registrationId":1821642895,"currentRatchet":{"ephemeralKeyPair":{"pubKey":"BUrkrW6RjEluxxMWTh+xmOuWHPnepYltAH3HvKqlzMpb","privKey":"mJrcpZ2ywYBjyRXr1IWeeV6JBbr2ztZvWgHG9IPynFg="},"lastRemoteEphemeralKey":"Bd5p1KOAMof4y9GTu0NVFy5bGnaYtv9SLDnGHRjXXZZv","previousCounter":0,"rootKey":"yINhxVJxAkWZ+ztnGMN0n2wiEH6rB8A5X6MqzQWVju0="},"indexInfo":{"baseKey":"BbHKPOn5IWoQTCs4WIEyrGcFw4bGvMbEav9E7RAZOMEQ","baseKeyType":1,"closed":-1,"used":1763716076202,"created":1763716076202,"remoteIdentityKey":"BXTTnFQtKedt+MEGN5xwbpunTa6Rq4iqUd6/r7kBCrUf"},"_chains":{"BUrkrW6RjEluxxMWTh+xmOuWHPnepYltAH3HvKqlzMpb":{"chainKey":{"counter":220,"key":"hilAvI67T4lnERcGW9RcS7yPD9e4rIrqNRmVvX8Of+0="},"chainType":1,"messageKeys":{}}},"pendingPreKey":{"signedKeyId":7370345,"baseKey":"BbHKPOn5IWoQTCs4WIEyrGcFw4bGvMbEav9E7RAZOMEQ","preKeyId":4122339}}},"version":"v1"}