{"_sessions":{"BTVHPdvZo62bUfrpOa/7YuNYbiyuVIUo6LbridUgG+57":{"registrationId":904651737,"currentRatchet":{"ephemeralKeyPair":{"pubKey":"Ba+vpZMowF8JL+GFn/L4N6NIq7xBxpzGYmUamw7pmzJ4","privKey":"uOjyN8izY/HlGZ+yEfNaXC7jLfESx6OloujheKHcz3I="},"lastRemoteEphemeralKey":"BQBDFl0ylcU8tUZbuFNK4qrEkBpiuk1RblQ9BbuRv9xU","previousCounter":0,"rootKey":"Nwn+Rn6muvuUNsYu6mo3MXC9hptAs1uMjV9m6EaTHYA="},"indexInfo":{"baseKey":"BTVHPdvZo62bUfrpOa/7YuNYbiyuVIUo6LbridUgG+57","baseKeyType":1,"closed":1763718481798,"used":1763718481039,"created":1763718481039,"remoteIdentityKey":"Bap2FDz6OIkAOP7l5WWbzcGx8FQJNQrXeAQdL81VDSZv"},"_chains":{"Ba+vpZMowF8JL+GFn/L4N6NIq7xBxpzGYmUamw7pmzJ4":{"chainKey":{"counter":-1,"key":"eC1NjSVu32/NPyvCyzBnQ9PB4QGzpIayChtmJw5cYtA="},"chainType":1,"messageKeys":{}}},"pendingPreKey":{"signedKeyId":8,"baseKey":"BTVHPdvZo62bUfrpOa/7YuNYbiyuVIUo6LbridUgG+57","preKeyId":8064438}},"BTLfjta779SJ/HUCSomDtKXJvs3MuGKijrfth2npGAET":{"registrationId":904651737,"currentRatchet":{"ephemeralKeyPair":{"pubKey":"BRcqFC/IkyvJcGVLIeiDAr+iX7USWUYxfiZEFLfOl8gH","privKey":"+JSJTfxVzBu8z5CMj9sjMrfpMCIWt9SUmUO1ajP/3mM="},"lastRemoteEphemeralKey":"BQBDFl0ylcU8tUZbuFNK4qrEkBpiuk1RblQ9BbuRv9xU","previousCounter":0,"rootKey":"wUErI8UZNiGPo7OHQ43O++HEtJ1XAPBJxjDN+FSHeqQ="},"indexInfo":{"baseKey":"BTLfjta779SJ/HUCSomDtKXJvs3MuGKijrfth2npGAET","baseKeyType":1,"closed":-1,"used":1763718481795,"created":1763718481795,"remoteIdentityKey":"Bap2FDz6OIkAOP7l5WWbzcGx8FQJNQrXeAQdL81VDSZv"},"_chains":{"BRcqFC/IkyvJcGVLIeiDAr+iX7USWUYxfiZEFLfOl8gH":{"chainKey":{"counter":145,"key":"cofydYA21W606LzHUMejfkwHUbyqvWPYl5Yv3o6D+Nc="},"chainType":1,"messageKeys":{}}},"pendingPreKey":{"signedKeyId":8,"baseKey":"BTLfjta779SJ/HUCSomDtKXJvs3MuGKijrfth2npGAET","preKeyId":8064909}}},"version":"v1"}