{"_sessions":{"BfU4pt9hV/wIwo0+8AJzOGHDbeRUdbxIiVghd27wqNRN":{"registrationId":1168828602,"currentRatchet":{"ephemeralKeyPair":{"pubKey":"BfHeuRfVCdx7PHafr3UJ8ksURA1CpcD61DcEUkRmWdZF","privKey":"ULfvKPaYS+BtIbeFgdpwITwgGsfQJhY98ye6ZKQVLH4="},"lastRemoteEphemeralKey":"Bav9Mhobzt4Xz0khQFV1XGtLSIjGlpM1LjQHbs+HSIE5","previousCounter":0,"rootKey":"1TESKVyOioa3lQ0qZVpyxhn+Dg63G2RbLSJSILjhFls="},"indexInfo":{"baseKey":"BfU4pt9hV/wIwo0+8AJzOGHDbeRUdbxIiVghd27wqNRN","baseKeyType":1,"closed":1763718470565,"used":1763718469694,"created":1763718469694,"remoteIdentityKey":"BQbhOyFT3PkjcuXsouya5PgWOg8GItLddCX9m7yNfDwo"},"_chains":{"BfHeuRfVCdx7PHafr3UJ8ksURA1CpcD61DcEUkRmWdZF":{"chainKey":{"counter":-1,"key":"asnpF+NXYKpUjinG6w90IWk0hanj0yJwCIO89dJoUhI="},"chainType":1,"messageKeys":{}}},"pendingPreKey":{"signedKeyId":3,"baseKey":"BfU4pt9hV/wIwo0+8AJzOGHDbeRUdbxIiVghd27wqNRN","preKeyId":3095792}},"BeVFSFa85ISHGIZfyXzE045r9MWhP2RMxbZtMUmbtC0O":{"registrationId":1168828602,"currentRatchet":{"ephemeralKeyPair":{"pubKey":"BYU4WIcmhbseiLxG+DigFt3AzPSilwjL45b1DUoY9W9J","privKey":"yNh2ZHWt96Fj3zQpX8WIM8YljXlBo/cztDxA3FtqW3Q="},"lastRemoteEphemeralKey":"Bav9Mhobzt4Xz0khQFV1XGtLSIjGlpM1LjQHbs+HSIE5","previousCounter":0,"rootKey":"1tMg5YcPrQiFVTmtcP0po30TFtrra6Fi09uEq9IOtao="},"indexInfo":{"baseKey":"BeVFSFa85ISHGIZfyXzE045r9MWhP2RMxbZtMUmbtC0O","baseKeyType":1,"closed":-1,"used":1763718470562,"created":1763718470562,"remoteIdentityKey":"BQbhOyFT3PkjcuXsouya5PgWOg8GItLddCX9m7yNfDwo"},"_chains":{"BYU4WIcmhbseiLxG+DigFt3AzPSilwjL45b1DUoY9W9J":{"chainKey":{"counter":145,"key":"WLj7slz+s5BApNPq4hgadfCTP2GqM4E5DlmWJDMr7IM="},"chainType":1,"messageKeys":{}}},"pendingPreKey":{"signedKeyId":3,"baseKey":"BeVFSFa85ISHGIZfyXzE045r9MWhP2RMxbZtMUmbtC0O","preKeyId":3095695}}},"version":"v1"}