{"_sessions":{"BYZqbEAkLhP7Ltlan/0EUE2r5ZiYHygEvhGO0jKGEQVt":{"registrationId":993371051,"currentRatchet":{"ephemeralKeyPair":{"pubKey":"BYfKADJjEISkhYjFBVkRUD+l01FqVhdC8nLZH+n0sXAz","privKey":"iKq3aM7E4J2YlNrWMhC7Pf590DnWo3rFVnKZqeBqHkI="},"lastRemoteEphemeralKey":"BdoV4Oo1yz4nzFevnfUU3X+vpTmIDPtahACjdzXk3qlA","previousCounter":0,"rootKey":"l13igr+/s3fztOJ70/ZM0cG3u5SHmt7N2npPFeUxcXI="},"indexInfo":{"baseKey":"BYZqbEAkLhP7Ltlan/0EUE2r5ZiYHygEvhGO0jKGEQVt","baseKeyType":1,"closed":1763718473013,"used":1763718472005,"created":1763718472005,"remoteIdentityKey":"BavqBJY4AcG6F+fFZgUacC8s9Hl0KmRwfJO6mKaBY9VD"},"_chains":{"BYfKADJjEISkhYjFBVkRUD+l01FqVhdC8nLZH+n0sXAz":{"chainKey":{"counter":-1,"key":"HzE9ovRx/42xjglIiPYaqCXypCtKDa0EF2C0Hzz/zUQ="},"chainType":1,"messageKeys":{}}},"pendingPreKey":{"signedKeyId":8,"baseKey":"BYZqbEAkLhP7Ltlan/0EUE2r5ZiYHygEvhGO0jKGEQVt","preKeyId":1990363}},"Bb73Q6F/1R9CFlyd3wdiTXwHYo8GokMHYwPcS03s0oIC":{"registrationId":993371051,"currentRatchet":{"ephemeralKeyPair":{"pubKey":"BZAj7ohVJveIJP1BtZLcYVS3erVqGi6JMkwDFM9S58s0","privKey":"CIT91FAWILYkxCUqf7saDX8FSQzrsrcf/YqYiF1sr38="},"lastRemoteEphemeralKey":"BdoV4Oo1yz4nzFevnfUU3X+vpTmIDPtahACjdzXk3qlA","previousCounter":0,"rootKey":"4rHLjVrfn813XVfJ7PPt3YPZW5AjnABkG74j6EAl/aY="},"indexInfo":{"baseKey":"Bb73Q6F/1R9CFlyd3wdiTXwHYo8GokMHYwPcS03s0oIC","baseKeyType":1,"closed":-1,"used":1763718473010,"created":1763718473010,"remoteIdentityKey":"BavqBJY4AcG6F+fFZgUacC8s9Hl0KmRwfJO6mKaBY9VD"},"_chains":{"BZAj7ohVJveIJP1BtZLcYVS3erVqGi6JMkwDFM9S58s0":{"chainKey":{"counter":145,"key":"wzJIdoXYNDElYykd8wcUNVZSPaLmgaOveOSr059j0lQ="},"chainType":1,"messageKeys":{}}},"pendingPreKey":{"signedKeyId":8,"baseKey":"Bb73Q6F/1R9CFlyd3wdiTXwHYo8GokMHYwPcS03s0oIC","preKeyId":1991059}}},"version":"v1"}