{"_sessions":{"BaCjbMz2jsusX86hn6OdHz2J6/uiD8rP410bJLNav3gb":{"registrationId":620204039,"currentRatchet":{"ephemeralKeyPair":{"pubKey":"BbKosBN16w1RR0I2oezIgEtbUVZv6KfG+/LGpuOLTJ85","privKey":"GKnSnlkX7ChvTmujszf7766aRGNGDIBUlJdl6ATeR14="},"lastRemoteEphemeralKey":"Be/qryOstUk0NYfRkO9ER2GaUB4g/GNnsVPy3dV5L1Ad","previousCounter":0,"rootKey":"IoBgoQJKGU8XkENow7PdPLuLQXT0epTjUc1wXcD/6lA="},"indexInfo":{"baseKey":"BaCjbMz2jsusX86hn6OdHz2J6/uiD8rP410bJLNav3gb","baseKeyType":1,"closed":1763718474733,"used":1763718473834,"created":1763718473834,"remoteIdentityKey":"BbmmUrYsJRpHZJCLrqTVOK/3Ip+/S6IPZTsPHOjSDBJ6"},"_chains":{"BbKosBN16w1RR0I2oezIgEtbUVZv6KfG+/LGpuOLTJ85":{"chainKey":{"counter":-1,"key":"D3OCv7xfslAao65E/I7680mZQw2ZHW4hDFVPxd1/zBo="},"chainType":1,"messageKeys":{}}},"pendingPreKey":{"signedKeyId":4396353,"baseKey":"BaCjbMz2jsusX86hn6OdHz2J6/uiD8rP410bJLNav3gb","preKeyId":164634}},"BTtVPFfQRScC6mgvp2/YRj4xL8r6JARfGDQBE/AawvdC":{"registrationId":620204039,"currentRatchet":{"ephemeralKeyPair":{"pubKey":"BdIk3SKgZkRME04OJX71QrSxAS6jL8AswZoV3H8KDiAE","privKey":"gNhaHwdXZejDB5+r4BTx5RZyXw6YaMFfcGHdhCM5vn8="},"lastRemoteEphemeralKey":"Be/qryOstUk0NYfRkO9ER2GaUB4g/GNnsVPy3dV5L1Ad","previousCounter":0,"rootKey":"lPuY/Y3qm8f8sinYJCVRNfdD0FBInGBXomuAqGQ9JOM="},"indexInfo":{"baseKey":"BTtVPFfQRScC6mgvp2/YRj4xL8r6JARfGDQBE/AawvdC","baseKeyType":1,"closed":-1,"used":1763718474730,"created":1763718474730,"remoteIdentityKey":"BbmmUrYsJRpHZJCLrqTVOK/3Ip+/S6IPZTsPHOjSDBJ6"},"_chains":{"BdIk3SKgZkRME04OJX71QrSxAS6jL8AswZoV3H8KDiAE":{"chainKey":{"counter":145,"key":"6UAgRslGIIOihfGaoAljlf7rUBNgsQlLhxANGRgTdS4="},"chainType":1,"messageKeys":{}}},"pendingPreKey":{"signedKeyId":4396353,"baseKey":"BTtVPFfQRScC6mgvp2/YRj4xL8r6JARfGDQBE/AawvdC","preKeyId":164950}}},"version":"v1"}