{"_sessions":{"Bbsc0w+qm0OFxfw1lVr1Ly46/ip5OnNitIBfFjjbOKAk":{"registrationId":481136537,"currentRatchet":{"ephemeralKeyPair":{"pubKey":"BTksjP3bGAl4iktoXMg++gPVjfchBnu56CKzermkQFc7","privKey":"aOy1n8Ox1GP7zliP7VmTiHC45LO7LglGwBCnphEqK3w="},"lastRemoteEphemeralKey":"BVqsFns5UJW2FOpN4mMdsDSwbLGhVUBLcPqtrH8WO6wT","previousCounter":0,"rootKey":"hD6DwHwgEQc5jSI630ajl6YPbXyGIeXf/CNSa+XoKbU="},"indexInfo":{"baseKey":"Bbsc0w+qm0OFxfw1lVr1Ly46/ip5OnNitIBfFjjbOKAk","baseKeyType":1,"closed":1763718474977,"used":1763718474011,"created":1763718474011,"remoteIdentityKey":"Ba+mHoz82ZWjCIilP1ijNGEPhmur3tjGrrL8EJA4xExk"},"_chains":{"BTksjP3bGAl4iktoXMg++gPVjfchBnu56CKzermkQFc7":{"chainKey":{"counter":-1,"key":"crX7Py/umurxR2OFZaiUm4fsuOsm6KwqQ+KrBCgf4g0="},"chainType":1,"messageKeys":{}}},"pendingPreKey":{"signedKeyId":13594972,"baseKey":"Bbsc0w+qm0OFxfw1lVr1Ly46/ip5OnNitIBfFjjbOKAk","preKeyId":23705}},"Bbwiw4DTqhhF3daim1leaFVhQ5Hz5wuvYqw8PoQpy5cM":{"registrationId":481136537,"currentRatchet":{"ephemeralKeyPair":{"pubKey":"Ba56322VhEZXlqPPYgLUy6XLqkolP/74oKcYjJTtUSAy","privKey":"4L5oikzL1fnKKvcoP2hIvJvnZVuZz0pKv/eRpx8DRXY="},"lastRemoteEphemeralKey":"BVqsFns5UJW2FOpN4mMdsDSwbLGhVUBLcPqtrH8WO6wT","previousCounter":0,"rootKey":"tuNn1rgEdbrQvRxkf5QeM68E9Le72zVeR4Y+/7CKc1c="},"indexInfo":{"baseKey":"Bbwiw4DTqhhF3daim1leaFVhQ5Hz5wuvYqw8PoQpy5cM","baseKeyType":1,"closed":-1,"used":1763718474973,"created":1763718474973,"remoteIdentityKey":"Ba+mHoz82ZWjCIilP1ijNGEPhmur3tjGrrL8EJA4xExk"},"_chains":{"Ba56322VhEZXlqPPYgLUy6XLqkolP/74oKcYjJTtUSAy":{"chainKey":{"counter":145,"key":"eIBTlAfB/x3/fAgF8xW76uawAt5XXhlWdgtxARK2BHs="},"chainType":1,"messageKeys":{}}},"pendingPreKey":{"signedKeyId":13594972,"baseKey":"Bbwiw4DTqhhF3daim1leaFVhQ5Hz5wuvYqw8PoQpy5cM","preKeyId":24197}}},"version":"v1"}