{"_sessions":{"BXOkwcvuuixlywE+MPMOxMIVIdr9srHWR3KwOyvLMXtF":{"registrationId":1321046218,"currentRatchet":{"ephemeralKeyPair":{"pubKey":"BU10uFY4/zMJnlDhm1IOGA1npJE9d9BedVpldElbbZc2","privKey":"2EJvjajhJikjzjY7UzKpDkD+A8GiCPQtup4BpVPvXkg="},"lastRemoteEphemeralKey":"BT9b/g0jX5eL8J7bHj0Jz4GFXMKagtyjEAZsXdvHFyIR","previousCounter":0,"rootKey":"XldEI6uwzk6YBREreL/wkk3N2a2JYszylKEjxPRIjjE="},"indexInfo":{"baseKey":"BXOkwcvuuixlywE+MPMOxMIVIdr9srHWR3KwOyvLMXtF","baseKeyType":1,"closed":1763718472680,"used":1763718471798,"created":1763718471798,"remoteIdentityKey":"BT5X5a0YEnJMuYQcCptSuV1wQtP6ypDjrqFUH9Q3KbxJ"},"_chains":{"BU10uFY4/zMJnlDhm1IOGA1npJE9d9BedVpldElbbZc2":{"chainKey":{"counter":-1,"key":"Hlbu4Fmiw484H0Rs6O57kZ3yAwB9xIwzjs3oeLPlK5w="},"chainType":1,"messageKeys":{}}},"pendingPreKey":{"signedKeyId":9,"baseKey":"BXOkwcvuuixlywE+MPMOxMIVIdr9srHWR3KwOyvLMXtF","preKeyId":8619899}},"Be79ZBVpFFC2Rx9cXrV/YpHOrmbbffDavFKphEsdzMpm":{"registrationId":1321046218,"currentRatchet":{"ephemeralKeyPair":{"pubKey":"BVuVfIwNbhXb6XG72h+If2Qrd+eZ23q6xvUY0E6o07cz","privKey":"UGIsJRavhPhgOaeRmcmSp6J5xK3N7bt4NTB857Dd+Xo="},"lastRemoteEphemeralKey":"BT9b/g0jX5eL8J7bHj0Jz4GFXMKagtyjEAZsXdvHFyIR","previousCounter":0,"rootKey":"IAAVI4WFoiwipBYl+g4n3/yKwL8+DHyBG8t6sSIyP5U="},"indexInfo":{"baseKey":"Be79ZBVpFFC2Rx9cXrV/YpHOrmbbffDavFKphEsdzMpm","baseKeyType":1,"closed":-1,"used":1763718472677,"created":1763718472677,"remoteIdentityKey":"BT5X5a0YEnJMuYQcCptSuV1wQtP6ypDjrqFUH9Q3KbxJ"},"_chains":{"BVuVfIwNbhXb6XG72h+If2Qrd+eZ23q6xvUY0E6o07cz":{"chainKey":{"counter":145,"key":"iNn3jB2neS+y3qKF2PJfYV4q96OeId2T/v3w916BpHo="},"chainType":1,"messageKeys":{}}},"pendingPreKey":{"signedKeyId":9,"baseKey":"Be79ZBVpFFC2Rx9cXrV/YpHOrmbbffDavFKphEsdzMpm","preKeyId":8619896}}},"version":"v1"}