{"_sessions":{"BbGk1izmbPrSaa5fvz/BhGOzRdjrPzoapj5Hvfr6Ffk/":{"registrationId":1007044713,"currentRatchet":{"ephemeralKeyPair":{"pubKey":"BVCGZ5ZlFQrX1/6iAjJQz9eElLquOD4lU7VkSfksAO9+","privKey":"cGsxpfk7RLoUWR3nFuxVQXYpTb6aSrLIMOPYVdIA8E0="},"lastRemoteEphemeralKey":"BZThKr6aCDAc5VIBfyBujO48Y6L1PVLtOee1WIKB1S4z","previousCounter":0,"rootKey":"gPQsxHZVdCQAOJfP+68h0lwCBYYoG2YJMlampaVK1yQ="},"indexInfo":{"baseKey":"BbGk1izmbPrSaa5fvz/BhGOzRdjrPzoapj5Hvfr6Ffk/","baseKeyType":1,"closed":1763718472869,"used":1763718471923,"created":1763718471923,"remoteIdentityKey":"Bdg+KhTzQkhvZMd282U9BSfK+NROfYINApXUhsRguutk"},"_chains":{"BVCGZ5ZlFQrX1/6iAjJQz9eElLquOD4lU7VkSfksAO9+":{"chainKey":{"counter":-1,"key":"qCF64cwvnkWxQcNdVq0hZV0PJjw6E6PyZnmk7jKMjMQ="},"chainType":1,"messageKeys":{}}},"pendingPreKey":{"signedKeyId":14,"baseKey":"BbGk1izmbPrSaa5fvz/BhGOzRdjrPzoapj5Hvfr6Ffk/","preKeyId":14935136}},"BQAcIK2BSJakH6j7YC5B+sPxHio6bRqkrFgLIsiw8oYA":{"registrationId":1007044713,"currentRatchet":{"ephemeralKeyPair":{"pubKey":"BSXpOU0ixIZA60gAmC9ebVhQ2gT1UcmTW0MMthS7UGAv","privKey":"2CqERj4HFI628Qlmjpi3QzSP0S3M1OQUoB/6tuNMtFA="},"lastRemoteEphemeralKey":"BZThKr6aCDAc5VIBfyBujO48Y6L1PVLtOee1WIKB1S4z","previousCounter":0,"rootKey":"fWStqDBQ+Y3F/azj7U6M4xUj9iX4k4E1i1qzN9Z15TA="},"indexInfo":{"baseKey":"BQAcIK2BSJakH6j7YC5B+sPxHio6bRqkrFgLIsiw8oYA","baseKeyType":1,"closed":-1,"used":1763718472866,"created":1763718472866,"remoteIdentityKey":"Bdg+KhTzQkhvZMd282U9BSfK+NROfYINApXUhsRguutk"},"_chains":{"BSXpOU0ixIZA60gAmC9ebVhQ2gT1UcmTW0MMthS7UGAv":{"chainKey":{"counter":145,"key":"Qy4b+ENmX1Uii+CDx7BHlp570Xd5dcVxEGW8tIbX1Lk="},"chainType":1,"messageKeys":{}}},"pendingPreKey":{"signedKeyId":14,"baseKey":"BQAcIK2BSJakH6j7YC5B+sPxHio6bRqkrFgLIsiw8oYA","preKeyId":14935119}}},"version":"v1"}