{"_sessions":{"BfxQ6n9M4/BTrjpJAR7LTHsXoxRgCyRLcR6qyBiknuF1":{"registrationId":1519312323,"currentRatchet":{"ephemeralKeyPair":{"pubKey":"BVmuG8uo1whxRDnkyrXOJ1u3ie1+iA+fpJzcCI1WGAIp","privKey":"AGC0iwbS+nJo8CYzyfxGGONQ0VesA9sii4NPpgIU7HA="},"lastRemoteEphemeralKey":"BXmXZS0+5A6zwY+UqUleNVh4hQXwICH/lGibuQ/EF91+","previousCounter":0,"rootKey":"HIl4IJp6EzVhsE6sgObWyg8dQQnrzTezPuofQIA569Y="},"indexInfo":{"baseKey":"BfxQ6n9M4/BTrjpJAR7LTHsXoxRgCyRLcR6qyBiknuF1","baseKeyType":1,"closed":1763718470664,"used":1763718469754,"created":1763718469754,"remoteIdentityKey":"BQmlw/I8kFqrR2ALbPaflqwvYaSR+3NlxVkDIuLO7vt2"},"_chains":{"BVmuG8uo1whxRDnkyrXOJ1u3ie1+iA+fpJzcCI1WGAIp":{"chainKey":{"counter":-1,"key":"0yUOyV6GXDBT8KTr893j7FCWhyvsfSi3te5IJ7HDurA="},"chainType":1,"messageKeys":{}}},"pendingPreKey":{"signedKeyId":28,"baseKey":"BfxQ6n9M4/BTrjpJAR7LTHsXoxRgCyRLcR6qyBiknuF1","preKeyId":12607707}},"BWsp3mW8qlGpSp4BMd8hx6rnt1fnR/vZe/2zBbI5sQoi":{"registrationId":1519312323,"currentRatchet":{"ephemeralKeyPair":{"pubKey":"BbmzLygd+bgw0eBZmQi9Qqtst4jhyvtGJcKw05c8xl5m","privKey":"oH321c6uCLV/wfdZuRALdNDBUnvsShrNGrnnkAJ0p08="},"lastRemoteEphemeralKey":"BXmXZS0+5A6zwY+UqUleNVh4hQXwICH/lGibuQ/EF91+","previousCounter":0,"rootKey":"YlXPW/e1yKNDQiOZeWSA3SxFupsFWsNo7ExyBh4asZY="},"indexInfo":{"baseKey":"BWsp3mW8qlGpSp4BMd8hx6rnt1fnR/vZe/2zBbI5sQoi","baseKeyType":1,"closed":-1,"used":1763718470661,"created":1763718470661,"remoteIdentityKey":"BQmlw/I8kFqrR2ALbPaflqwvYaSR+3NlxVkDIuLO7vt2"},"_chains":{"BbmzLygd+bgw0eBZmQi9Qqtst4jhyvtGJcKw05c8xl5m":{"chainKey":{"counter":145,"key":"5OKJLZ1n0ixB7zfJtBdBDXoteevRYvCWKJyFZD5JOR8="},"chainType":1,"messageKeys":{}}},"pendingPreKey":{"signedKeyId":28,"baseKey":"BWsp3mW8qlGpSp4BMd8hx6rnt1fnR/vZe/2zBbI5sQoi","preKeyId":12607819}}},"version":"v1"}