{"_sessions":{"BbLpz//pKXHDArNHMu3sMhOhKL8WInVZqczXjFIIcokt":{"registrationId":331470583,"currentRatchet":{"ephemeralKeyPair":{"pubKey":"BRBVcDKFpYJ7Nd/J0vdT1UN0cjzKaMrmBmZzupLrVwdj","privKey":"MMgA7cUz0zzn1daQl7ASnGM45+uw6ltaruRPZG3V+GQ="},"lastRemoteEphemeralKey":"BeLzazx6Q8KYef8ad2vjkbMoUpFr5+xnY9PMbST1uiAO","previousCounter":0,"rootKey":"33d6ht2qkD55f8EzBMhdDG/eTigeGbTFxLHQf98WOGM="},"indexInfo":{"baseKey":"BbLpz//pKXHDArNHMu3sMhOhKL8WInVZqczXjFIIcokt","baseKeyType":1,"closed":1763718474395,"used":1763718473605,"created":1763718473605,"remoteIdentityKey":"BX9mrO8jCQQd2AhBAG+YpsLP3KpkGBbTRZm53eKNWnwS"},"_chains":{"BRBVcDKFpYJ7Nd/J0vdT1UN0cjzKaMrmBmZzupLrVwdj":{"chainKey":{"counter":-1,"key":"PdEQUpBIZxThA//NG5pPHSl0htWRbAUOkKTz7eeZ8hY="},"chainType":1,"messageKeys":{}}},"pendingPreKey":{"signedKeyId":9999352,"baseKey":"BbLpz//pKXHDArNHMu3sMhOhKL8WInVZqczXjFIIcokt","preKeyId":32195}},"BefJaqD4+B7bY1cBgPYJWm2Dyv8/acWgr86zbiYPjlsg":{"registrationId":331470583,"currentRatchet":{"ephemeralKeyPair":{"pubKey":"BYbp1v4UvJvBcyu2nU9EeO2EiGOBlGmE06AIaTKv3CV7","privKey":"cD0ngmI/NXi0T9nyo4ma1vPvrJ8NMkJRh1a31oC5+FA="},"lastRemoteEphemeralKey":"BeLzazx6Q8KYef8ad2vjkbMoUpFr5+xnY9PMbST1uiAO","previousCounter":0,"rootKey":"uKK9NGbnHuudffnY19Acbp+9dcyosTmE/DjX4Vidnuk="},"indexInfo":{"baseKey":"BefJaqD4+B7bY1cBgPYJWm2Dyv8/acWgr86zbiYPjlsg","baseKeyType":1,"closed":-1,"used":1763718474392,"created":1763718474392,"remoteIdentityKey":"BX9mrO8jCQQd2AhBAG+YpsLP3KpkGBbTRZm53eKNWnwS"},"_chains":{"BYbp1v4UvJvBcyu2nU9EeO2EiGOBlGmE06AIaTKv3CV7":{"chainKey":{"counter":145,"key":"C1J1WeUUz6wTDcL7G422SofyNvpLevyKeMwrs+l6KXU="},"chainType":1,"messageKeys":{}}},"pendingPreKey":{"signedKeyId":9999352,"baseKey":"BefJaqD4+B7bY1cBgPYJWm2Dyv8/acWgr86zbiYPjlsg","preKeyId":32182}}},"version":"v1"}