{"_sessions":{"BdJ2yYiFuqtOMuwz9JiVNL6GoTbjjg5bjfr41LOjmPcy":{"registrationId":226576329,"currentRatchet":{"ephemeralKeyPair":{"pubKey":"BdJMs1llH/4nYqSNIfgkAZk14eU4+y03VhmGpOye9S4T","privKey":"CEIszA6ETaoUnawtBqvg+awrLRfcKmVOGpWeN++QfkI="},"lastRemoteEphemeralKey":"BZ6YJqanIxwrh9xuTK5cGvULFnv7dPA3fpN/LCNsyFgv","previousCounter":0,"rootKey":"ehhivsYYAXl8J8db+JKQObXkIz12a8k7vNWlsbxD5P4="},"indexInfo":{"baseKey":"BdJ2yYiFuqtOMuwz9JiVNL6GoTbjjg5bjfr41LOjmPcy","baseKeyType":1,"closed":1763718481833,"used":1763718481066,"created":1763718481066,"remoteIdentityKey":"Bcl4g/arrBdyAwmAhyxQFxh6H6WpS3G/L6+AxMwxQ8Mz"},"_chains":{"BdJMs1llH/4nYqSNIfgkAZk14eU4+y03VhmGpOye9S4T":{"chainKey":{"counter":-1,"key":"ZE7eTG6W3GHeU21zWvK+HdxGW6+vDOndAgOFgjxkcek="},"chainType":1,"messageKeys":{}}},"pendingPreKey":{"signedKeyId":6,"baseKey":"BdJ2yYiFuqtOMuwz9JiVNL6GoTbjjg5bjfr41LOjmPcy","preKeyId":11219593}},"BV36tQNn+YsG3v4ul9mi0dxWz+1PASh4roxdZIsmTy17":{"registrationId":226576329,"currentRatchet":{"ephemeralKeyPair":{"pubKey":"BaaZDHcQutno/D5FQwr0MFtM7/6kamWL8MQZx3T6tw4w","privKey":"aJOij7o0MC5TpzWkcT7CLfg2DwZcydlq2JjXzeCIVkA="},"lastRemoteEphemeralKey":"BZ6YJqanIxwrh9xuTK5cGvULFnv7dPA3fpN/LCNsyFgv","previousCounter":0,"rootKey":"hRTrzD2Sf6O48h3boyHHql4kYB/UZi91RBEeebc5rJI="},"indexInfo":{"baseKey":"BV36tQNn+YsG3v4ul9mi0dxWz+1PASh4roxdZIsmTy17","baseKeyType":1,"closed":-1,"used":1763718481831,"created":1763718481831,"remoteIdentityKey":"Bcl4g/arrBdyAwmAhyxQFxh6H6WpS3G/L6+AxMwxQ8Mz"},"_chains":{"BaaZDHcQutno/D5FQwr0MFtM7/6kamWL8MQZx3T6tw4w":{"chainKey":{"counter":145,"key":"Epm91OhBgW5Fhui74OF+59dDG+bItzVD8KBPX8SKLGE="},"chainType":1,"messageKeys":{}}},"pendingPreKey":{"signedKeyId":6,"baseKey":"BV36tQNn+YsG3v4ul9mi0dxWz+1PASh4roxdZIsmTy17","preKeyId":11218801}}},"version":"v1"}