{"_sessions":{"BZpSDgI2pagv7n+Rzsix+tVdS3lIyZNHGKykGq/UcZVk":{"registrationId":962925920,"currentRatchet":{"ephemeralKeyPair":{"pubKey":"BSPS8foy0A8mCG4hPYKV++/kriIjiiN6T75zeyjsnntB","privKey":"WNpDBFm1fKi9/jqaIsb1V2SNje9HK2cu+9QGcXHEK3U="},"lastRemoteEphemeralKey":"Bb015bpO+VVmSE5UKDoh1xUxpUsG/XnkSh5tc2JP/DA8","previousCounter":0,"rootKey":"mKHReGy9qzv6InkSR8Ydhtj7a6sr9E4XX2wR8lUHAUA="},"indexInfo":{"baseKey":"BZpSDgI2pagv7n+Rzsix+tVdS3lIyZNHGKykGq/UcZVk","baseKeyType":1,"closed":1763718481594,"used":1763718480890,"created":1763718480890,"remoteIdentityKey":"Bft2e2jp1Ke2n1Im+ig38v4DXwSS2X7xll0YmJ2K+hA6"},"_chains":{"BSPS8foy0A8mCG4hPYKV++/kriIjiiN6T75zeyjsnntB":{"chainKey":{"counter":-1,"key":"vv8MqJZGGUmFqxQmK6yRzhJpxdgf+EZyqd4JzA1Obgs="},"chainType":1,"messageKeys":{}}},"pendingPreKey":{"signedKeyId":1,"baseKey":"BZpSDgI2pagv7n+Rzsix+tVdS3lIyZNHGKykGq/UcZVk","preKeyId":16402008}},"BcWZr4uB2kKrrpAzQobK2sbHyizbnt9MSdfEsEPYD09Y":{"registrationId":962925920,"currentRatchet":{"ephemeralKeyPair":{"pubKey":"BXO76MWOjZiogtJlFVNY9bkhHE2K6QJZZ4tvFez9sgMk","privKey":"KKPmasLy2DyHfyethxtSa3ZZuhy9Z2ezZytktueKq0U="},"lastRemoteEphemeralKey":"Bb015bpO+VVmSE5UKDoh1xUxpUsG/XnkSh5tc2JP/DA8","previousCounter":0,"rootKey":"+gvCPKjE2ryhFuHguePHgZnbRcODu4sM41nMwusqePk="},"indexInfo":{"baseKey":"BcWZr4uB2kKrrpAzQobK2sbHyizbnt9MSdfEsEPYD09Y","baseKeyType":1,"closed":-1,"used":1763718481591,"created":1763718481591,"remoteIdentityKey":"Bft2e2jp1Ke2n1Im+ig38v4DXwSS2X7xll0YmJ2K+hA6"},"_chains":{"BXO76MWOjZiogtJlFVNY9bkhHE2K6QJZZ4tvFez9sgMk":{"chainKey":{"counter":145,"key":"I08E95r2oaKzb1BegW2aFet9/jYahPwmy/1yGUDU/T0="},"chainType":1,"messageKeys":{}}},"pendingPreKey":{"signedKeyId":1,"baseKey":"BcWZr4uB2kKrrpAzQobK2sbHyizbnt9MSdfEsEPYD09Y","preKeyId":16401742}}},"version":"v1"}