{"_sessions":{"BbADO8+JgwMpeZvwwbb8wl2HXnTF9lD9IhL8FnSiM+Jt":{"registrationId":467833386,"currentRatchet":{"ephemeralKeyPair":{"pubKey":"BQZNb8TW4fS4DAKj8oU9MUfGM5qkt0yIvYmcfen5RbYv","privKey":"WOetfr4jVKsRjMFCx0l7/lHvAuPlF1vv0lXfnA8AslQ="},"lastRemoteEphemeralKey":"Bd4xnfby1aObnLMrE+bwqoE6YsT6w3ePBZToV7nDYQsf","previousCounter":0,"rootKey":"H83oLziOzpIax4VgFlJnN7lyHaZ7YGrmrWOOzCGf/+g="},"indexInfo":{"baseKey":"BbADO8+JgwMpeZvwwbb8wl2HXnTF9lD9IhL8FnSiM+Jt","baseKeyType":1,"closed":1763718476886,"used":1763718475974,"created":1763718475974,"remoteIdentityKey":"BdK9cbJgmiZFheedEhcRvt24u4UM1gKpf2cnDYOoAmM9"},"_chains":{"BQZNb8TW4fS4DAKj8oU9MUfGM5qkt0yIvYmcfen5RbYv":{"chainKey":{"counter":-1,"key":"JKgT4yP1PpPIhYfwiUB82HfFoBtAYQoDdsXOl6HAlqY="},"chainType":1,"messageKeys":{}}},"pendingPreKey":{"signedKeyId":2,"baseKey":"BbADO8+JgwMpeZvwwbb8wl2HXnTF9lD9IhL8FnSiM+Jt","preKeyId":2318416}},"BVfNzPNkra0kaqP+iRhjKTrf9Ny4FHWcw9p4xZSGlfRx":{"registrationId":467833386,"currentRatchet":{"ephemeralKeyPair":{"pubKey":"Ba8MEfUU4x/GRWR/awjwCAg0wpTkfxHpeVx3bpDCkXlI","privKey":"yNvRAgSNfRSxkVNjOd/xIP9l9WPNpZph67aljzQTMkw="},"lastRemoteEphemeralKey":"Bd4xnfby1aObnLMrE+bwqoE6YsT6w3ePBZToV7nDYQsf","previousCounter":0,"rootKey":"FttB9HQJ6YcDS+RhjC4gOgPvHs3aTe6hjxOdiZrKFMQ="},"indexInfo":{"baseKey":"BVfNzPNkra0kaqP+iRhjKTrf9Ny4FHWcw9p4xZSGlfRx","baseKeyType":1,"closed":-1,"used":1763718476883,"created":1763718476883,"remoteIdentityKey":"BdK9cbJgmiZFheedEhcRvt24u4UM1gKpf2cnDYOoAmM9"},"_chains":{"Ba8MEfUU4x/GRWR/awjwCAg0wpTkfxHpeVx3bpDCkXlI":{"chainKey":{"counter":145,"key":"rxldcTnAEBhxbWIIygKmvG5U98/S1V6HrvW+o6aa/D4="},"chainType":1,"messageKeys":{}}},"pendingPreKey":{"signedKeyId":2,"baseKey":"BVfNzPNkra0kaqP+iRhjKTrf9Ny4FHWcw9p4xZSGlfRx","preKeyId":2318336}}},"version":"v1"}