{"_sessions":{"Be2yD4/ELPIUSmquM4YzEzuFhheoqTUgmL94iGEPPbUE":{"registrationId":349596840,"currentRatchet":{"ephemeralKeyPair":{"pubKey":"BWCTgUc/f+JQneEvhksY6llK6PaCRUmaxXQ+2VjIHhdP","privKey":"2JpBntCUB+va3CZwPq++1YsKGoJ82gklfwJuCXcrQ1I="},"lastRemoteEphemeralKey":"BQ62aBQRMbJstd/lkHIXCbhCR7rVebkkyQJ1QE2K7FJK","previousCounter":0,"rootKey":"Yf22ZNqF2ZhhCliiNbU6Xe56CXq7Lb85fPJxbvj8Rmo="},"indexInfo":{"baseKey":"Be2yD4/ELPIUSmquM4YzEzuFhheoqTUgmL94iGEPPbUE","baseKeyType":1,"closed":1763718473316,"used":1763718472171,"created":1763718472171,"remoteIdentityKey":"BZbknuYUzJdrGWwj8oZwZ8oOB/sap5ZtWwmZoJ/Ax9cC"},"_chains":{"BWCTgUc/f+JQneEvhksY6llK6PaCRUmaxXQ+2VjIHhdP":{"chainKey":{"counter":-1,"key":"OfNN+Nn0vIDJOkSktxUMaJ2yANdVBm1upyeeZtkpgqA="},"chainType":1,"messageKeys":{}}},"pendingPreKey":{"signedKeyId":2097537,"baseKey":"Be2yD4/ELPIUSmquM4YzEzuFhheoqTUgmL94iGEPPbUE","preKeyId":9620942}},"BXsjpZMqRhq28G5GlgdPHZeJBfH5VeINRLVGUXdnqQpL":{"registrationId":349596840,"currentRatchet":{"ephemeralKeyPair":{"pubKey":"BTWzCru+zJNLGLCnWZSq86iDGQ1RdLwX7wG5IMdgiItf","privKey":"uFBGHBDS7vUeiM4eTzA+FKBfQNSLqdmOcFFaQvZN21Y="},"lastRemoteEphemeralKey":"BQ62aBQRMbJstd/lkHIXCbhCR7rVebkkyQJ1QE2K7FJK","previousCounter":0,"rootKey":"HHiws+CaSSfxelJAlFzYIcQY+bRWUF+xCbfPBTHL3rY="},"indexInfo":{"baseKey":"BXsjpZMqRhq28G5GlgdPHZeJBfH5VeINRLVGUXdnqQpL","baseKeyType":1,"closed":-1,"used":1763718473313,"created":1763718473313,"remoteIdentityKey":"BZbknuYUzJdrGWwj8oZwZ8oOB/sap5ZtWwmZoJ/Ax9cC"},"_chains":{"BTWzCru+zJNLGLCnWZSq86iDGQ1RdLwX7wG5IMdgiItf":{"chainKey":{"counter":145,"key":"1QRCJa09AjnLgGDWbycxg8XMSEM+BbY3hlRhiYLXhoU="},"chainType":1,"messageKeys":{}}},"pendingPreKey":{"signedKeyId":2097537,"baseKey":"BXsjpZMqRhq28G5GlgdPHZeJBfH5VeINRLVGUXdnqQpL","preKeyId":9621585}}},"version":"v1"}