{"_sessions":{"BeUJgy+V+RUT5Rg7OY9Q6/o1PkiFVn8MN3nV2F5Q+ik9":{"registrationId":540450757,"currentRatchet":{"ephemeralKeyPair":{"pubKey":"BWhhqd6/CkRHK8Hn5YlpA+pnld1dkltdqPk6kDnmMgFm","privKey":"ODMwBBGlFZyH/JcnJhL3d7bAas5SSBuz9VsnJqFpNHM="},"lastRemoteEphemeralKey":"BQPr3CHrY8Hu9m2SdnzmW+ulQveznSG41JVKv0hHWnEw","previousCounter":0,"rootKey":"zIGAImoxYaU++EAZ9Ms0GAwuQUr6lSG/P2Gj9Nk11Rs="},"indexInfo":{"baseKey":"BeUJgy+V+RUT5Rg7OY9Q6/o1PkiFVn8MN3nV2F5Q+ik9","baseKeyType":1,"closed":1763718472965,"used":1763718471975,"created":1763718471975,"remoteIdentityKey":"BfayUNw0AmuYRSxPLI45NOftLv4OGl855ajiPTeyOUhS"},"_chains":{"BWhhqd6/CkRHK8Hn5YlpA+pnld1dkltdqPk6kDnmMgFm":{"chainKey":{"counter":-1,"key":"uzZmgUJEBa99efqxS6nNHOd7MnCon2ugv4O4iEoxGEo="},"chainType":1,"messageKeys":{}}},"pendingPreKey":{"signedKeyId":9652807,"baseKey":"BeUJgy+V+RUT5Rg7OY9Q6/o1PkiFVn8MN3nV2F5Q+ik9","preKeyId":8835193}},"BZi8saDPtj4yb7ASV+mJu5nUgunoXVGcm6/Qs4iUvg57":{"registrationId":540450757,"currentRatchet":{"ephemeralKeyPair":{"pubKey":"BY+yUmEUM8TlGkbnf3MGWp2Gh71oatCC/FSwbxYOiP0y","privKey":"KELZXdqdDxq9gj5OvQ0xbO/RLPCely0b7FrHesBNg1w="},"lastRemoteEphemeralKey":"BQPr3CHrY8Hu9m2SdnzmW+ulQveznSG41JVKv0hHWnEw","previousCounter":0,"rootKey":"YFwUbsCpol7HhRej0YUirLACZfvl3xDUbxOpLzao6Wo="},"indexInfo":{"baseKey":"BZi8saDPtj4yb7ASV+mJu5nUgunoXVGcm6/Qs4iUvg57","baseKeyType":1,"closed":-1,"used":1763718472963,"created":1763718472963,"remoteIdentityKey":"BfayUNw0AmuYRSxPLI45NOftLv4OGl855ajiPTeyOUhS"},"_chains":{"BY+yUmEUM8TlGkbnf3MGWp2Gh71oatCC/FSwbxYOiP0y":{"chainKey":{"counter":145,"key":"jnScrM5FYrmnv3dfnETBcILNx+xxncyGtG+dbhrXm4s="},"chainType":1,"messageKeys":{}}},"pendingPreKey":{"signedKeyId":9652807,"baseKey":"BZi8saDPtj4yb7ASV+mJu5nUgunoXVGcm6/Qs4iUvg57","preKeyId":8834657}}},"version":"v1"}