{"_sessions":{"BQxonDvnyzbT8ObQ5cVqZzmuWsKOgxQfHQYh/6d2RTod":{"registrationId":581923388,"currentRatchet":{"ephemeralKeyPair":{"pubKey":"BXxjDqpRWqOEKTwy25UeQaDZrQDklVopJqXNlTkxWK0l","privKey":"gDxIe3ipKmW63nsvtKWaSyXh9qLwiXW4dguVM+CXH2M="},"lastRemoteEphemeralKey":"BcV0hjp4SrhrQ/UnmMvWDiWO2A2L3bX/SLufUnjswfND","previousCounter":0,"rootKey":"8kn54lh7/ymEFWS52ZjiLrW3W0SsYQGydZCx/kTUMW0="},"indexInfo":{"baseKey":"BQxonDvnyzbT8ObQ5cVqZzmuWsKOgxQfHQYh/6d2RTod","baseKeyType":1,"closed":1763718478391,"used":1763718477461,"created":1763718477461,"remoteIdentityKey":"BQcJe6+QtwLdjSwhrHMraOS0uDI3+IWHHZr7k3D2ki8G"},"_chains":{"BXxjDqpRWqOEKTwy25UeQaDZrQDklVopJqXNlTkxWK0l":{"chainKey":{"counter":-1,"key":"Q06hDlC15QEvYJoiFKkYTPfEeTHBHYoEmLbcGMDWJRY="},"chainType":1,"messageKeys":{}}},"pendingPreKey":{"signedKeyId":1,"baseKey":"BQxonDvnyzbT8ObQ5cVqZzmuWsKOgxQfHQYh/6d2RTod","preKeyId":11444609}},"BdA3rD+G/+5VQtBXDo4kU1ZQjidIyAyhmvAyExHwNshw":{"registrationId":581923388,"currentRatchet":{"ephemeralKeyPair":{"pubKey":"BYXxvkkdPRO0ahqlI1VBg4bFStIyzhXWFF4DkeQXa8gt","privKey":"iJn67etHMedl5us3fHgSJK8B6H9qPh3P/I8iwco1J28="},"lastRemoteEphemeralKey":"BcV0hjp4SrhrQ/UnmMvWDiWO2A2L3bX/SLufUnjswfND","previousCounter":0,"rootKey":"fb3jIIW2FkQAgVVVwDBOJdxjex4uIvDnOB2oJhXyLkI="},"indexInfo":{"baseKey":"BdA3rD+G/+5VQtBXDo4kU1ZQjidIyAyhmvAyExHwNshw","baseKeyType":1,"closed":-1,"used":1763718478388,"created":1763718478388,"remoteIdentityKey":"BQcJe6+QtwLdjSwhrHMraOS0uDI3+IWHHZr7k3D2ki8G"},"_chains":{"BYXxvkkdPRO0ahqlI1VBg4bFStIyzhXWFF4DkeQXa8gt":{"chainKey":{"counter":145,"key":"sWBzcT1Hl0uFkaCvqeFNS/xJHn4ZVYeEsPceN84djs4="},"chainType":1,"messageKeys":{}}},"pendingPreKey":{"signedKeyId":1,"baseKey":"BdA3rD+G/+5VQtBXDo4kU1ZQjidIyAyhmvAyExHwNshw","preKeyId":11445001}}},"version":"v1"}