{"_sessions":{"BeZvGNcDFz0IrVZKqedvhQE7Th5Q2M97eC/bRPQ0evUY":{"registrationId":2017782478,"currentRatchet":{"ephemeralKeyPair":{"pubKey":"BQpTVAcy61Sb5tcA+8hMBx4p5wxiA9TFZUQPj4sQvTpN","privKey":"2CILCavJHglqZsUcurdFP5LPLpya/3DDlq4hUAbUsEs="},"lastRemoteEphemeralKey":"BYedsTjNPRAYI3oBmTt17tsy+j5BOf/fskHOcQj2l2d8","previousCounter":0,"rootKey":"FJ9mMdlCvFbXecAiwYD4WZRQNvDq52Z93bsm/y2MM5M="},"indexInfo":{"baseKey":"BeZvGNcDFz0IrVZKqedvhQE7Th5Q2M97eC/bRPQ0evUY","baseKeyType":1,"closed":1763718478453,"used":1763718477501,"created":1763718477501,"remoteIdentityKey":"BWl8nuxUFptmlrJEFmR006Czdc3+mCACkWoE7jPCalMB"},"_chains":{"BQpTVAcy61Sb5tcA+8hMBx4p5wxiA9TFZUQPj4sQvTpN":{"chainKey":{"counter":-1,"key":"oZTUpu6I4LFO0JQGhgsnR4s/oRB8GTmA7++tHiwFpn0="},"chainType":1,"messageKeys":{}}},"pendingPreKey":{"signedKeyId":3,"baseKey":"BeZvGNcDFz0IrVZKqedvhQE7Th5Q2M97eC/bRPQ0evUY","preKeyId":2761322}},"BS3l1PtCVGAKqaKwsq236vftAxfhGWT75j8WOPKBJNdV":{"registrationId":2017782478,"currentRatchet":{"ephemeralKeyPair":{"pubKey":"BdeIntgz5j0k1Lcm9yzC8B+1VzgvDtd0CUuBmk/b3sw7","privKey":"SLM6zObEZIGnsri2AN2IUAVGlncNHsKxHWqLBxGKyUA="},"lastRemoteEphemeralKey":"BYedsTjNPRAYI3oBmTt17tsy+j5BOf/fskHOcQj2l2d8","previousCounter":0,"rootKey":"BanXYACAP/oYsSthRA5ftKhBu7YEr1H4xBJcqekdX3E="},"indexInfo":{"baseKey":"BS3l1PtCVGAKqaKwsq236vftAxfhGWT75j8WOPKBJNdV","baseKeyType":1,"closed":-1,"used":1763718478450,"created":1763718478450,"remoteIdentityKey":"BWl8nuxUFptmlrJEFmR006Czdc3+mCACkWoE7jPCalMB"},"_chains":{"BdeIntgz5j0k1Lcm9yzC8B+1VzgvDtd0CUuBmk/b3sw7":{"chainKey":{"counter":145,"key":"inrIvc1t702dppHXaTyG21JdOjTM44FlLRzSwaGGMg8="},"chainType":1,"messageKeys":{}}},"pendingPreKey":{"signedKeyId":3,"baseKey":"BS3l1PtCVGAKqaKwsq236vftAxfhGWT75j8WOPKBJNdV","preKeyId":2761316}}},"version":"v1"}