{"_sessions":{"BZipU35ArNbbiY7e1DbAdPwg9m/kHcEU813oyfrdyglQ":{"registrationId":197373897,"currentRatchet":{"ephemeralKeyPair":{"pubKey":"Bf0PXWeLb6cGXkgYO4EFt62wYz4jngz7440/HQqNvDoJ","privKey":"wJf2MmZy7kKUWXpmza/Yl2231NMqp5mERDAdGumrJkY="},"lastRemoteEphemeralKey":"BRLGabZm4ZyEM4CDm5SDRYBnVzTk3jzE4C5QHjtWzYp4","previousCounter":0,"rootKey":"yO12gpXcQmvrdgQ707+mNwkI3jT7hklYEANz11kegM8="},"indexInfo":{"baseKey":"BZipU35ArNbbiY7e1DbAdPwg9m/kHcEU813oyfrdyglQ","baseKeyType":1,"closed":1763718476289,"used":1763718475602,"created":1763718475602,"remoteIdentityKey":"BfAWxfqsxsOgEgAi1oV7TtEPeUwaATlhFHiVKEyIsI1e"},"_chains":{"Bf0PXWeLb6cGXkgYO4EFt62wYz4jngz7440/HQqNvDoJ":{"chainKey":{"counter":-1,"key":"4w5FvPUkQb9A4eNwtl+hsyh7l0IxAnl+lwkeDvLprls="},"chainType":1,"messageKeys":{}}},"pendingPreKey":{"signedKeyId":3,"baseKey":"BZipU35ArNbbiY7e1DbAdPwg9m/kHcEU813oyfrdyglQ","preKeyId":7126031}},"BUWLX5sChO5L+jlJ/xr1RdR3ZWaWQebJtjroRTGmFbJK":{"registrationId":197373897,"currentRatchet":{"ephemeralKeyPair":{"pubKey":"BfsrVUEMqqOFhfrp0xgKqxL9CPh/jW0ako8vZLGRmb9l","privKey":"2B/lBYTHBUsvGlc18SPI8s7f9lwrUmXo16s+T7+IpV8="},"lastRemoteEphemeralKey":"BRLGabZm4ZyEM4CDm5SDRYBnVzTk3jzE4C5QHjtWzYp4","previousCounter":0,"rootKey":"oExt7En2d9UhdshxsEaRnoKbTeji75zAGU1FcLchRGM="},"indexInfo":{"baseKey":"BUWLX5sChO5L+jlJ/xr1RdR3ZWaWQebJtjroRTGmFbJK","baseKeyType":1,"closed":-1,"used":1763718476286,"created":1763718476286,"remoteIdentityKey":"BfAWxfqsxsOgEgAi1oV7TtEPeUwaATlhFHiVKEyIsI1e"},"_chains":{"BfsrVUEMqqOFhfrp0xgKqxL9CPh/jW0ako8vZLGRmb9l":{"chainKey":{"counter":145,"key":"2ggieVFa8Y+sRdXeIWbGqibp67gsIm3SPI5u7MGhL6o="},"chainType":1,"messageKeys":{}}},"pendingPreKey":{"signedKeyId":3,"baseKey":"BUWLX5sChO5L+jlJ/xr1RdR3ZWaWQebJtjroRTGmFbJK","preKeyId":7125995}}},"version":"v1"}