{"_sessions":{"BVd734Pg6CRn9OjgY2055Yr6yOCaNUVmHcE/pYp12/4A":{"registrationId":208844076,"currentRatchet":{"ephemeralKeyPair":{"pubKey":"BfFrSfcKPLj6KUCCusfeI4cdIRGr9c7bSwLpXQRYfUV7","privKey":"uKgcy5kU1mGZv36B8Qg34hI3ZoN9ovaMHUEL8hXkuWE="},"lastRemoteEphemeralKey":"BV6d6eQuNRoLXlhvmmZc9CyWtTsWs8dnkyDRFwAiA3pu","previousCounter":0,"rootKey":"bzImxnnYcbovTQY4zHC4mJJN80qBrTDEGhdxJblA+js="},"indexInfo":{"baseKey":"BVd734Pg6CRn9OjgY2055Yr6yOCaNUVmHcE/pYp12/4A","baseKeyType":2,"closed":-1,"used":1763715726113,"created":1763715726113,"remoteIdentityKey":"BTB87bBKgiwstYk2gus9JOUPHH9wHLfLYVYXhIFql6Mw"},"_chains":{"BV6d6eQuNRoLXlhvmmZc9CyWtTsWs8dnkyDRFwAiA3pu":{"chainKey":{"counter":2,"key":"6IZvi+gbZCl8vVVudzPxmvdBqIC/fjs+96i/8tIaubI="},"chainType":2,"messageKeys":{}},"BfFrSfcKPLj6KUCCusfeI4cdIRGr9c7bSwLpXQRYfUV7":{"chainKey":{"counter":0,"key":"LQzwCnp7Bwnsaxn8gCq/eLnL+/1/cC/LD4S+rClB/ac="},"chainType":1,"messageKeys":{}}}}},"version":"v1"}