{"_sessions":{"BYAwqMaS7oSjucoxRVkiSmkMN+FygiBTagUbrufaD/MI":{"registrationId":127538851,"currentRatchet":{"ephemeralKeyPair":{"pubKey":"BeQR+kjBdB3qvnjihmWsmDJt2vcTYj9O/P6/qvnuyyxI","privKey":"gAIlLGE0yNS46eq9p7ikYNYzEzUfNsz8yKm6Nk/VAXY="},"lastRemoteEphemeralKey":"BTp7N/OnK1suDs/XMsdCegaA4aBI4KiYRIxIpJycxwdQ","previousCounter":0,"rootKey":"k7sfPtVVtnMZmleIbbferIxLsPvxqKpN/4BPF2rhnOk="},"indexInfo":{"baseKey":"BYAwqMaS7oSjucoxRVkiSmkMN+FygiBTagUbrufaD/MI","baseKeyType":1,"closed":1763718481703,"used":1763718480974,"created":1763718480974,"remoteIdentityKey":"BQgXgaS3B5c2nkVGzFKfU/FUlsokcVai6vCVXp084RgU"},"_chains":{"BeQR+kjBdB3qvnjihmWsmDJt2vcTYj9O/P6/qvnuyyxI":{"chainKey":{"counter":-1,"key":"6+3XtnNJmOMubUNHHAtIzqPXjjrJ4Q9Pf16d43TzezE="},"chainType":1,"messageKeys":{}}},"pendingPreKey":{"signedKeyId":13294910,"baseKey":"BYAwqMaS7oSjucoxRVkiSmkMN+FygiBTagUbrufaD/MI","preKeyId":6593395}},"BUYxO89Kt7e4va1fG0LluQmhvafuWRtKV7CH3wsk4gMn":{"registrationId":127538851,"currentRatchet":{"ephemeralKeyPair":{"pubKey":"BcGMJqPTSofSMkqSllLwkddFZzn0M+A0iMQqIaRFC/1O","privKey":"4CRfA5UHL0DdyWl0KelTc+jqs7AnNe4j3BmVIKFKVnk="},"lastRemoteEphemeralKey":"BTp7N/OnK1suDs/XMsdCegaA4aBI4KiYRIxIpJycxwdQ","previousCounter":0,"rootKey":"qcLBNc8d3/iPGXWCzP8JTwbIKO2ryeUETKKT4+W/UnM="},"indexInfo":{"baseKey":"BUYxO89Kt7e4va1fG0LluQmhvafuWRtKV7CH3wsk4gMn","baseKeyType":1,"closed":-1,"used":1763718481701,"created":1763718481701,"remoteIdentityKey":"BQgXgaS3B5c2nkVGzFKfU/FUlsokcVai6vCVXp084RgU"},"_chains":{"BcGMJqPTSofSMkqSllLwkddFZzn0M+A0iMQqIaRFC/1O":{"chainKey":{"counter":145,"key":"1mbhoTjIPre8Py2+dP11UXNHGzGCVsH8t1PKF/VZTxg="},"chainType":1,"messageKeys":{}}},"pendingPreKey":{"signedKeyId":13294910,"baseKey":"BUYxO89Kt7e4va1fG0LluQmhvafuWRtKV7CH3wsk4gMn","preKeyId":6593458}}},"version":"v1"}