{"_sessions":{"Bc9cRU5gNQVW388W5u4gb3UgSETrRyBRXG5TyoqM23E0":{"registrationId":2040001916,"currentRatchet":{"ephemeralKeyPair":{"pubKey":"Bb8lyS6ihneSBRyiRrE1RTgqEp3JpqWSqXe6AVMQ/mJL","privKey":"cGzAoXslQxkKt1R2gAccSfzFzpbkhU1qiPaYqjqezU8="},"lastRemoteEphemeralKey":"Ba3INHCezxLXp80sTvHmDgYAQ34Q2EjK3/24CPZwIsss","previousCounter":0,"rootKey":"f9KZhxVR8/P5aKj00/Kmt9nFEwTs+ywH51UFp3gTUM8="},"indexInfo":{"baseKey":"Bc9cRU5gNQVW388W5u4gb3UgSETrRyBRXG5TyoqM23E0","baseKeyType":1,"closed":1763718473346,"used":1763718472186,"created":1763718472186,"remoteIdentityKey":"BXSxfXIGuxTvfE4pi2CTK/ZRxRHzONd3rrIMqpHxOs8J"},"_chains":{"Bb8lyS6ihneSBRyiRrE1RTgqEp3JpqWSqXe6AVMQ/mJL":{"chainKey":{"counter":-1,"key":"iGHJApRR+e4//cgmH+H0L09vgLI6G2g7mlLMdAApNMw="},"chainType":1,"messageKeys":{}}},"pendingPreKey":{"signedKeyId":8,"baseKey":"Bc9cRU5gNQVW388W5u4gb3UgSETrRyBRXG5TyoqM23E0"}},"BcfJNnTH5X3W5kLAXQz5l0hRh+HX3nHgwrjQY754rDZe":{"registrationId":2040001916,"currentRatchet":{"ephemeralKeyPair":{"pubKey":"BWCsujGWjPEPdQSqzwBtVxZFnHnQBJnNVLTX+KzJnyNC","privKey":"OKrQwD/E0LlyugdP60rnrwQ6z5ii46UUmx09TmaT2Hk="},"lastRemoteEphemeralKey":"Ba3INHCezxLXp80sTvHmDgYAQ34Q2EjK3/24CPZwIsss","previousCounter":0,"rootKey":"RcUYC7p+wDSiqx6pWPeANEfcz8SCp6JNDRKK/ImlHWo="},"indexInfo":{"baseKey":"BcfJNnTH5X3W5kLAXQz5l0hRh+HX3nHgwrjQY754rDZe","baseKeyType":1,"closed":-1,"used":1763718473342,"created":1763718473342,"remoteIdentityKey":"BXSxfXIGuxTvfE4pi2CTK/ZRxRHzONd3rrIMqpHxOs8J"},"_chains":{"BWCsujGWjPEPdQSqzwBtVxZFnHnQBJnNVLTX+KzJnyNC":{"chainKey":{"counter":145,"key":"skJ7swN8CcA3E8wIhnHt++wBjVoNtnKm0a71dSFf6oc="},"chainType":1,"messageKeys":{}}},"pendingPreKey":{"signedKeyId":8,"baseKey":"BcfJNnTH5X3W5kLAXQz5l0hRh+HX3nHgwrjQY754rDZe"}}},"version":"v1"}