{"_sessions":{"BXG2YVN07u7HBBnh7RaUutIFwBvn/S+H92u//+QqUjQV":{"registrationId":728915396,"currentRatchet":{"ephemeralKeyPair":{"pubKey":"BdIEX1ytvZDvk8Tn+kKyT0V3h8ObIVqn+oh8+9FVl7Zm","privKey":"KLSWDuqfWlbPrUfHboKDSKBRE6woAXvtPLzxqIvPtV0="},"lastRemoteEphemeralKey":"BZm5/i9rZokxJqyRpH2Aj109Vb0GWdI044X9zDmsF54I","previousCounter":0,"rootKey":"T0oAmhSjWqvIwn0WsuDf9UF/SmHzaNrpl6D15/p5yMk="},"indexInfo":{"baseKey":"BXG2YVN07u7HBBnh7RaUutIFwBvn/S+H92u//+QqUjQV","baseKeyType":1,"closed":1763718471495,"used":1763718470240,"created":1763718470239,"remoteIdentityKey":"BbgUNsJvWiwM2cVJWAC9c+4CaetBxIDDyOhzIDQqkfli"},"_chains":{"BdIEX1ytvZDvk8Tn+kKyT0V3h8ObIVqn+oh8+9FVl7Zm":{"chainKey":{"counter":-1,"key":"d+fEoCCcXl3XotmgNCDujLFksU9Ho3txHKctXBF7gBQ="},"chainType":1,"messageKeys":{}}},"pendingPreKey":{"signedKeyId":14146904,"baseKey":"BXG2YVN07u7HBBnh7RaUutIFwBvn/S+H92u//+QqUjQV","preKeyId":13365358}},"BQA4xq3BYRRsEyIUzMY5rZNOp+vAHqMbwzgqOIfozWk5":{"registrationId":728915396,"currentRatchet":{"ephemeralKeyPair":{"pubKey":"BfI0ybJ5YIrDCP0XxSo3jT+9uts1Zq28tjKRyu+/nJoW","privKey":"MHg3Stj5yMzFab+FUYhEa3v1Hhu8zfqegw4P3kWloVQ="},"lastRemoteEphemeralKey":"BZm5/i9rZokxJqyRpH2Aj109Vb0GWdI044X9zDmsF54I","previousCounter":0,"rootKey":"KHwQWUBlxL5vCoNZ6JzTEqkbY02nt3cfi6dU5VJrCog="},"indexInfo":{"baseKey":"BQA4xq3BYRRsEyIUzMY5rZNOp+vAHqMbwzgqOIfozWk5","baseKeyType":1,"closed":-1,"used":1763718471492,"created":1763718471492,"remoteIdentityKey":"BbgUNsJvWiwM2cVJWAC9c+4CaetBxIDDyOhzIDQqkfli"},"_chains":{"BfI0ybJ5YIrDCP0XxSo3jT+9uts1Zq28tjKRyu+/nJoW":{"chainKey":{"counter":145,"key":"+F0EOlH1HoEmAHK0a95ZWSKzL6DJo124ueXxokhB1Yw="},"chainType":1,"messageKeys":{}}},"pendingPreKey":{"signedKeyId":14146904,"baseKey":"BQA4xq3BYRRsEyIUzMY5rZNOp+vAHqMbwzgqOIfozWk5","preKeyId":13365280}}},"version":"v1"}