{"_sessions":{"BVQm8I+MmmbuIVentp6PF2mQCeqBylLTAZ7KAlg41W8f":{"registrationId":231353516,"currentRatchet":{"ephemeralKeyPair":{"pubKey":"BeFSqVn2+7MdMCVV1ZC808n/+I0s2IKjM3pugICB6V8/","privKey":"kHig51JU9MxpilLhKX14Z0MKmRb+pd88cIpCC2uuP1g="},"lastRemoteEphemeralKey":"BUOUFkV7/yMJP0/gTNV7+fSn5D464V0fUa3k3hBSLGZG","previousCounter":0,"rootKey":"CDu4UUAvptUv5fqObJyg8LixnI3GZlvGCWSQ7jP1D4M="},"indexInfo":{"baseKey":"BVQm8I+MmmbuIVentp6PF2mQCeqBylLTAZ7KAlg41W8f","baseKeyType":1,"closed":1763718472984,"used":1763718471987,"created":1763718471987,"remoteIdentityKey":"Bf9rBR8LMTvFnf4RDFammUvQdjEt6eVMLszYO8m/8G1k"},"_chains":{"BeFSqVn2+7MdMCVV1ZC808n/+I0s2IKjM3pugICB6V8/":{"chainKey":{"counter":-1,"key":"B3MXKv7q/Hk+VLB80rSafXgXkiXW83zlWGnNU9X99FA="},"chainType":1,"messageKeys":{}}},"pendingPreKey":{"signedKeyId":5,"baseKey":"BVQm8I+MmmbuIVentp6PF2mQCeqBylLTAZ7KAlg41W8f","preKeyId":11811599}},"BckcMzwU4ioxoTH3r3mV+41hloZx1iwmyV7BcJYEL1cs":{"registrationId":231353516,"currentRatchet":{"ephemeralKeyPair":{"pubKey":"Bf0ZJ2K+97vJcXXiltqZdF29LbnW8J1ECR8Rnz2blEwc","privKey":"wNao8t+yO5CaBOw+Otdj6y4XTD/42DSmF/TMccftkEE="},"lastRemoteEphemeralKey":"BUOUFkV7/yMJP0/gTNV7+fSn5D464V0fUa3k3hBSLGZG","previousCounter":0,"rootKey":"48i9BBmGYr9I68OV4YGIxr1MUfhoRvIOYKUNuUScShg="},"indexInfo":{"baseKey":"BckcMzwU4ioxoTH3r3mV+41hloZx1iwmyV7BcJYEL1cs","baseKeyType":1,"closed":-1,"used":1763718472981,"created":1763718472981,"remoteIdentityKey":"Bf9rBR8LMTvFnf4RDFammUvQdjEt6eVMLszYO8m/8G1k"},"_chains":{"Bf0ZJ2K+97vJcXXiltqZdF29LbnW8J1ECR8Rnz2blEwc":{"chainKey":{"counter":145,"key":"rjWIJyTNjFWOhJp9XIRhqMAru+CgfWr8mhAeuWDad+Y="},"chainType":1,"messageKeys":{}}},"pendingPreKey":{"signedKeyId":5,"baseKey":"BckcMzwU4ioxoTH3r3mV+41hloZx1iwmyV7BcJYEL1cs","preKeyId":11812175}}},"version":"v1"}