{"_sessions":{"BTI5pKkIz4MCWhC7jeKOflhTtgcSUhSaL0L0zCbiexVB":{"registrationId":1584850196,"currentRatchet":{"ephemeralKeyPair":{"pubKey":"BXBu0/tv5NtV8L+FHRef1adxxqzWlEsydLaXE4lJNJ4M","privKey":"sCDFIMJfCUQ37KtBVCCo/C9s0Kq97V1Y0Qkw/MUXtW8="},"lastRemoteEphemeralKey":"BYrPqaiiJ+7Coiwxcg6tx4y2l0olXXlhk9bb12HFe6QZ","previousCounter":0,"rootKey":"e6XFHtKsCNid17Ma/6LUkz3cH91QssZeJOWyVO5DkNc="},"indexInfo":{"baseKey":"BTI5pKkIz4MCWhC7jeKOflhTtgcSUhSaL0L0zCbiexVB","baseKeyType":1,"closed":1763718471194,"used":1763718470059,"created":1763718470059,"remoteIdentityKey":"BXNw2Vox46hq3N6QMXp1pDIUh7IEzsX68J6v6cb2gBRk"},"_chains":{"BXBu0/tv5NtV8L+FHRef1adxxqzWlEsydLaXE4lJNJ4M":{"chainKey":{"counter":-1,"key":"fVuUvB2eqQ2UUnGt9MdwkiUvezvfDqor2vVYoiuk2Is="},"chainType":1,"messageKeys":{}}},"pendingPreKey":{"signedKeyId":12617713,"baseKey":"BTI5pKkIz4MCWhC7jeKOflhTtgcSUhSaL0L0zCbiexVB","preKeyId":14336560}},"BcaUb4bIWP7uakM8B2VZ2fUzFVagmgCpsnhIJ3/u2c9T":{"registrationId":1584850196,"currentRatchet":{"ephemeralKeyPair":{"pubKey":"BY/i4YW14PC9xrsTqloQ8/wWQDPh3Z/6nTa4BgzTcVZB","privKey":"gJYV+xaTxd3H1Ju9v5GDa/1kUij7BZcx4gVX0bn3bmw="},"lastRemoteEphemeralKey":"BYrPqaiiJ+7Coiwxcg6tx4y2l0olXXlhk9bb12HFe6QZ","previousCounter":0,"rootKey":"72zTfcHWY1nxZdbPUJwYQK1RVJjPhzCujesIhZfuUcU="},"indexInfo":{"baseKey":"BcaUb4bIWP7uakM8B2VZ2fUzFVagmgCpsnhIJ3/u2c9T","baseKeyType":1,"closed":-1,"used":1763718471191,"created":1763718471191,"remoteIdentityKey":"BXNw2Vox46hq3N6QMXp1pDIUh7IEzsX68J6v6cb2gBRk"},"_chains":{"BY/i4YW14PC9xrsTqloQ8/wWQDPh3Z/6nTa4BgzTcVZB":{"chainKey":{"counter":145,"key":"8OluH/tdXMvgtUL8SjHqpKhN5p1jU4SvtWPhtgSPs+U="},"chainType":1,"messageKeys":{}}},"pendingPreKey":{"signedKeyId":12617713,"baseKey":"BcaUb4bIWP7uakM8B2VZ2fUzFVagmgCpsnhIJ3/u2c9T","preKeyId":14336653}}},"version":"v1"}