{"_sessions":{"BWb9Cmw372NgfcVTqbJxnZ7nuSlGz+RfAXoNu1kcDJEh":{"registrationId":1709802601,"currentRatchet":{"ephemeralKeyPair":{"pubKey":"Bf3xvnDZ6kU5tI2/MUyuUD6OlDe4w0hL5YMesdm7mVQ6","privKey":"gKpA0IXmarPFGVQRvGbTYRuRr3KMPDKn/24umQgPv0k="},"lastRemoteEphemeralKey":"Bb0zobHp0WxNWB/0MYknxxs6iZBdkVvQwaUXPVhVwuNq","previousCounter":0,"rootKey":"gv5BWh6bx3og8wekSl3crWEmQHleAAIbquIkOx3MxxQ="},"indexInfo":{"baseKey":"BWb9Cmw372NgfcVTqbJxnZ7nuSlGz+RfAXoNu1kcDJEh","baseKeyType":1,"closed":1763718474498,"used":1763718473684,"created":1763718473684,"remoteIdentityKey":"BW2II0DqCKMZfGIlUQoApHFbS/cWsIIZ1Cb+bVzprpkQ"},"_chains":{"Bf3xvnDZ6kU5tI2/MUyuUD6OlDe4w0hL5YMesdm7mVQ6":{"chainKey":{"counter":-1,"key":"Nvp1yGtxFVZk7ypH2oMo90M8bWh/FEqQIknslGPwPNs="},"chainType":1,"messageKeys":{}}},"pendingPreKey":{"signedKeyId":8841920,"baseKey":"BWb9Cmw372NgfcVTqbJxnZ7nuSlGz+RfAXoNu1kcDJEh","preKeyId":12217894}},"BRWQvu2eAM3QUE6ctc1CyXul7MCD+sgBI7gpOh5vcUch":{"registrationId":1709802601,"currentRatchet":{"ephemeralKeyPair":{"pubKey":"BfGYYGIS+ksFUT8nlWDDtTJlCrWSDzhFKKks8oeG9TZA","privKey":"6CAabGV9WAP6aK/XdnAiCoXyJmvmJZSKi07Wjeu5aFo="},"lastRemoteEphemeralKey":"Bb0zobHp0WxNWB/0MYknxxs6iZBdkVvQwaUXPVhVwuNq","previousCounter":0,"rootKey":"TRMNxxz87wrG5RPTXC2PHnOFVTrdIvAeVNZhGSIMrbE="},"indexInfo":{"baseKey":"BRWQvu2eAM3QUE6ctc1CyXul7MCD+sgBI7gpOh5vcUch","baseKeyType":1,"closed":-1,"used":1763718474494,"created":1763718474494,"remoteIdentityKey":"BW2II0DqCKMZfGIlUQoApHFbS/cWsIIZ1Cb+bVzprpkQ"},"_chains":{"BfGYYGIS+ksFUT8nlWDDtTJlCrWSDzhFKKks8oeG9TZA":{"chainKey":{"counter":145,"key":"Os5PSqmv9CbD98hlYyopKFgoiG0Z1HyXbEiEhMgHocQ="},"chainType":1,"messageKeys":{}}},"pendingPreKey":{"signedKeyId":8841920,"baseKey":"BRWQvu2eAM3QUE6ctc1CyXul7MCD+sgBI7gpOh5vcUch","preKeyId":12217182}}},"version":"v1"}