{"_sessions":{"Bf/RI4I95w6NH+uhawdrM/hRSvmC7OHchBm+5b9niVZ+":{"registrationId":439204242,"currentRatchet":{"ephemeralKeyPair":{"pubKey":"Bcp1eN3ZVY16az2IEquh8Cb02cqEAJC2y39/9Y2SM7YJ","privKey":"UH4znFJkEAhx+qP/6U6swthi65YZEmyrBy+gNLNxJFs="},"lastRemoteEphemeralKey":"BSO/kMQOUsWVN5X14FVNJeqC12ulj8VHwrZLyZrZ2ncZ","previousCounter":0,"rootKey":"+4gngSr0wHot3un9ecNG1SyuAFJ5m5bENchG7YAH0l8="},"indexInfo":{"baseKey":"Bf/RI4I95w6NH+uhawdrM/hRSvmC7OHchBm+5b9niVZ+","baseKeyType":1,"closed":1763718471099,"used":1763718470003,"created":1763718470003,"remoteIdentityKey":"BYj2lHlYPvpyTLJWZ+WN/BJhGVJd/Gaja1YxqZ46rkkP"},"_chains":{"Bcp1eN3ZVY16az2IEquh8Cb02cqEAJC2y39/9Y2SM7YJ":{"chainKey":{"counter":-1,"key":"He9pLr6QpHIQlANjWvcgIigF2vQGnGd5L7qjW69omIA="},"chainType":1,"messageKeys":{}}},"pendingPreKey":{"signedKeyId":9524876,"baseKey":"Bf/RI4I95w6NH+uhawdrM/hRSvmC7OHchBm+5b9niVZ+","preKeyId":12963481}},"BfVZ2P3CvyD3qmfRk83sEy/SC+gOO+V5VJkf633fZc16":{"registrationId":439204242,"currentRatchet":{"ephemeralKeyPair":{"pubKey":"BZMnaRo1RrX8ELqbbl8Z+xLeFFVCWts0Fe0kELZP/8A8","privKey":"KF6OZp63RDS+zDa5G9bxw+6CtfrdUevJbg3xF/0qqkM="},"lastRemoteEphemeralKey":"BSO/kMQOUsWVN5X14FVNJeqC12ulj8VHwrZLyZrZ2ncZ","previousCounter":0,"rootKey":"KNBoYzFz6XkoitQ+w77PBrKaQViocJaOQdh/Ew9ayFU="},"indexInfo":{"baseKey":"BfVZ2P3CvyD3qmfRk83sEy/SC+gOO+V5VJkf633fZc16","baseKeyType":1,"closed":-1,"used":1763718471096,"created":1763718471096,"remoteIdentityKey":"BYj2lHlYPvpyTLJWZ+WN/BJhGVJd/Gaja1YxqZ46rkkP"},"_chains":{"BZMnaRo1RrX8ELqbbl8Z+xLeFFVCWts0Fe0kELZP/8A8":{"chainKey":{"counter":145,"key":"V3C6HO83TpyBjAvmXWLaQ9oknWH9VAB0CXtoQOS6B1E="},"chainType":1,"messageKeys":{}}},"pendingPreKey":{"signedKeyId":9524876,"baseKey":"BfVZ2P3CvyD3qmfRk83sEy/SC+gOO+V5VJkf633fZc16","preKeyId":12963571}}},"version":"v1"}