{"_sessions":{"Ba45t/jdHnAmWau7e/MQpPTItweW4NOyWzENRkGFIVpG":{"registrationId":1267366913,"currentRatchet":{"ephemeralKeyPair":{"pubKey":"BXQ5kGlzG3CX9ayrW1MjfL4195/7DzB5CiTJKMuyR1kC","privKey":"YCHQ5RtdRgMFdHKXk7OG5lROeiZArkmRFHb3zQVl53Q="},"lastRemoteEphemeralKey":"BYCzfOhzb+JDcQ2Mj/I1F/0c3k/jopGbQq5i2xG7s8w3","previousCounter":0,"rootKey":"fBTcXejVbqK8RPFi1UjwUC+QhT1ycI9kUsN68OyyrKA="},"indexInfo":{"baseKey":"Ba45t/jdHnAmWau7e/MQpPTItweW4NOyWzENRkGFIVpG","baseKeyType":1,"closed":1763718481753,"used":1763718481006,"created":1763718481006,"remoteIdentityKey":"BUph6jpCxuFgD9WZ+SFGEcOo8vJGeO3HuxZ4isZyGAhI"},"_chains":{"BXQ5kGlzG3CX9ayrW1MjfL4195/7DzB5CiTJKMuyR1kC":{"chainKey":{"counter":-1,"key":"w56183Su+B344umMOm/0plThHIJEdzpITDYRaawtppU="},"chainType":1,"messageKeys":{}}},"pendingPreKey":{"signedKeyId":36,"baseKey":"Ba45t/jdHnAmWau7e/MQpPTItweW4NOyWzENRkGFIVpG","preKeyId":1994486}},"BSJ7JSCFL3T1sQF4VI7pamy5Ko9kfdhET3RhgddAfJ18":{"registrationId":1267366913,"currentRatchet":{"ephemeralKeyPair":{"pubKey":"BQ1V33DMeQe1FPRfA6NqXpYBzxl9vmoy6ChZ5JDdJxME","privKey":"+I2bI7A8esfMVE7WkjeGcW/aEKObNYsNkUNudtdEw08="},"lastRemoteEphemeralKey":"BYCzfOhzb+JDcQ2Mj/I1F/0c3k/jopGbQq5i2xG7s8w3","previousCounter":0,"rootKey":"lZxX8UBqJ1Xb7uewJcMzJdOtbj0kOP3rN4NTqX+sRF4="},"indexInfo":{"baseKey":"BSJ7JSCFL3T1sQF4VI7pamy5Ko9kfdhET3RhgddAfJ18","baseKeyType":1,"closed":-1,"used":1763718481750,"created":1763718481750,"remoteIdentityKey":"BUph6jpCxuFgD9WZ+SFGEcOo8vJGeO3HuxZ4isZyGAhI"},"_chains":{"BQ1V33DMeQe1FPRfA6NqXpYBzxl9vmoy6ChZ5JDdJxME":{"chainKey":{"counter":145,"key":"NiCkVZfQl5U4Mt0Wf1tXnROFcBulcYMDs4k8lu3wMFg="},"chainType":1,"messageKeys":{}}},"pendingPreKey":{"signedKeyId":36,"baseKey":"BSJ7JSCFL3T1sQF4VI7pamy5Ko9kfdhET3RhgddAfJ18","preKeyId":1993762}}},"version":"v1"}