{"_sessions":{"BYS74otF5WF6bkW7omqhPRn83o+f1cGsBZWVw8eegVQt":{"registrationId":1261502424,"currentRatchet":{"ephemeralKeyPair":{"pubKey":"BX1+4mwnYSabFJfvRpagCbbuM1/TFawnNuDqjyHOBypl","privKey":"EFWG+xSpbfNVs/lo07NSkJemWx8+qd/vsEv6S8x3fEI="},"lastRemoteEphemeralKey":"BT6CSu/Li1UFgEeylK/O7o0Pis8ZoN49J1JSbR67Mthu","previousCounter":0,"rootKey":"mGSBtMW01qZjY33C3jULHs7Pkr23ekauWoegjGv2UrE="},"indexInfo":{"baseKey":"BYS74otF5WF6bkW7omqhPRn83o+f1cGsBZWVw8eegVQt","baseKeyType":1,"closed":1763718477020,"used":1763718476065,"created":1763718476065,"remoteIdentityKey":"BUOg25OK0VFx+ariEd0AEy8FHrG/AFxCrc0niroef/wP"},"_chains":{"BX1+4mwnYSabFJfvRpagCbbuM1/TFawnNuDqjyHOBypl":{"chainKey":{"counter":-1,"key":"EMxroVrnic+/oBBPc97ITVQGnM4KuWrvUZ5/YYGlBbY="},"chainType":1,"messageKeys":{}}},"pendingPreKey":{"signedKeyId":127895,"baseKey":"BYS74otF5WF6bkW7omqhPRn83o+f1cGsBZWVw8eegVQt","preKeyId":2034129}},"BRVGK3676pe6+qCIMQ2qjO+Xfw/9ZomdgNU31Z/BELUl":{"registrationId":1261502424,"currentRatchet":{"ephemeralKeyPair":{"pubKey":"Bc0NF51tR/CgEJ5wspGfNF8WasxO1x3qXdaKC21mu3Vg","privKey":"2G0ojyWb8jdYkK8s4u+l6yilEsA2+X/TvCo7N98JB3I="},"lastRemoteEphemeralKey":"BT6CSu/Li1UFgEeylK/O7o0Pis8ZoN49J1JSbR67Mthu","previousCounter":0,"rootKey":"ROlLwb7T2V9Q1ug3XIYhV8k6FUNj+a9fQd340F8IwCw="},"indexInfo":{"baseKey":"BRVGK3676pe6+qCIMQ2qjO+Xfw/9ZomdgNU31Z/BELUl","baseKeyType":1,"closed":-1,"used":1763718477018,"created":1763718477018,"remoteIdentityKey":"BUOg25OK0VFx+ariEd0AEy8FHrG/AFxCrc0niroef/wP"},"_chains":{"Bc0NF51tR/CgEJ5wspGfNF8WasxO1x3qXdaKC21mu3Vg":{"chainKey":{"counter":145,"key":"ck2G1Y00knp1qUTvdl+L2BWd/OZklnWnsAeblEiRxwo="},"chainType":1,"messageKeys":{}}},"pendingPreKey":{"signedKeyId":127895,"baseKey":"BRVGK3676pe6+qCIMQ2qjO+Xfw/9ZomdgNU31Z/BELUl","preKeyId":2033892}}},"version":"v1"}