{"_sessions":{"BflT+OgSQYlkmY5qP2pMjnmM60l57Ql0kDEgYQmW8Y1B":{"registrationId":1790428646,"currentRatchet":{"ephemeralKeyPair":{"pubKey":"BR9yp443bcTeQzd7rANBLjF7qzWqiVl1NoEwPbtxyDQj","privKey":"+HA6rw+BZKFphs++Ip+WXxBTmMTZ4C1usjpjdgkOy0Q="},"lastRemoteEphemeralKey":"BWwQzwM6X3Yogtp0zhFy0QCDBCUwnizDjFTcTJHOayFE","previousCounter":0,"rootKey":"2IthU5h85LxuZpyY5DyYoKKYXpYplixnLX0iOXBWaTQ="},"indexInfo":{"baseKey":"BflT+OgSQYlkmY5qP2pMjnmM60l57Ql0kDEgYQmW8Y1B","baseKeyType":1,"closed":1763718470945,"used":1763718469915,"created":1763718469915,"remoteIdentityKey":"BR5xoAbnFQGHM66s5IVsuxgH1HaQeQSoA1NPBDyTWGJu"},"_chains":{"BR9yp443bcTeQzd7rANBLjF7qzWqiVl1NoEwPbtxyDQj":{"chainKey":{"counter":-1,"key":"Nscuaud8STmSIO8AxTfY3Qa+qKmNquspmQpnouyg9aM="},"chainType":1,"messageKeys":{}}},"pendingPreKey":{"signedKeyId":49,"baseKey":"BflT+OgSQYlkmY5qP2pMjnmM60l57Ql0kDEgYQmW8Y1B","preKeyId":11825664}},"BVBPWD3o5S5BKcfhIIWmYq8KazNeOQ0lvgyHQ7RXZ3VG":{"registrationId":1790428646,"currentRatchet":{"ephemeralKeyPair":{"pubKey":"BWd9xjblTgAAqSWzHOibRlsIW9KWjkui5U5iSkpJxuEa","privKey":"OAt58J9yST1Sw8Kn7DZegn5Po+i8pfLxxznGdm14DWc="},"lastRemoteEphemeralKey":"BWwQzwM6X3Yogtp0zhFy0QCDBCUwnizDjFTcTJHOayFE","previousCounter":0,"rootKey":"pRheer6trfMKUlWpiUPt269jUJ2RQnZ6VTaDweWS95k="},"indexInfo":{"baseKey":"BVBPWD3o5S5BKcfhIIWmYq8KazNeOQ0lvgyHQ7RXZ3VG","baseKeyType":1,"closed":-1,"used":1763718470942,"created":1763718470942,"remoteIdentityKey":"BR5xoAbnFQGHM66s5IVsuxgH1HaQeQSoA1NPBDyTWGJu"},"_chains":{"BWd9xjblTgAAqSWzHOibRlsIW9KWjkui5U5iSkpJxuEa":{"chainKey":{"counter":145,"key":"quCKc1VK969iX+RB/UmK6/wjYGq1ns+317h3+iQibz0="},"chainType":1,"messageKeys":{}}},"pendingPreKey":{"signedKeyId":49,"baseKey":"BVBPWD3o5S5BKcfhIIWmYq8KazNeOQ0lvgyHQ7RXZ3VG","preKeyId":11825889}}},"version":"v1"}