{"_sessions":{"BS1OLOFDs9mcHAKZQH8H2A0BZi0iFmEyRGB6DwpbINV2":{"registrationId":1781086193,"currentRatchet":{"ephemeralKeyPair":{"pubKey":"BT+amMeDWxuCsXBtlRe2rY3CnaWK0uP+RtRJq/1fva5s","privKey":"GKPny48NTizmnl37/AdJ21F79/nblNpUp60AoAGD0kM="},"lastRemoteEphemeralKey":"BR66bGODbj8MSahmPKKB2ldsAwael7a2Oq9fdQtg28pg","previousCounter":0,"rootKey":"xKJ7MSmHNXHhi8ykThfOkpMpvceC8j6Al0fl7l+mMTY="},"indexInfo":{"baseKey":"BS1OLOFDs9mcHAKZQH8H2A0BZi0iFmEyRGB6DwpbINV2","baseKeyType":2,"closed":-1,"used":1763718465732,"created":1763718465732,"remoteIdentityKey":"BZxHRSFgL9BtNOHlfnC/mpo2LuyFUaUxAfEsxyBNKWRd"},"_chains":{"BR66bGODbj8MSahmPKKB2ldsAwael7a2Oq9fdQtg28pg":{"chainKey":{"counter":0,"key":"mooh1LREnXAu/EoR49+rsry+eq/KFuDsFleB0ZyGZ2s="},"chainType":2,"messageKeys":{}},"BT+amMeDWxuCsXBtlRe2rY3CnaWK0uP+RtRJq/1fva5s":{"chainKey":{"counter":145,"key":"ZLE3VDETmHckJaqP6XAAsVoRV5cMBW/JyhYixqr9SdA="},"chainType":1,"messageKeys":{}}}}},"version":"v1"}