{"_sessions":{"BeiEbBJrBrdFOgACN4whp7HM+5SLfihDdQLroySIcERw":{"registrationId":635123354,"currentRatchet":{"ephemeralKeyPair":{"pubKey":"BSOCpwVKnAkIwgECQle17ZuQ1IU2Zoe1dOMnXLK5oQQl","privKey":"CEXzTFmwUCv1wcc5iL4BqM37FUuMmChuxIryM/ATMVg="},"lastRemoteEphemeralKey":"BfdUv0AzXwyDcEYkGPa3b9XNdqj3zsKvX2PtDGoWBC04","previousCounter":0,"rootKey":"l44l8HSRp5VvlrYs9SLkd9k9okY92vYZNE1lf8qe0LQ="},"indexInfo":{"baseKey":"BeiEbBJrBrdFOgACN4whp7HM+5SLfihDdQLroySIcERw","baseKeyType":1,"closed":1763718478579,"used":1763718477583,"created":1763718477583,"remoteIdentityKey":"Bb6GfQBGqd/vk4pi1v+Uq5ptKDtq96softcBels1mqtn"},"_chains":{"BSOCpwVKnAkIwgECQle17ZuQ1IU2Zoe1dOMnXLK5oQQl":{"chainKey":{"counter":-1,"key":"ordg7C+hOK/JnlWhkIzeNv4t7BYl4MVsj5PdEtYkvFk="},"chainType":1,"messageKeys":{}}},"pendingPreKey":{"signedKeyId":531698,"baseKey":"BeiEbBJrBrdFOgACN4whp7HM+5SLfihDdQLroySIcERw","preKeyId":9197445}},"BRVjTnNNdp/TgdrXuiKuQUeDq/ITh+VO/uK4FOwfxBE6":{"registrationId":635123354,"currentRatchet":{"ephemeralKeyPair":{"pubKey":"Be6GQfzN9ICgIP1Ihf1vP/P+qa2m4CCq4dcp3WUkcTl9","privKey":"gPZtfOYxdBvo+q944kC+z8QJjeCNt8sH02+UpwnMRVs="},"lastRemoteEphemeralKey":"BfdUv0AzXwyDcEYkGPa3b9XNdqj3zsKvX2PtDGoWBC04","previousCounter":0,"rootKey":"o74szrdkhwDbzFl67of7aQO3VyoFPxjk2S/76RQMa9A="},"indexInfo":{"baseKey":"BRVjTnNNdp/TgdrXuiKuQUeDq/ITh+VO/uK4FOwfxBE6","baseKeyType":1,"closed":-1,"used":1763718478576,"created":1763718478576,"remoteIdentityKey":"Bb6GfQBGqd/vk4pi1v+Uq5ptKDtq96softcBels1mqtn"},"_chains":{"Be6GQfzN9ICgIP1Ihf1vP/P+qa2m4CCq4dcp3WUkcTl9":{"chainKey":{"counter":145,"key":"Z+34/eES1AKqu91v/2ONrB6PvZ29whkzwoFUabuF4lE="},"chainType":1,"messageKeys":{}}},"pendingPreKey":{"signedKeyId":531698,"baseKey":"BRVjTnNNdp/TgdrXuiKuQUeDq/ITh+VO/uK4FOwfxBE6","preKeyId":9197460}}},"version":"v1"}