{"_sessions":{"Bao0BddJBrbBSX1dE14S/njkqlhrM04A4LUSzvWkfJ4F":{"registrationId":832851367,"currentRatchet":{"ephemeralKeyPair":{"pubKey":"BcWRlIJJbuGn6CZgGJrtwF47e5tfazOyqk43YnBi6sAy","privKey":"+PoWvbYsR/H5ytYyB1z3+TSyUuoea7dC+4CTiYcT+Xg="},"lastRemoteEphemeralKey":"BY1r9aHChIihTFPZA/6EUy7ErER78123cR1FC+2J50dm","previousCounter":0,"rootKey":"AW7M6PluEIKMiqbzik+yF46FOYEIJtROpZVBdgev/10="},"indexInfo":{"baseKey":"Bao0BddJBrbBSX1dE14S/njkqlhrM04A4LUSzvWkfJ4F","baseKeyType":1,"closed":1763718478235,"used":1763718477369,"created":1763718477368,"remoteIdentityKey":"BdFwUy/zWOWsX0r2HxPJ8kVfgYlU29/+RWEHeuZTSbIi"},"_chains":{"BcWRlIJJbuGn6CZgGJrtwF47e5tfazOyqk43YnBi6sAy":{"chainKey":{"counter":-1,"key":"RL5Hb+IM+d9frW8/f4vbRR4K8YmacabeLp0Vr4oZ0Ps="},"chainType":1,"messageKeys":{}}},"pendingPreKey":{"signedKeyId":16,"baseKey":"Bao0BddJBrbBSX1dE14S/njkqlhrM04A4LUSzvWkfJ4F","preKeyId":15237712}},"BQYLz/0l8jJ+FrUexqSSxzZ8j1KjttP50d0cZHuv/6sC":{"registrationId":832851367,"currentRatchet":{"ephemeralKeyPair":{"pubKey":"Bdzpm4DyLW/WJqRvJCZqe7q19ZuqICiC+TlF0jU7J3t0","privKey":"OI5gzFl5tNpdYn9/KsKnpns6KKGdb0AKFDIMWfCF72Q="},"lastRemoteEphemeralKey":"BY1r9aHChIihTFPZA/6EUy7ErER78123cR1FC+2J50dm","previousCounter":0,"rootKey":"YVpqx103HH7UVjQ442hVFCr5VZ1/P1S9nSxk6aluFnY="},"indexInfo":{"baseKey":"BQYLz/0l8jJ+FrUexqSSxzZ8j1KjttP50d0cZHuv/6sC","baseKeyType":1,"closed":-1,"used":1763718478232,"created":1763718478232,"remoteIdentityKey":"BdFwUy/zWOWsX0r2HxPJ8kVfgYlU29/+RWEHeuZTSbIi"},"_chains":{"Bdzpm4DyLW/WJqRvJCZqe7q19ZuqICiC+TlF0jU7J3t0":{"chainKey":{"counter":145,"key":"qLwtO7fVc8tUImIRPKl3UpTJUORuJShicpKknc86mnM="},"chainType":1,"messageKeys":{}}},"pendingPreKey":{"signedKeyId":16,"baseKey":"BQYLz/0l8jJ+FrUexqSSxzZ8j1KjttP50d0cZHuv/6sC","preKeyId":15236902}}},"version":"v1"}