{"_sessions":{"BV/OZkHHMFTkmjUsh8hTDzgrLNKQB/LI26okcsKleakX":{"registrationId":1893402239,"currentRatchet":{"ephemeralKeyPair":{"pubKey":"BbA1E1KJHakcEDeh1wdkGhvOZ/N20x3ChxUpiMZHxdEB","privKey":"WFQGyyw+U46/EegUPo0aa65W07IGWfRRcjeuP8WGx0E="},"lastRemoteEphemeralKey":"BZEquRYGw2aWpDEAMHye3zZEcx6qCmCWqbJMyZJ+/sJe","previousCounter":0,"rootKey":"gHD95GJ0ErVUub2I3cynRoWyRV7EL9XMEuj5gJ94DGk="},"indexInfo":{"baseKey":"BV/OZkHHMFTkmjUsh8hTDzgrLNKQB/LI26okcsKleakX","baseKeyType":1,"closed":1763718478747,"used":1763718477689,"created":1763718477689,"remoteIdentityKey":"BSy0TdUVlp8vmp5YJKBhmK+g3EpsXAKRsgzOrHdGo1AR"},"_chains":{"BbA1E1KJHakcEDeh1wdkGhvOZ/N20x3ChxUpiMZHxdEB":{"chainKey":{"counter":-1,"key":"ednXtrvovjZ5yvsbHqJfcE+dX6yWF6HZ53wah9XfJ7E="},"chainType":1,"messageKeys":{}}},"pendingPreKey":{"signedKeyId":6,"baseKey":"BV/OZkHHMFTkmjUsh8hTDzgrLNKQB/LI26okcsKleakX","preKeyId":2644403}},"BTYs3NFnP/sO9yhZ6bWlQg2pA+Bzuxz7aTTid4zvEI0R":{"registrationId":1893402239,"currentRatchet":{"ephemeralKeyPair":{"pubKey":"BViv8EF4eGoF3khCgMKlCg+df9Q7wq+YQg5mLFeO71ho","privKey":"EMiN25954QamgK1cb2JC/TpoY9AC1D7jW8ICY01QBlw="},"lastRemoteEphemeralKey":"BZEquRYGw2aWpDEAMHye3zZEcx6qCmCWqbJMyZJ+/sJe","previousCounter":0,"rootKey":"GgLZ0LW29jwD2PRL2ZnmyXTAogzyGtjP6nnePlAgKj0="},"indexInfo":{"baseKey":"BTYs3NFnP/sO9yhZ6bWlQg2pA+Bzuxz7aTTid4zvEI0R","baseKeyType":1,"closed":-1,"used":1763718478744,"created":1763718478744,"remoteIdentityKey":"BSy0TdUVlp8vmp5YJKBhmK+g3EpsXAKRsgzOrHdGo1AR"},"_chains":{"BViv8EF4eGoF3khCgMKlCg+df9Q7wq+YQg5mLFeO71ho":{"chainKey":{"counter":145,"key":"Pjghts9cE8NW0bq59xaGv2Nty1VGhSBZwmYTqSMfoac="},"chainType":1,"messageKeys":{}}},"pendingPreKey":{"signedKeyId":6,"baseKey":"BTYs3NFnP/sO9yhZ6bWlQg2pA+Bzuxz7aTTid4zvEI0R","preKeyId":2645038}}},"version":"v1"}