{"_sessions":{"BXAp5HWq06Cz82jrhkbZRBPUBk6EgTpg5VwhulteGp5/":{"registrationId":749368498,"currentRatchet":{"ephemeralKeyPair":{"pubKey":"BXHonlYqDVFyuQ0vWAI9ot9mZOWYIBWagP5K/t6nXO8C","privKey":"OOKAv4+kEhNRunlAMwwPuCb1/KdMLMB6KeGKUMwieXE="},"lastRemoteEphemeralKey":"BajYxwOXB1/ZA8Xq+SRKhA8e9bWbUwp31VeQBdoc+Dtw","previousCounter":0,"rootKey":"nIpLPWASZC9h1ySHpbGxj5elfFjxtcNRjh+Uj8sl5yY="},"indexInfo":{"baseKey":"BXAp5HWq06Cz82jrhkbZRBPUBk6EgTpg5VwhulteGp5/","baseKeyType":1,"closed":1763718476279,"used":1763718475595,"created":1763718475595,"remoteIdentityKey":"Bfw7PgYQZWjKN49bXRTAbHNmc73OFRy+r4aT1DYpo054"},"_chains":{"BXHonlYqDVFyuQ0vWAI9ot9mZOWYIBWagP5K/t6nXO8C":{"chainKey":{"counter":-1,"key":"32VKEzE1U76tUSs5STkhs1H62bFZRxI0dcH/sp7jTx8="},"chainType":1,"messageKeys":{}}},"pendingPreKey":{"signedKeyId":22,"baseKey":"BXAp5HWq06Cz82jrhkbZRBPUBk6EgTpg5VwhulteGp5/","preKeyId":8212518}},"BcGkiFdWrFEkca7F2hv9TTxL6M5OQdqCjmXYljWfNuQ0":{"registrationId":749368498,"currentRatchet":{"ephemeralKeyPair":{"pubKey":"BVEpnfcZC1IcSr/OOE2c42kIN8o+dlE7KCnPSlxu2+8G","privKey":"eG28WyEDkD1S+p4a2VX3xVeqKlyj0f6/U9d5BBG8LF8="},"lastRemoteEphemeralKey":"BajYxwOXB1/ZA8Xq+SRKhA8e9bWbUwp31VeQBdoc+Dtw","previousCounter":0,"rootKey":"/hWt5VZ3A8S29ZNXfcFr/nJRjI5mD9wcX9gmndSA1oA="},"indexInfo":{"baseKey":"BcGkiFdWrFEkca7F2hv9TTxL6M5OQdqCjmXYljWfNuQ0","baseKeyType":1,"closed":-1,"used":1763718476277,"created":1763718476277,"remoteIdentityKey":"Bfw7PgYQZWjKN49bXRTAbHNmc73OFRy+r4aT1DYpo054"},"_chains":{"BVEpnfcZC1IcSr/OOE2c42kIN8o+dlE7KCnPSlxu2+8G":{"chainKey":{"counter":145,"key":"a6TxReGmSUd+C+iZo9yaCGPBqisLCP4NaT6OGy2ii+U="},"chainType":1,"messageKeys":{}}},"pendingPreKey":{"signedKeyId":22,"baseKey":"BcGkiFdWrFEkca7F2hv9TTxL6M5OQdqCjmXYljWfNuQ0","preKeyId":8212734}}},"version":"v1"}