{"_sessions":{"BSGy+Lc0+EN1j7sqzDviyYbuqGJE+L/2WBsyeaOBJDhP":{"registrationId":296519126,"currentRatchet":{"ephemeralKeyPair":{"pubKey":"BSwAHu/xsXRfDnXZkGcFVOJ6bodMyEImsvdffHcihwcU","privKey":"SApg9gnYrn4gdSafJV6CSR0IEV9dxeu15nPcjfqKxWc="},"lastRemoteEphemeralKey":"BUZh1c8Yq8b0x3YT/S1cxz00RjmBJ7ohr+zr/OKAg85S","previousCounter":0,"rootKey":"yXqHO1qStBHCxUY95Y1Dhr7fQX/e1XYbkRsfYTEDFis="},"indexInfo":{"baseKey":"BSGy+Lc0+EN1j7sqzDviyYbuqGJE+L/2WBsyeaOBJDhP","baseKeyType":1,"closed":1763718476693,"used":1763718475851,"created":1763718475851,"remoteIdentityKey":"BSofDfeJOhgxKvRcgnCOjlQb/uDd+cDEqKRQU/Y76PQF"},"_chains":{"BSwAHu/xsXRfDnXZkGcFVOJ6bodMyEImsvdffHcihwcU":{"chainKey":{"counter":-1,"key":"VrbZq04THrp5tHAxfRckkoZYyQfKB388sM7Y09lab60="},"chainType":1,"messageKeys":{}}},"pendingPreKey":{"signedKeyId":1953925,"baseKey":"BSGy+Lc0+EN1j7sqzDviyYbuqGJE+L/2WBsyeaOBJDhP","preKeyId":3766009}},"BSfp7Cd0qVeZbbelLfJx+hAUU+kZq+bsYaR5PS/8tA81":{"registrationId":296519126,"currentRatchet":{"ephemeralKeyPair":{"pubKey":"BcXRA+x3G5GnephQ65RbbLt/rLHxoratgccRBxN954db","privKey":"MPSv7i0X4YaFJCu2mivFhZsUApi9pZrio61jNpX2m3g="},"lastRemoteEphemeralKey":"BUZh1c8Yq8b0x3YT/S1cxz00RjmBJ7ohr+zr/OKAg85S","previousCounter":0,"rootKey":"RxOjiY+BmwUGdWn+Uj8Lb/3W0O0CS2bJmGdA1UQV7dM="},"indexInfo":{"baseKey":"BSfp7Cd0qVeZbbelLfJx+hAUU+kZq+bsYaR5PS/8tA81","baseKeyType":1,"closed":-1,"used":1763718476691,"created":1763718476691,"remoteIdentityKey":"BSofDfeJOhgxKvRcgnCOjlQb/uDd+cDEqKRQU/Y76PQF"},"_chains":{"BcXRA+x3G5GnephQ65RbbLt/rLHxoratgccRBxN954db":{"chainKey":{"counter":145,"key":"/4pGO2hE7f/1Ak0ZfnIt/60oRudMr0DKSoZjnNMNUM0="},"chainType":1,"messageKeys":{}}},"pendingPreKey":{"signedKeyId":1953925,"baseKey":"BSfp7Cd0qVeZbbelLfJx+hAUU+kZq+bsYaR5PS/8tA81","preKeyId":3766040}}},"version":"v1"}