{"_sessions":{"BfCN3+VRu4nLyrH4dMdnZxerpmiK2wcZiUQfFc+pmFsS":{"registrationId":1222767496,"currentRatchet":{"ephemeralKeyPair":{"pubKey":"BUYiwjr8DyI5gwwy5aQjqVUgkM3sUt8eXZP6EycYJnUD","privKey":"eMTLrF4wj1rz5ibewCjYm1DghOXkEhGSH6pKQ7c9y0I="},"lastRemoteEphemeralKey":"BXCx3R9PR86K/vyRTknHpaCHMr/BzQPknI9a++DCTtAw","previousCounter":0,"rootKey":"mI7HClh6BVSeL+m/Tgo4D70Zxis0yZsEdOka8OPyrm0="},"indexInfo":{"baseKey":"BfCN3+VRu4nLyrH4dMdnZxerpmiK2wcZiUQfFc+pmFsS","baseKeyType":2,"closed":-1,"used":1763718445413,"created":1763718445413,"remoteIdentityKey":"BRDIcF4AK1QpMCXGfQzghA2xMOjH+FR4Wf2qvVCRq6po"},"_chains":{"BXCx3R9PR86K/vyRTknHpaCHMr/BzQPknI9a++DCTtAw":{"chainKey":{"counter":0,"key":"jRilKfd5XvRv2kUUtIH/rV2ccOtlPLWAZHLI/xKf1RU="},"chainType":2,"messageKeys":{}},"BUYiwjr8DyI5gwwy5aQjqVUgkM3sUt8eXZP6EycYJnUD":{"chainKey":{"counter":0,"key":"/K/BwhhQSLTmbIR4ThQUQYicI8lpyanIn90znD4QCas="},"chainType":1,"messageKeys":{}}}}},"version":"v1"}