{"_sessions":{"BT3xIep8grtXPefjtOBQV4ovlDJ/CeCglZ62TE2uKRAG":{"registrationId":596112796,"currentRatchet":{"ephemeralKeyPair":{"pubKey":"BShe2Vol1Wcu0gtoiLU7apZKiALZ5qj0me0gzaAgLatv","privKey":"ODOAGo8gk1iRuve2WltLwKK62GmE1L+jQNt/typdQmA="},"lastRemoteEphemeralKey":"BSDdn6PRUSqPdD5GIJlQh7Gg1wHRD5xL+VCigoNEVhNb","previousCounter":0,"rootKey":"7TlJi39p1yL8BRB3CY67gfnnU+xLwIF9+Qyv5zocdnQ="},"indexInfo":{"baseKey":"BT3xIep8grtXPefjtOBQV4ovlDJ/CeCglZ62TE2uKRAG","baseKeyType":1,"closed":1763718478326,"used":1763718477422,"created":1763718477422,"remoteIdentityKey":"BbNmviva9Lx/9W25OFeI14LmuIPcqi+llmAQdPuIoYp3"},"_chains":{"BShe2Vol1Wcu0gtoiLU7apZKiALZ5qj0me0gzaAgLatv":{"chainKey":{"counter":-1,"key":"19Ezcq3rCL2ft/GWbvw2IRNq3/WwMCsvolBSy8l9T8w="},"chainType":1,"messageKeys":{}}},"pendingPreKey":{"signedKeyId":9962303,"baseKey":"BT3xIep8grtXPefjtOBQV4ovlDJ/CeCglZ62TE2uKRAG","preKeyId":185788}},"BSL6DRuMas7s5PZPvh9dVJn4cS/H6SvvC1y27q7Qu1Mw":{"registrationId":596112796,"currentRatchet":{"ephemeralKeyPair":{"pubKey":"BYhiw1mZap/CFQSNYaNMyEarZPhY6s7Ir4QeFA7lb/86","privKey":"ECu1PhkmQKNHFir+z/YscZ1OBxSaSQ66YxrViC3Utm0="},"lastRemoteEphemeralKey":"BSDdn6PRUSqPdD5GIJlQh7Gg1wHRD5xL+VCigoNEVhNb","previousCounter":0,"rootKey":"WjBPR/tsD2SrxOiPvFPV8m96DaRZOKgyk1Tbc2wS/5M="},"indexInfo":{"baseKey":"BSL6DRuMas7s5PZPvh9dVJn4cS/H6SvvC1y27q7Qu1Mw","baseKeyType":1,"closed":-1,"used":1763718478323,"created":1763718478323,"remoteIdentityKey":"BbNmviva9Lx/9W25OFeI14LmuIPcqi+llmAQdPuIoYp3"},"_chains":{"BYhiw1mZap/CFQSNYaNMyEarZPhY6s7Ir4QeFA7lb/86":{"chainKey":{"counter":145,"key":"FP9WTAjFDoUWw8+zfr4HH/bZg+6h18tAZg6ysATWuu8="},"chainType":1,"messageKeys":{}}},"pendingPreKey":{"signedKeyId":9962303,"baseKey":"BSL6DRuMas7s5PZPvh9dVJn4cS/H6SvvC1y27q7Qu1Mw","preKeyId":185223}}},"version":"v1"}