{"_sessions":{"BWBG0LbIkmFk5pZFev2F+upxshvNix97uuYaV0VXxslv":{"registrationId":1421997646,"currentRatchet":{"ephemeralKeyPair":{"pubKey":"BafjObXD5YnV/sgc9BRLV5PuSMuxXv3/gCFokgRYvDZr","privKey":"YMaNqI6QBsRbyfCOnc0GXjkL3ofJ92/E+v0CtgBAtGE="},"lastRemoteEphemeralKey":"Bd4HLReHKWffYrcYskbdxmJoYgrDcMF0CwDIXsF8LBIC","previousCounter":0,"rootKey":"v5DdWO3HeYvalnD/1R0tg/TfkbrK30eF/O47F8uBSGA="},"indexInfo":{"baseKey":"BWBG0LbIkmFk5pZFev2F+upxshvNix97uuYaV0VXxslv","baseKeyType":1,"closed":1763718475020,"used":1763718474041,"created":1763718474041,"remoteIdentityKey":"Bfw3KKmS+wSaCowP5T53IjlAbImafp8KM4oLP21FqEIq"},"_chains":{"BafjObXD5YnV/sgc9BRLV5PuSMuxXv3/gCFokgRYvDZr":{"chainKey":{"counter":-1,"key":"Q4rTHt9/Mq1MMAwgBB/8pZ3UKyhbSoKuRNqJtWiVMZk="},"chainType":1,"messageKeys":{}}},"pendingPreKey":{"signedKeyId":23,"baseKey":"BWBG0LbIkmFk5pZFev2F+upxshvNix97uuYaV0VXxslv","preKeyId":11003197}},"BS8HZFcg+C/NOTTpnMKoQShMjPkz3RXc2OzjCfIWeFNJ":{"registrationId":1421997646,"currentRatchet":{"ephemeralKeyPair":{"pubKey":"BeY+oh0eJkzHMDuBKZJ4a8jaHneVwH9/fv9SUeO/dewD","privKey":"0OlMS3LrUide4B/7915MNreOc2apLXvU0epu1m3yUFs="},"lastRemoteEphemeralKey":"Bd4HLReHKWffYrcYskbdxmJoYgrDcMF0CwDIXsF8LBIC","previousCounter":0,"rootKey":"/AsYswCUTjJ8yE2HddIzYL6ck9Rv8zx7wSycV9R7xWA="},"indexInfo":{"baseKey":"BS8HZFcg+C/NOTTpnMKoQShMjPkz3RXc2OzjCfIWeFNJ","baseKeyType":1,"closed":-1,"used":1763718475018,"created":1763718475018,"remoteIdentityKey":"Bfw3KKmS+wSaCowP5T53IjlAbImafp8KM4oLP21FqEIq"},"_chains":{"BeY+oh0eJkzHMDuBKZJ4a8jaHneVwH9/fv9SUeO/dewD":{"chainKey":{"counter":145,"key":"Xss0fuGbCrprEfCLjYqof52ulaHXo+GFQx5L3HUUIvU="},"chainType":1,"messageKeys":{}}},"pendingPreKey":{"signedKeyId":23,"baseKey":"BS8HZFcg+C/NOTTpnMKoQShMjPkz3RXc2OzjCfIWeFNJ","preKeyId":11003195}}},"version":"v1"}