{"_sessions":{"BSK7LHFw1AAW2aEuiSGOVUWcnSlkGnWm0OGG1JMGiXoQ":{"registrationId":1761595817,"currentRatchet":{"ephemeralKeyPair":{"pubKey":"BUBDFdxHnQ2ssinFMZDU9lv07qrqRg0yHv+p81kJM4V1","privKey":"eHhChx3luTpntpE7LFL8K49reNeY8VMMqLPitqpFz2Y="},"lastRemoteEphemeralKey":"BSftoACTchDWpArLIxKb+INm1aYCj1NEbW2uoqHnn29M","previousCounter":0,"rootKey":"I6aFuPOlx6UC3AefKcYyon6RT5WvICr9GI4auPzm0Z0="},"indexInfo":{"baseKey":"BSK7LHFw1AAW2aEuiSGOVUWcnSlkGnWm0OGG1JMGiXoQ","baseKeyType":1,"closed":1763718479689,"used":1763718478947,"created":1763718478947,"remoteIdentityKey":"BQOC98DDL9Dl3Y5LZbau8l9OFz0lMeWhAACnKOXLMQNE"},"_chains":{"BUBDFdxHnQ2ssinFMZDU9lv07qrqRg0yHv+p81kJM4V1":{"chainKey":{"counter":-1,"key":"1/SIAg6Z0hiPz7OS8LQ7f7bGg/dK83/zSyUQPLDwBAc="},"chainType":1,"messageKeys":{}}},"pendingPreKey":{"signedKeyId":5,"baseKey":"BSK7LHFw1AAW2aEuiSGOVUWcnSlkGnWm0OGG1JMGiXoQ","preKeyId":3315697}},"BQsA4cJagNBTB49lY576o6vl+5B9V/e8h+rcKvWUYJUT":{"registrationId":1761595817,"currentRatchet":{"ephemeralKeyPair":{"pubKey":"BTNQGgWwuYUanGDofQhJiOIMc7qd/0Hvv1ilunaskikg","privKey":"cFAmqsvq+XiKweq+OITRqByBuHHPH8/19oQv/Oswn3o="},"lastRemoteEphemeralKey":"BSftoACTchDWpArLIxKb+INm1aYCj1NEbW2uoqHnn29M","previousCounter":0,"rootKey":"oblReEPrYINrtZTkuRHrtL/fzhZ45GDlMp078xqb4U0="},"indexInfo":{"baseKey":"BQsA4cJagNBTB49lY576o6vl+5B9V/e8h+rcKvWUYJUT","baseKeyType":1,"closed":-1,"used":1763718479686,"created":1763718479686,"remoteIdentityKey":"BQOC98DDL9Dl3Y5LZbau8l9OFz0lMeWhAACnKOXLMQNE"},"_chains":{"BTNQGgWwuYUanGDofQhJiOIMc7qd/0Hvv1ilunaskikg":{"chainKey":{"counter":145,"key":"KoTkQkeQIRsgisep2lMnQHtZLzEqv8l5ftXyalv6kdY="},"chainType":1,"messageKeys":{}}},"pendingPreKey":{"signedKeyId":5,"baseKey":"BQsA4cJagNBTB49lY576o6vl+5B9V/e8h+rcKvWUYJUT","preKeyId":3315105}}},"version":"v1"}