{"_sessions":{"BRc5gAcOX/7r9QAaMcRte4zU4svtxKbaNHd7IcGmtko4":{"registrationId":947776845,"currentRatchet":{"ephemeralKeyPair":{"pubKey":"BTVFCwQxDHwnqdU2xB2gMrknG+YXjOORQKqzRh4Y8CxX","privKey":"WCbzMjLsJZycEa/9Yo3qxzoDvF+NxpnowRHAQr5M32k="},"lastRemoteEphemeralKey":"BX2wBhjD54kEiYVt33zHJeFuEOCFdaxOQmkFtq/CQv0z","previousCounter":0,"rootKey":"ivkoODX9ytnH6iBPYB5wQduM9sZzzDbwklRZsuvL7Qs="},"indexInfo":{"baseKey":"BRc5gAcOX/7r9QAaMcRte4zU4svtxKbaNHd7IcGmtko4","baseKeyType":2,"closed":-1,"used":1763715410049,"created":1763715410049,"remoteIdentityKey":"BaQFC4k9m/cpRb/rhdv7vDQRzTIFmYpWTcV6vqa7at42"},"_chains":{"BX2wBhjD54kEiYVt33zHJeFuEOCFdaxOQmkFtq/CQv0z":{"chainKey":{"counter":0,"key":"eZabrr8S/86Iin4mWK6dHXcsR86Srv+f0/ItvMweO1g="},"chainType":2,"messageKeys":{}},"BTVFCwQxDHwnqdU2xB2gMrknG+YXjOORQKqzRh4Y8CxX":{"chainKey":{"counter":145,"key":"YXXmepvE2ThHB9pZVQAWCgxr4aamuG+txER+ynmXKxg="},"chainType":1,"messageKeys":{}}}}},"version":"v1"}