{"_sessions":{"BbBRqHpv8pzDFU/UvLTJk2L2MQlIyKC1Whi5tmV+fVVR":{"registrationId":1006715361,"currentRatchet":{"ephemeralKeyPair":{"pubKey":"BbBff5rCWsMSEzL3MLYh7d7yt7F/UjoOsh9/i2iFt2JR","privKey":"gNv+gWu6UXK9kEAarfq3KjDU35jzcv1Dwpbm9go8Zk4="},"lastRemoteEphemeralKey":"BVaHrHbQHY4cNfh0gzKtbvolaWQIms+i6O4hJJqFd6o2","previousCounter":0,"rootKey":"E6+XxwBS/pbX5gCUZ61RQGR6f4yumoY36I2O7hd+wcM="},"indexInfo":{"baseKey":"BbBRqHpv8pzDFU/UvLTJk2L2MQlIyKC1Whi5tmV+fVVR","baseKeyType":1,"closed":1763718476505,"used":1763718475738,"created":1763718475738,"remoteIdentityKey":"Bfg1b5RhIx99MtU1zonko3wagkb+pYBrg0vhIvQXDH9R"},"_chains":{"BbBff5rCWsMSEzL3MLYh7d7yt7F/UjoOsh9/i2iFt2JR":{"chainKey":{"counter":-1,"key":"guiHlRoSqCMz17kMO5dj9GPMwfMfIqhlx8fVmfX1uCQ="},"chainType":1,"messageKeys":{}}},"pendingPreKey":{"signedKeyId":2,"baseKey":"BbBRqHpv8pzDFU/UvLTJk2L2MQlIyKC1Whi5tmV+fVVR","preKeyId":11180650}},"Bb2tpNHOnncqs07naslVsf1YWjOIJqarmqhT1lbNyup8":{"registrationId":1006715361,"currentRatchet":{"ephemeralKeyPair":{"pubKey":"BULXYwKnK3JuBe6t6u6rQkri/ln/+JLZOjj4sNteZoAl","privKey":"yGTHKMSHkvI0yFUejhZAORHf/hBG4EcQaLU4Ie2tlVs="},"lastRemoteEphemeralKey":"BVaHrHbQHY4cNfh0gzKtbvolaWQIms+i6O4hJJqFd6o2","previousCounter":0,"rootKey":"SfRnffgOqRtzkei0vZ4Ve6drbxJ8bfFNf6jw/8rHT78="},"indexInfo":{"baseKey":"Bb2tpNHOnncqs07naslVsf1YWjOIJqarmqhT1lbNyup8","baseKeyType":1,"closed":-1,"used":1763718476502,"created":1763718476502,"remoteIdentityKey":"Bfg1b5RhIx99MtU1zonko3wagkb+pYBrg0vhIvQXDH9R"},"_chains":{"BULXYwKnK3JuBe6t6u6rQkri/ln/+JLZOjj4sNteZoAl":{"chainKey":{"counter":145,"key":"8LCi3pntWCEQJpAv4IbMc8OQJ6FTtSl6dccSkfY028U="},"chainType":1,"messageKeys":{}}},"pendingPreKey":{"signedKeyId":2,"baseKey":"Bb2tpNHOnncqs07naslVsf1YWjOIJqarmqhT1lbNyup8","preKeyId":11180657}}},"version":"v1"}