{"_sessions":{"BX+aHiYWLMvY01iMbF/7/bi5P1VYyfQCM4rjUGRnAXN3":{"registrationId":971027382,"currentRatchet":{"ephemeralKeyPair":{"pubKey":"BVQVXI1oXesuDjD6jsgDuHviBEU1S7LkpOwlNKuNqnJ+","privKey":"GF9Qn9bvTT4EBLEGqzUHyHc0UMzrwd2KUZfuKFBv9XE="},"lastRemoteEphemeralKey":"Ba7H8MECSRV0XPTQHF/8Qlbf50jzsah5rNlBpyBrKi0R","previousCounter":0,"rootKey":"AoedUOmck4ChTkzAi6qLDf1o+EKGY8Of3r8ODwWTT64="},"indexInfo":{"baseKey":"BX+aHiYWLMvY01iMbF/7/bi5P1VYyfQCM4rjUGRnAXN3","baseKeyType":1,"closed":1763718472783,"used":1763718471867,"created":1763718471867,"remoteIdentityKey":"BRtTaAdOtVl3cNtEiNz9EnRh1MYRUp9kiZBbZtve6Bwv"},"_chains":{"BVQVXI1oXesuDjD6jsgDuHviBEU1S7LkpOwlNKuNqnJ+":{"chainKey":{"counter":-1,"key":"h0v+vo+EIRr+xFcgnACgiKUNXMyd6K1Mw19lRr4pCRc="},"chainType":1,"messageKeys":{}}},"pendingPreKey":{"signedKeyId":11205508,"baseKey":"BX+aHiYWLMvY01iMbF/7/bi5P1VYyfQCM4rjUGRnAXN3"}},"BdWU8neCB60kUDlaQ2QNBELgcYr5/ow5X4JkXd9d1XAY":{"registrationId":971027382,"currentRatchet":{"ephemeralKeyPair":{"pubKey":"BZrOTtWw0R2PwImbqRJFDXICrgTRiaPCSKukCEGDUQES","privKey":"0H07OVAsM7L59x24t+suefdfPpYZLw7O+FHr1g1i/2c="},"lastRemoteEphemeralKey":"Ba7H8MECSRV0XPTQHF/8Qlbf50jzsah5rNlBpyBrKi0R","previousCounter":0,"rootKey":"dpfUXVv14q98pNxmXOxv+nSxPyTGfIOoBWlE0dkxIMU="},"indexInfo":{"baseKey":"BdWU8neCB60kUDlaQ2QNBELgcYr5/ow5X4JkXd9d1XAY","baseKeyType":1,"closed":-1,"used":1763718472781,"created":1763718472781,"remoteIdentityKey":"BRtTaAdOtVl3cNtEiNz9EnRh1MYRUp9kiZBbZtve6Bwv"},"_chains":{"BZrOTtWw0R2PwImbqRJFDXICrgTRiaPCSKukCEGDUQES":{"chainKey":{"counter":145,"key":"Ire16kRQ70/kl5UCvHY5GLz5JiuwANkebsXy6yWyVDM="},"chainType":1,"messageKeys":{}}},"pendingPreKey":{"signedKeyId":11205508,"baseKey":"BdWU8neCB60kUDlaQ2QNBELgcYr5/ow5X4JkXd9d1XAY"}}},"version":"v1"}