{"_sessions":{"BamfQcnv5jKGUHCas1nE9vtoIAUNFmrwIEzBu1nRivh1":{"registrationId":258544050,"currentRatchet":{"ephemeralKeyPair":{"pubKey":"BVWnLXjX3RAVLJNjRVfTZpnPbHhlqkzRxnR2EJf/TEIJ","privKey":"6BAv/o/oeSzhCrINSLwtRohPJ2B7nKvu9u7JHsbG3X4="},"lastRemoteEphemeralKey":"BYzaXc4HrvB78KLfW1+IpQsKfnCBARlCBVXf8iHNlXYo","previousCounter":0,"rootKey":"cT2rRY0tCX9XtV7hNozpgPZCE9KHSgZir4XRVhKweh0="},"indexInfo":{"baseKey":"BamfQcnv5jKGUHCas1nE9vtoIAUNFmrwIEzBu1nRivh1","baseKeyType":1,"closed":1763718470802,"used":1763718469838,"created":1763718469838,"remoteIdentityKey":"BR1FVtqdh2DWXTQesVongK46haPOJGSLvNo1AX8YVIp7"},"_chains":{"BVWnLXjX3RAVLJNjRVfTZpnPbHhlqkzRxnR2EJf/TEIJ":{"chainKey":{"counter":-1,"key":"ygc0sG1p0E6jIfuSjiRtZDt9/QCZ0r7BQuPg81+EgRU="},"chainType":1,"messageKeys":{}}},"pendingPreKey":{"signedKeyId":18,"baseKey":"BamfQcnv5jKGUHCas1nE9vtoIAUNFmrwIEzBu1nRivh1","preKeyId":6293229}},"BaUOmVsLsyDrDvQBNbFO+PLYKbUIn2OG3/CWS/B3tB0v":{"registrationId":258544050,"currentRatchet":{"ephemeralKeyPair":{"pubKey":"Bc7gtjXOGVBEN/PpTu4dpGebb0UAmXs4PQDntHZDzqgo","privKey":"iExYPF+ZeesJY/KkRrNLfZAUyFkikpifMl1zFwB8YFE="},"lastRemoteEphemeralKey":"BYzaXc4HrvB78KLfW1+IpQsKfnCBARlCBVXf8iHNlXYo","previousCounter":0,"rootKey":"7E4JJrHOE+E54j4V569G/yDPp7zs4jf/u4nNExGBbyg="},"indexInfo":{"baseKey":"BaUOmVsLsyDrDvQBNbFO+PLYKbUIn2OG3/CWS/B3tB0v","baseKeyType":1,"closed":-1,"used":1763718470799,"created":1763718470799,"remoteIdentityKey":"BR1FVtqdh2DWXTQesVongK46haPOJGSLvNo1AX8YVIp7"},"_chains":{"Bc7gtjXOGVBEN/PpTu4dpGebb0UAmXs4PQDntHZDzqgo":{"chainKey":{"counter":145,"key":"wtPXuGmF1Uj2TkHDjefuybEvz1H7TFva6wupVFg6TxM="},"chainType":1,"messageKeys":{}}},"pendingPreKey":{"signedKeyId":18,"baseKey":"BaUOmVsLsyDrDvQBNbFO+PLYKbUIn2OG3/CWS/B3tB0v","preKeyId":6292732}}},"version":"v1"}