{"_sessions":{"BW8zG0SgK1+DpNkDsEGPX37jpI3SC9TdexMvFuAP/fRw":{"registrationId":1141103329,"currentRatchet":{"ephemeralKeyPair":{"pubKey":"BaE3f8S71zFVuEjP9+oFGM2wR7jcq0ghqcKIe7Ys4iMA","privKey":"oNzpMN8uDJ/+tLKSh23FDY6HXYYNAnWYnEiVkuPMlGc="},"lastRemoteEphemeralKey":"BQx65vyihqcJi8/UfXLdWQf3dlVGt6VjE45+mooSrfpO","previousCounter":0,"rootKey":"wPZfFMc9zTCsXPcS0b8i+zAowp1Eli8GW6rYFOHJyO0="},"indexInfo":{"baseKey":"BW8zG0SgK1+DpNkDsEGPX37jpI3SC9TdexMvFuAP/fRw","baseKeyType":1,"closed":1763718474721,"used":1763718473826,"created":1763718473826,"remoteIdentityKey":"Ba0GcX0DctDs2pqLK6r/fXFqxLq/z9FrK9gYgrlvubdU"},"_chains":{"BaE3f8S71zFVuEjP9+oFGM2wR7jcq0ghqcKIe7Ys4iMA":{"chainKey":{"counter":-1,"key":"y/8XHLs07D7jC3fOwvXxAUnxwVH//osBPp+uNzvHP8E="},"chainType":1,"messageKeys":{}}},"pendingPreKey":{"signedKeyId":15,"baseKey":"BW8zG0SgK1+DpNkDsEGPX37jpI3SC9TdexMvFuAP/fRw","preKeyId":6412071}},"BbeaHcPOIVTImHwe6M1hdU2ekoL1BjSvO3oETa+Q1uQ/":{"registrationId":1141103329,"currentRatchet":{"ephemeralKeyPair":{"pubKey":"BURe27txIjKEqAJkOrtKfbIWoRQMscbCs5DhxXiGlOoR","privKey":"yMHQQRPFX8WjRV2FxvVj3X+Puld4F5aQHP6Y8ERlrnE="},"lastRemoteEphemeralKey":"BQx65vyihqcJi8/UfXLdWQf3dlVGt6VjE45+mooSrfpO","previousCounter":0,"rootKey":"cni88ZwgQQsQA70BzSPsckmBxd4KK8RIMQH1Np+5N4Y="},"indexInfo":{"baseKey":"BbeaHcPOIVTImHwe6M1hdU2ekoL1BjSvO3oETa+Q1uQ/","baseKeyType":1,"closed":-1,"used":1763718474718,"created":1763718474718,"remoteIdentityKey":"Ba0GcX0DctDs2pqLK6r/fXFqxLq/z9FrK9gYgrlvubdU"},"_chains":{"BURe27txIjKEqAJkOrtKfbIWoRQMscbCs5DhxXiGlOoR":{"chainKey":{"counter":145,"key":"eXuMhYOY+71FSAxvJWuCZkjpPq/sAkSTXiwdkAkppZw="},"chainType":1,"messageKeys":{}}},"pendingPreKey":{"signedKeyId":15,"baseKey":"BbeaHcPOIVTImHwe6M1hdU2ekoL1BjSvO3oETa+Q1uQ/","preKeyId":6412258}}},"version":"v1"}