{"_sessions":{"BQgqA/8/o4+KGJ+aV453wcujEimX533BRP7ZlY6Dyh1A":{"registrationId":1517134870,"currentRatchet":{"ephemeralKeyPair":{"pubKey":"BTdZKHwNXdJazODS6g+u4sIrMLFmcCaWwFLy7wgvZ243","privKey":"OPdm3duuuTJMx8zEdGMQjPLjBe0w/XBY1dixSlVztk8="},"lastRemoteEphemeralKey":"BePdirPxcCtgzYAAeuDJzgHwRPi2t+eBhTo3NZaI/557","previousCounter":0,"rootKey":"d7F1SEXugDCIxv7vH7uHZdsXGE0uyngn/hqjpmsQZpA="},"indexInfo":{"baseKey":"BQgqA/8/o4+KGJ+aV453wcujEimX533BRP7ZlY6Dyh1A","baseKeyType":1,"closed":1763718472943,"used":1763718471963,"created":1763718471963,"remoteIdentityKey":"BRKt5aaQcSZERTnAzp8MJ3y/wSn3eD6e+jYDlw2/9XsX"},"_chains":{"BTdZKHwNXdJazODS6g+u4sIrMLFmcCaWwFLy7wgvZ243":{"chainKey":{"counter":-1,"key":"3Zg4VqP9O9h4SEdRJ1XKH0uU+o8ppdZ7jL2PnEzffes="},"chainType":1,"messageKeys":{}}},"pendingPreKey":{"signedKeyId":33,"baseKey":"BQgqA/8/o4+KGJ+aV453wcujEimX533BRP7ZlY6Dyh1A","preKeyId":4879260}},"BZjX8kNiNGz1bRRVyFCJcEZON2HKZqLrjUp2hGT9N+4c":{"registrationId":1517134870,"currentRatchet":{"ephemeralKeyPair":{"pubKey":"Bc8hUaWMg3ZZ5kAlI0bIoBXeEXtGtmElKN/tD8UJU/Rb","privKey":"aLqYVm7UHlSOYctyqB7cU0l2Z1SNOmJG3T0xFG8YOFc="},"lastRemoteEphemeralKey":"BePdirPxcCtgzYAAeuDJzgHwRPi2t+eBhTo3NZaI/557","previousCounter":0,"rootKey":"bGf46qip/M5Q59FkiAKPmNS3lWU+zLfta1+6zfIykTk="},"indexInfo":{"baseKey":"BZjX8kNiNGz1bRRVyFCJcEZON2HKZqLrjUp2hGT9N+4c","baseKeyType":1,"closed":-1,"used":1763718472939,"created":1763718472939,"remoteIdentityKey":"BRKt5aaQcSZERTnAzp8MJ3y/wSn3eD6e+jYDlw2/9XsX"},"_chains":{"Bc8hUaWMg3ZZ5kAlI0bIoBXeEXtGtmElKN/tD8UJU/Rb":{"chainKey":{"counter":145,"key":"Kty3/mSdIf98wyNHUiJKsRxvTxDSZsIsrt+oOcvz4Ls="},"chainType":1,"messageKeys":{}}},"pendingPreKey":{"signedKeyId":33,"baseKey":"BZjX8kNiNGz1bRRVyFCJcEZON2HKZqLrjUp2hGT9N+4c","preKeyId":4879376}}},"version":"v1"}