{"_sessions":{"Ba2fDg7C7AWAuAdAN7HOSV8NJqvZT6oWKESnbsIu0OFP":{"registrationId":963548191,"currentRatchet":{"ephemeralKeyPair":{"pubKey":"BQzIfIgF/e1CWRUVhZL3FSC+/6T8xUtF7fpMgZlUgMYL","privKey":"uO1FtZ4BLpdLGgXWXOHg05vu3urfeFmogRXEMtjbYkE="},"lastRemoteEphemeralKey":"BSuW+Bljvfct7/11smnyaz7GX9+AqoSQb2Pg61opSXsu","previousCounter":0,"rootKey":"UBtvpvXj3sOF0F+tI2qFWUSIWRsrn9zeAkPUsshWb6g="},"indexInfo":{"baseKey":"Ba2fDg7C7AWAuAdAN7HOSV8NJqvZT6oWKESnbsIu0OFP","baseKeyType":1,"closed":1763718480282,"used":1763718479284,"created":1763718479284,"remoteIdentityKey":"BdjAwU4/xrdhodd/SSSkBYh7T14Oonn3f5hy6DRXTnpF"},"_chains":{"BQzIfIgF/e1CWRUVhZL3FSC+/6T8xUtF7fpMgZlUgMYL":{"chainKey":{"counter":-1,"key":"KwJ+Cl7SUKcau2958wyFmsyOVThnka3QMiP6ZfAzG0Y="},"chainType":1,"messageKeys":{}}},"pendingPreKey":{"signedKeyId":18,"baseKey":"Ba2fDg7C7AWAuAdAN7HOSV8NJqvZT6oWKESnbsIu0OFP","preKeyId":11936147}},"BR6+a0VcrkErxjXZ3SJZto5m7SR4kO1D001vHuXj9qtj":{"registrationId":963548191,"currentRatchet":{"ephemeralKeyPair":{"pubKey":"Bb3tlRxM/KdHyD0TdnIWIqpTq8npDZM/s+KvOiKKw7Qn","privKey":"wG9iVk1n1EJp/RBEjojK+y82U150xT9X/dypQpg11WM="},"lastRemoteEphemeralKey":"BSuW+Bljvfct7/11smnyaz7GX9+AqoSQb2Pg61opSXsu","previousCounter":0,"rootKey":"1S++SibXGmUUk49jp2OtL7CwOJutpNEKCF1s4qH5sVQ="},"indexInfo":{"baseKey":"BR6+a0VcrkErxjXZ3SJZto5m7SR4kO1D001vHuXj9qtj","baseKeyType":1,"closed":-1,"used":1763718480279,"created":1763718480279,"remoteIdentityKey":"BdjAwU4/xrdhodd/SSSkBYh7T14Oonn3f5hy6DRXTnpF"},"_chains":{"Bb3tlRxM/KdHyD0TdnIWIqpTq8npDZM/s+KvOiKKw7Qn":{"chainKey":{"counter":145,"key":"xqGpY62WZoNeHCARoRgus+tcE1bxEF1tMckgaO245m8="},"chainType":1,"messageKeys":{}}},"pendingPreKey":{"signedKeyId":18,"baseKey":"BR6+a0VcrkErxjXZ3SJZto5m7SR4kO1D001vHuXj9qtj","preKeyId":11936077}}},"version":"v1"}