{"_sessions":{"BWI+gN9WQ7MM97A2x6TOpIH36d62JttKuWhojDPFsRYJ":{"registrationId":28577106,"currentRatchet":{"ephemeralKeyPair":{"pubKey":"Bd/nPCdjt6Bea7KLo629pVqeLi4XQx+fIwX0Vp8FFfVi","privKey":"CG+UYHdI+6Xkr+f5BCK9yNrDHpboTFrcNNKsc5aOGEg="},"lastRemoteEphemeralKey":"BTWLnpoK6DN30y9euzbt6SdpRRSXH+l40/izOE2ZdMdE","previousCounter":0,"rootKey":"SvjR4UqOlp7hxOYO5WMdLwVbBJlDifUG8oGO0ep1Dk4="},"indexInfo":{"baseKey":"BWI+gN9WQ7MM97A2x6TOpIH36d62JttKuWhojDPFsRYJ","baseKeyType":1,"closed":1763718474569,"used":1763718473735,"created":1763718473735,"remoteIdentityKey":"BeAWdE/4Pf3MFMfPfIWXfoT818UuHz8VcjmHF2ZQ3+Jr"},"_chains":{"Bd/nPCdjt6Bea7KLo629pVqeLi4XQx+fIwX0Vp8FFfVi":{"chainKey":{"counter":-1,"key":"pq54508MISIB3zpuVsdvNeyHVbebMDnV2Tex7YmyBcc="},"chainType":1,"messageKeys":{}}},"pendingPreKey":{"signedKeyId":30,"baseKey":"BWI+gN9WQ7MM97A2x6TOpIH36d62JttKuWhojDPFsRYJ","preKeyId":13214196}},"BTzj/fFxUDZezmlu20zVF781jgAuunPmdqfKqdN6oZc3":{"registrationId":28577106,"currentRatchet":{"ephemeralKeyPair":{"pubKey":"BecUoQBpdYlPuTRVvFqNWY+I5yqdjadt46rMkL/YfCUA","privKey":"cHONZiuInxmNl9paZH7kuZV6sCNhW8OoYg78h+rvKWQ="},"lastRemoteEphemeralKey":"BTWLnpoK6DN30y9euzbt6SdpRRSXH+l40/izOE2ZdMdE","previousCounter":0,"rootKey":"S4petBKeWBIDkjBBrtHmTU1sMNqzIElrRLP7kNuUP6Q="},"indexInfo":{"baseKey":"BTzj/fFxUDZezmlu20zVF781jgAuunPmdqfKqdN6oZc3","baseKeyType":1,"closed":-1,"used":1763718474566,"created":1763718474566,"remoteIdentityKey":"BeAWdE/4Pf3MFMfPfIWXfoT818UuHz8VcjmHF2ZQ3+Jr"},"_chains":{"BecUoQBpdYlPuTRVvFqNWY+I5yqdjadt46rMkL/YfCUA":{"chainKey":{"counter":145,"key":"yMHTbkU1JbLRffQyP8Z31V0R7zxsGJgutCp9MAZ+770="},"chainType":1,"messageKeys":{}}},"pendingPreKey":{"signedKeyId":30,"baseKey":"BTzj/fFxUDZezmlu20zVF781jgAuunPmdqfKqdN6oZc3","preKeyId":13214207}}},"version":"v1"}