{"_sessions":{"BfKJ6/gEMRk+1imBGVoYURD4SdDBKzok6m/9KkfggGZJ":{"registrationId":764606755,"currentRatchet":{"ephemeralKeyPair":{"pubKey":"BRbHOulB9wNaMsPHVIbbqEwMq/NHk5KmqfjObkLPuyUV","privKey":"KMtLTX0v2bI7C2sibOWqDZvc8kql2AA3JL/tdDZg6no="},"lastRemoteEphemeralKey":"BUKtkEW93FkIsnMRLvqdbBMxC+8AifDcQmJwRVaI5kcr","previousCounter":0,"rootKey":"zZrAEAEMfG5+B8UUEDRcg1jRIpFkXiisAGuyHRu5m/Q="},"indexInfo":{"baseKey":"BfKJ6/gEMRk+1imBGVoYURD4SdDBKzok6m/9KkfggGZJ","baseKeyType":1,"closed":1763718471172,"used":1763718470046,"created":1763718470046,"remoteIdentityKey":"BVzenOqwqqZhDpjH9JYoxupweds5Zicgj1qDn7M2bjk7"},"_chains":{"BRbHOulB9wNaMsPHVIbbqEwMq/NHk5KmqfjObkLPuyUV":{"chainKey":{"counter":-1,"key":"WZyCs3qhk4ev7pVBnRvZvXX2P3PFTeNm+XJ9HwDoX+Y="},"chainType":1,"messageKeys":{}}},"pendingPreKey":{"signedKeyId":13053266,"baseKey":"BfKJ6/gEMRk+1imBGVoYURD4SdDBKzok6m/9KkfggGZJ","preKeyId":26419}},"BX4zp44YWzzO9DHuJFCKg95ZQpGDohVsPmwwiQ70plEq":{"registrationId":764606755,"currentRatchet":{"ephemeralKeyPair":{"pubKey":"BYlougTqh63S/zq8Ico4D41+Pp+w8GqCaG0sD/+4qe8S","privKey":"ANTh6CDtw6rzz6VOO18IqMyLYNmQRSv7BPqkUuCLcHo="},"lastRemoteEphemeralKey":"BUKtkEW93FkIsnMRLvqdbBMxC+8AifDcQmJwRVaI5kcr","previousCounter":0,"rootKey":"9vX5LTh8M2imcUszWtPPunhwUmsY2X0mVCPSx+MqxRw="},"indexInfo":{"baseKey":"BX4zp44YWzzO9DHuJFCKg95ZQpGDohVsPmwwiQ70plEq","baseKeyType":1,"closed":-1,"used":1763718471170,"created":1763718471170,"remoteIdentityKey":"BVzenOqwqqZhDpjH9JYoxupweds5Zicgj1qDn7M2bjk7"},"_chains":{"BYlougTqh63S/zq8Ico4D41+Pp+w8GqCaG0sD/+4qe8S":{"chainKey":{"counter":145,"key":"6XWFR7y5gE/aa69Bkh6vqlUX29A2uXUN+LefCA5EdQc="},"chainType":1,"messageKeys":{}}},"pendingPreKey":{"signedKeyId":13053266,"baseKey":"BX4zp44YWzzO9DHuJFCKg95ZQpGDohVsPmwwiQ70plEq","preKeyId":26465}}},"version":"v1"}