{"_sessions":{"BV3VjY9ES8SR0OV41HLWmL/Pk4NmNSd23QHjveqmfOk+":{"registrationId":222859875,"currentRatchet":{"ephemeralKeyPair":{"pubKey":"BYEjSG8HQRzgSnCjPqW6RMCGqgZsv/02YAwWUS0GNzxa","privKey":"kB4sByTxISUOv/eDgb3qDSCpkCj3aSRi7sTBSRvRx0M="},"lastRemoteEphemeralKey":"BSPcgcU7n1/P/FlzrcnBvcYTrX7tE2ehb0DHajtewxFF","previousCounter":0,"rootKey":"LLaWrdzmgQHfWfD9SNdZul/8j4YlN80cqKLwWBARAys="},"indexInfo":{"baseKey":"BV3VjY9ES8SR0OV41HLWmL/Pk4NmNSd23QHjveqmfOk+","baseKeyType":1,"closed":1763718476378,"used":1763718475661,"created":1763718475661,"remoteIdentityKey":"BQNv/1tKcjSWEem0YcImjwYn8sB6gevCA6wO2dMSNnN7"},"_chains":{"BYEjSG8HQRzgSnCjPqW6RMCGqgZsv/02YAwWUS0GNzxa":{"chainKey":{"counter":-1,"key":"pGvmN6cInXv+UIccBsdbg1MPVe4hl8CnfZNVh7lfvqg="},"chainType":1,"messageKeys":{}}},"pendingPreKey":{"signedKeyId":3828337,"baseKey":"BV3VjY9ES8SR0OV41HLWmL/Pk4NmNSd23QHjveqmfOk+","preKeyId":13051683}},"BT99UIy46D4X8G/5Ph+edDnAVhuQcy0Riqmz1QvP1WtX":{"registrationId":222859875,"currentRatchet":{"ephemeralKeyPair":{"pubKey":"BRfGpvaeL/latBtMXueZWlVHbfoTaAXIHPdTCBWvuFJJ","privKey":"YMM1Km73k5K1uSxyVqu5O4wQ1z4ohwppaaWsnRGHLEo="},"lastRemoteEphemeralKey":"BSPcgcU7n1/P/FlzrcnBvcYTrX7tE2ehb0DHajtewxFF","previousCounter":0,"rootKey":"2fcB/Hwd8j5/fDOBmB8Wp+gBhAVW93PZCUVrE7NF6ck="},"indexInfo":{"baseKey":"BT99UIy46D4X8G/5Ph+edDnAVhuQcy0Riqmz1QvP1WtX","baseKeyType":1,"closed":-1,"used":1763718476375,"created":1763718476375,"remoteIdentityKey":"BQNv/1tKcjSWEem0YcImjwYn8sB6gevCA6wO2dMSNnN7"},"_chains":{"BRfGpvaeL/latBtMXueZWlVHbfoTaAXIHPdTCBWvuFJJ":{"chainKey":{"counter":145,"key":"Zg8ZbEznVFPzloonZwnKT14Mi5g1+cwb2pfnmABrpQY="},"chainType":1,"messageKeys":{}}},"pendingPreKey":{"signedKeyId":3828337,"baseKey":"BT99UIy46D4X8G/5Ph+edDnAVhuQcy0Riqmz1QvP1WtX","preKeyId":13051710}}},"version":"v1"}