{"_sessions":{"BSKU2yy2WOrGR679QlXqD1jv9ugu59NWeDApdcRzzQED":{"registrationId":939818592,"currentRatchet":{"ephemeralKeyPair":{"pubKey":"BecnDG0VbnADqScyqtG/fi/f9EyWZfbcATWoKMTDZ4I8","privKey":"SMEr3KWiwTXZfaKhUDpbM52G1LM0X8A492PyoP4qllM="},"lastRemoteEphemeralKey":"Bb0mk8e1/YV5ZKTT2AJiibSi7e8Mz+5U+H7bQh92djQr","previousCounter":0,"rootKey":"70PqWKrs6I6tSyJUEJGDKHetfqR2g1gFUMUq9XUhZpk="},"indexInfo":{"baseKey":"BSKU2yy2WOrGR679QlXqD1jv9ugu59NWeDApdcRzzQED","baseKeyType":1,"closed":1763718473143,"used":1763718472078,"created":1763718472078,"remoteIdentityKey":"BRLOD6tBrorKvMWa2Aav7mU1917Y12N3hSMNp6B7aZUL"},"_chains":{"BecnDG0VbnADqScyqtG/fi/f9EyWZfbcATWoKMTDZ4I8":{"chainKey":{"counter":-1,"key":"N1MYvUeBv/70ZrDWuKGe/wltNNm49EAekfNLYfBF3f0="},"chainType":1,"messageKeys":{}}},"pendingPreKey":{"signedKeyId":8877037,"baseKey":"BSKU2yy2WOrGR679QlXqD1jv9ugu59NWeDApdcRzzQED","preKeyId":12552437}},"BW5b2pFQqHv8L/F3tJ/Pl9VLFBfDpsneigFy5BA7ZhkQ":{"registrationId":939818592,"currentRatchet":{"ephemeralKeyPair":{"pubKey":"BYXUX7apkr5/vqZjkUak9GnW2H3ru7lbY+X7Qx6bM8JB","privKey":"SCLEBUeFu/WlJcI3xsKcbuvIWnePTMYdCjgu0JRf+Fk="},"lastRemoteEphemeralKey":"Bb0mk8e1/YV5ZKTT2AJiibSi7e8Mz+5U+H7bQh92djQr","previousCounter":0,"rootKey":"1+VOKkZ0spyZTp+5fXXJpNz0/ssIOSFY1jC8GXWWJic="},"indexInfo":{"baseKey":"BW5b2pFQqHv8L/F3tJ/Pl9VLFBfDpsneigFy5BA7ZhkQ","baseKeyType":1,"closed":-1,"used":1763718473140,"created":1763718473140,"remoteIdentityKey":"BRLOD6tBrorKvMWa2Aav7mU1917Y12N3hSMNp6B7aZUL"},"_chains":{"BYXUX7apkr5/vqZjkUak9GnW2H3ru7lbY+X7Qx6bM8JB":{"chainKey":{"counter":145,"key":"29c2RApet32lcLjAVRAs+WUf3Wsc+EGiI0f8hq+A/0g="},"chainType":1,"messageKeys":{}}},"pendingPreKey":{"signedKeyId":8877037,"baseKey":"BW5b2pFQqHv8L/F3tJ/Pl9VLFBfDpsneigFy5BA7ZhkQ","preKeyId":12552366}}},"version":"v1"}