{"_sessions":{"BS54smmuBtztpG2x1jFdE9U6manGCzZW5kRmCVVxinBa":{"registrationId":1759282125,"currentRatchet":{"ephemeralKeyPair":{"pubKey":"BczcHnviyqIpoeosp8Ai6+nVy2Wav9NdXTJj51BDsaED","privKey":"+K31XZei1xuoDnHJx//kIGfLf/QJ5hIcIbI4J9FVbFk="},"lastRemoteEphemeralKey":"Ba2z8MvGBtjBilv+U+1da2uAzPRUhIXX/kez5zTXSFtA","previousCounter":0,"rootKey":"CpgDSJqwdZBja7DgwaPHIRNivrvsnmlhVFrx4aopj5U="},"indexInfo":{"baseKey":"BS54smmuBtztpG2x1jFdE9U6manGCzZW5kRmCVVxinBa","baseKeyType":1,"closed":1763718474559,"used":1763718473728,"created":1763718473728,"remoteIdentityKey":"BRwfvKB2OnFCqEcSk3nbHwF+CXKQzrC3IHit014JG3F+"},"_chains":{"BczcHnviyqIpoeosp8Ai6+nVy2Wav9NdXTJj51BDsaED":{"chainKey":{"counter":-1,"key":"pZddM5R1KMK87xAiFvcInHKA9QDLlWddwUhWmSDUOr4="},"chainType":1,"messageKeys":{}}},"pendingPreKey":{"signedKeyId":6024133,"baseKey":"BS54smmuBtztpG2x1jFdE9U6manGCzZW5kRmCVVxinBa","preKeyId":14454390}},"BbUaXOpekl9WaNoI+d6G21TcwZhy1qQT9XypQjD2Cz9W":{"registrationId":1759282125,"currentRatchet":{"ephemeralKeyPair":{"pubKey":"Be7RRY9Q6VCXfKQIiANq7Hp+mfDR+YACxjjazAArsQ5T","privKey":"eLHEsh3gQ0EUhgu/07kBsHJ94d//Sm9h/EYZ9CYEuX4="},"lastRemoteEphemeralKey":"Ba2z8MvGBtjBilv+U+1da2uAzPRUhIXX/kez5zTXSFtA","previousCounter":0,"rootKey":"L7Wz59/X9aWZ+6GP+RvCc7WSEL1BE8F0Qk2fQsNBtfY="},"indexInfo":{"baseKey":"BbUaXOpekl9WaNoI+d6G21TcwZhy1qQT9XypQjD2Cz9W","baseKeyType":1,"closed":-1,"used":1763718474556,"created":1763718474556,"remoteIdentityKey":"BRwfvKB2OnFCqEcSk3nbHwF+CXKQzrC3IHit014JG3F+"},"_chains":{"Be7RRY9Q6VCXfKQIiANq7Hp+mfDR+YACxjjazAArsQ5T":{"chainKey":{"counter":145,"key":"tCSV+hH2lSED8FLVXamod9EXGTrntCiBENp5bO229Z8="},"chainType":1,"messageKeys":{}}},"pendingPreKey":{"signedKeyId":6024133,"baseKey":"BbUaXOpekl9WaNoI+d6G21TcwZhy1qQT9XypQjD2Cz9W","preKeyId":14454897}}},"version":"v1"}