{"_sessions":{"BRNP0hQdb4DPxOf0e+e26x7lVllcQiOuREMoRAqcSqZ7":{"registrationId":497073039,"currentRatchet":{"ephemeralKeyPair":{"pubKey":"Bf7Drb3mQwW6SY8VuaDEQWZFNCwMku2u2+y7+wdJBP9U","privKey":"aKvVuVtCSmTpx/kyPfDizK0k/XqET8XkW3Tphc27eXI="},"lastRemoteEphemeralKey":"BZdHVJwUeL1Nlv/uG6KTKwlfNUOvBGVLL2LmBNWnVMpw","previousCounter":0,"rootKey":"QtM4AaMgP1td2/MnV/v0qfDoLHfEjWGkJIaJEJfh72A="},"indexInfo":{"baseKey":"BRNP0hQdb4DPxOf0e+e26x7lVllcQiOuREMoRAqcSqZ7","baseKeyType":1,"closed":1763718476167,"used":1763718475522,"created":1763718475522,"remoteIdentityKey":"BTTziaXb/7jPIkC1rB5HPEkM/UIm0Bfo2OaVDkcYzzpv"},"_chains":{"Bf7Drb3mQwW6SY8VuaDEQWZFNCwMku2u2+y7+wdJBP9U":{"chainKey":{"counter":-1,"key":"Cl744PE64FxDRtdP1abPTBMZ3VmNoyNNlxXzOyebS0E="},"chainType":1,"messageKeys":{}}},"pendingPreKey":{"signedKeyId":23,"baseKey":"BRNP0hQdb4DPxOf0e+e26x7lVllcQiOuREMoRAqcSqZ7","preKeyId":8961782}},"BXTKwx/EVGAQPbg3/Hp/3XwuLrLV4D690VfKD41wSYQ4":{"registrationId":497073039,"currentRatchet":{"ephemeralKeyPair":{"pubKey":"BX+3TVQFD78fpF5fHOXNno4/RK6mQrh9c7o2qL5hnW9Z","privKey":"INoN5P6KuxuXT/98J+mC4+epN42Bt2a9CEVjPRDhNE8="},"lastRemoteEphemeralKey":"BZdHVJwUeL1Nlv/uG6KTKwlfNUOvBGVLL2LmBNWnVMpw","previousCounter":0,"rootKey":"I1IeORXDA/REkDhjnxBl83Rfmq5DK2NSzMCmab6NZ1s="},"indexInfo":{"baseKey":"BXTKwx/EVGAQPbg3/Hp/3XwuLrLV4D690VfKD41wSYQ4","baseKeyType":1,"closed":-1,"used":1763718476165,"created":1763718476165,"remoteIdentityKey":"BTTziaXb/7jPIkC1rB5HPEkM/UIm0Bfo2OaVDkcYzzpv"},"_chains":{"BX+3TVQFD78fpF5fHOXNno4/RK6mQrh9c7o2qL5hnW9Z":{"chainKey":{"counter":145,"key":"i6gWlGxlkL3xH0I2tYZJjuCLUsyDJpJmlYLFMRJlq/c="},"chainType":1,"messageKeys":{}}},"pendingPreKey":{"signedKeyId":23,"baseKey":"BXTKwx/EVGAQPbg3/Hp/3XwuLrLV4D690VfKD41wSYQ4","preKeyId":8961588}}},"version":"v1"}