{"_sessions":{"BYz9K8uTXHj7sjaxmpmCwX3NIDTOT8rKrAy3BdtGEadx":{"registrationId":1222305507,"currentRatchet":{"ephemeralKeyPair":{"pubKey":"BXG9RvBjSG46TaapCWrIomItoT4LXJNvx+Om0VbsRPw9","privKey":"WAFGJA/4mo7bB8kWNE9JHmgV/sKIvK0Btg2SDtTuHnQ="},"lastRemoteEphemeralKey":"BRTuzcCbgTQihm0B3f0UlNUOHq1MbkTkYiCS3caPvdNl","previousCounter":0,"rootKey":"HQppaFl/+R3GYBZg0pJFX4RAnPjkLls/GLFgbFd9VNY="},"indexInfo":{"baseKey":"BYz9K8uTXHj7sjaxmpmCwX3NIDTOT8rKrAy3BdtGEadx","baseKeyType":2,"closed":-1,"used":1763718458519,"created":1763718458519,"remoteIdentityKey":"Bbf+m5q/TYAQKfFYOkT/oYNhlCvwtbPnuX0B+Hru2q8/"},"_chains":{"BRTuzcCbgTQihm0B3f0UlNUOHq1MbkTkYiCS3caPvdNl":{"chainKey":{"counter":0,"key":"QRoHMuHrudnL0ooyWIkw9dhOI67bxq1mVLgAk+IYFak="},"chainType":2,"messageKeys":{}},"BXG9RvBjSG46TaapCWrIomItoT4LXJNvx+Om0VbsRPw9":{"chainKey":{"counter":145,"key":"j5CAa+zxH6CbJnHJdl5fyWPgElmkUvGVkYIIt/PG6rE="},"chainType":1,"messageKeys":{}}}}},"version":"v1"}