{"_sessions":{"BRgkP609QmKU5LG8ee3voW3fRPgywJELb2AesjcY8cNz":{"registrationId":710851811,"currentRatchet":{"ephemeralKeyPair":{"pubKey":"BVDFFVPkmUryt5MTDt9RH7LfW+4t8IGleZrS7mhoECF6","privKey":"qEOp9XOtaPqL+Q7QpeOo4rEiuWU2DY7/1QZ8/rgpGnM="},"lastRemoteEphemeralKey":"BUIQSpYK8ffXZDdh5dAua7GzV3fCO+v/YDmsvhCQuckI","previousCounter":0,"rootKey":"PeoCeGFyVHrPK0n2PedMQiojJ5qM/gS3F6M+lcbQd/A="},"indexInfo":{"baseKey":"BRgkP609QmKU5LG8ee3voW3fRPgywJELb2AesjcY8cNz","baseKeyType":1,"closed":1763718478495,"used":1763718477528,"created":1763718477528,"remoteIdentityKey":"BXRsgzpyzkVhcjxgCTtKVga3ppbr8N/VEtxfdZyu1+tq"},"_chains":{"BVDFFVPkmUryt5MTDt9RH7LfW+4t8IGleZrS7mhoECF6":{"chainKey":{"counter":-1,"key":"9+3uyKhF3PFgU+4UcPvlNwNI73w3Nx7QC+Zaq7zww6M="},"chainType":1,"messageKeys":{}}},"pendingPreKey":{"signedKeyId":13,"baseKey":"BRgkP609QmKU5LG8ee3voW3fRPgywJELb2AesjcY8cNz","preKeyId":15721288}},"Bc3kmztWvN2JwWmBKS9XDTnxo4ZVamvmCxcu8AjhrUk7":{"registrationId":710851811,"currentRatchet":{"ephemeralKeyPair":{"pubKey":"Bf04A3Z/ecmrFIOBVrbTutBHseyxKFxF674dUiL7FjBm","privKey":"CEwb2guXUGFwnBAPgPcT7N02+IeXNgbQJMCYEeGusWs="},"lastRemoteEphemeralKey":"BUIQSpYK8ffXZDdh5dAua7GzV3fCO+v/YDmsvhCQuckI","previousCounter":0,"rootKey":"NlUA+q78jo1z4djk5D7npykIcTGtTxJFp+ACGgi7BdA="},"indexInfo":{"baseKey":"Bc3kmztWvN2JwWmBKS9XDTnxo4ZVamvmCxcu8AjhrUk7","baseKeyType":1,"closed":-1,"used":1763718478492,"created":1763718478492,"remoteIdentityKey":"BXRsgzpyzkVhcjxgCTtKVga3ppbr8N/VEtxfdZyu1+tq"},"_chains":{"Bf04A3Z/ecmrFIOBVrbTutBHseyxKFxF674dUiL7FjBm":{"chainKey":{"counter":145,"key":"LSdcUuCXvCnWL+dxqfuvkHVjSGnq+ne1Gd9zNbjOVyU="},"chainType":1,"messageKeys":{}}},"pendingPreKey":{"signedKeyId":13,"baseKey":"Bc3kmztWvN2JwWmBKS9XDTnxo4ZVamvmCxcu8AjhrUk7","preKeyId":15721341}}},"version":"v1"}