{"_sessions":{"BYsv5I186rmVpnWJSpcaAaOoYQ0TN6Le+NtNFvkUYp4G":{"registrationId":1026371876,"currentRatchet":{"ephemeralKeyPair":{"pubKey":"BYNe9FgwHImovIU4FERiHSFdyERSLRfk4kxTErvuF2M/","privKey":"2AJGsamqqw0p3k1sYOLIR1RrRTBAXqqBiub2407m1H8="},"lastRemoteEphemeralKey":"BfIki6KDlZTimWhB04XOjGqeHsHxAJXj9oG8gP1BSPw5","previousCounter":0,"rootKey":"IPukfo8ofG3qMhzfAzyaDdTz0aUWeu3Vcoik+az4vSg="},"indexInfo":{"baseKey":"BYsv5I186rmVpnWJSpcaAaOoYQ0TN6Le+NtNFvkUYp4G","baseKeyType":1,"closed":1763718475232,"used":1763718474185,"created":1763718474185,"remoteIdentityKey":"BfEZZjqafR9dl/h2+uc8rwnjHHQhPx401Lx8TZrq9Pln"},"_chains":{"BYNe9FgwHImovIU4FERiHSFdyERSLRfk4kxTErvuF2M/":{"chainKey":{"counter":-1,"key":"csFOoIaIZ/JgRqk35miK+t6TrfMa2jGRGTKK4l3ZSwg="},"chainType":1,"messageKeys":{}}},"pendingPreKey":{"signedKeyId":8411285,"baseKey":"BYsv5I186rmVpnWJSpcaAaOoYQ0TN6Le+NtNFvkUYp4G","preKeyId":10172530}},"BcfNPwnRV5yQttpAS3NlbLIqgKQfoqdfbVMwMan0SW9t":{"registrationId":1026371876,"currentRatchet":{"ephemeralKeyPair":{"pubKey":"Ba/wJOeIkogZ+IHpZ+dUTuns0qdl/HQmMk2C4YWR/14a","privKey":"yBSob1sKvt1+YzXh4OQLJvErewqqXOvU8i0j2B+gLmI="},"lastRemoteEphemeralKey":"BfIki6KDlZTimWhB04XOjGqeHsHxAJXj9oG8gP1BSPw5","previousCounter":0,"rootKey":"QZ2V4nzk1cZflAJx5sFy8JsCq+tyggr1OTHFgG/ELME="},"indexInfo":{"baseKey":"BcfNPwnRV5yQttpAS3NlbLIqgKQfoqdfbVMwMan0SW9t","baseKeyType":1,"closed":-1,"used":1763718475229,"created":1763718475229,"remoteIdentityKey":"BfEZZjqafR9dl/h2+uc8rwnjHHQhPx401Lx8TZrq9Pln"},"_chains":{"Ba/wJOeIkogZ+IHpZ+dUTuns0qdl/HQmMk2C4YWR/14a":{"chainKey":{"counter":145,"key":"1Eccp46qjHz5+vT8pbDbLRyeAUK0Xxs6odj77V//im0="},"chainType":1,"messageKeys":{}}},"pendingPreKey":{"signedKeyId":8411285,"baseKey":"BcfNPwnRV5yQttpAS3NlbLIqgKQfoqdfbVMwMan0SW9t","preKeyId":10172233}}},"version":"v1"}