{"_sessions":{"BZynkRsj4tw63KJl9Kuzq7i+c8iBcL2FGe4sWudsgMUu":{"registrationId":1750443157,"currentRatchet":{"ephemeralKeyPair":{"pubKey":"BdetY2t/ZBznE+u+XY8KFJHH5EWm50ALtZRBMcCQVpJM","privKey":"WMbBfVG+j/QKrSBxY8VskRsDWBTT+MxjtO94Y1SanF8="},"lastRemoteEphemeralKey":"BdjLLe92oKh3DFMCXA04/ob2Yg8e35UGt9dc8BF+YAdi","previousCounter":0,"rootKey":"16/vM91k4sfFv16QOH5lB/S1UrJ2f7W4Yx/KA+nBXJY="},"indexInfo":{"baseKey":"BZynkRsj4tw63KJl9Kuzq7i+c8iBcL2FGe4sWudsgMUu","baseKeyType":1,"closed":1763718474965,"used":1763718474002,"created":1763718474002,"remoteIdentityKey":"BdG2WvCXr5Pt/QuE5WlrVK6CpcHVAvIhYFIVVBWULEsD"},"_chains":{"BdetY2t/ZBznE+u+XY8KFJHH5EWm50ALtZRBMcCQVpJM":{"chainKey":{"counter":-1,"key":"GaVxTGqHxEGgnHrAviJ4sy3b6/qB3m3c4eteULBZmv8="},"chainType":1,"messageKeys":{}}},"pendingPreKey":{"signedKeyId":13,"baseKey":"BZynkRsj4tw63KJl9Kuzq7i+c8iBcL2FGe4sWudsgMUu","preKeyId":8649701}},"BT5Rbse+4ulL0anP9iIu2SwmLI+nynWIxaHXNlzvWEMz":{"registrationId":1750443157,"currentRatchet":{"ephemeralKeyPair":{"pubKey":"BUxAZXBflDTOMRklRujdHv2n0FyvhwQco603jY1O6soo","privKey":"IE13KbSMFXoIVNpFA/Ei+EtUyBvAxt/2vrk4mWAtKmQ="},"lastRemoteEphemeralKey":"BdjLLe92oKh3DFMCXA04/ob2Yg8e35UGt9dc8BF+YAdi","previousCounter":0,"rootKey":"7eR0G8kkE6Xv/xRHU+yAeOLc2XA14uUMW8NYy/u8F0o="},"indexInfo":{"baseKey":"BT5Rbse+4ulL0anP9iIu2SwmLI+nynWIxaHXNlzvWEMz","baseKeyType":1,"closed":-1,"used":1763718474961,"created":1763718474961,"remoteIdentityKey":"BdG2WvCXr5Pt/QuE5WlrVK6CpcHVAvIhYFIVVBWULEsD"},"_chains":{"BUxAZXBflDTOMRklRujdHv2n0FyvhwQco603jY1O6soo":{"chainKey":{"counter":145,"key":"4RHhk3Se9ErUtHw5GHW32XDH1OgHeyxoOZ/yqRw/Tjs="},"chainType":1,"messageKeys":{}}},"pendingPreKey":{"signedKeyId":13,"baseKey":"BT5Rbse+4ulL0anP9iIu2SwmLI+nynWIxaHXNlzvWEMz","preKeyId":8649640}}},"version":"v1"}