{"_sessions":{"BQ1kozy80ZlsHpB43fQQgXLANz7Lw5erpaIoymy655V9":{"registrationId":391868151,"currentRatchet":{"ephemeralKeyPair":{"pubKey":"Bb9cRCn0I64lNLfEw+hqVrsrcgmUEUfoTSu4T2b73DY/","privKey":"0D/BI05d1C2W2FBCdPpyWOUVcqARjhgfun1+x2MdUmI="},"lastRemoteEphemeralKey":"BZVHrgLMT8jeZn2Du3Fy4ulW6IPsZuzix/87kegTR/Fm","previousCounter":0,"rootKey":"Z4Ox8F/MXNY4brE2GLoHLtsBx2usP5/FANasoOEkMvw="},"indexInfo":{"baseKey":"BQ1kozy80ZlsHpB43fQQgXLANz7Lw5erpaIoymy655V9","baseKeyType":1,"closed":1763718471236,"used":1763718470085,"created":1763718470085,"remoteIdentityKey":"BR+CfMlX6FElwrw4nEGHZNfOGu+Nyjaz0v36Ezk0VawZ"},"_chains":{"Bb9cRCn0I64lNLfEw+hqVrsrcgmUEUfoTSu4T2b73DY/":{"chainKey":{"counter":-1,"key":"0WI4ysOz/c2WlrZbHJ0eq5lTeuYylVNrLEFHupxKQIc="},"chainType":1,"messageKeys":{}}},"pendingPreKey":{"signedKeyId":6,"baseKey":"BQ1kozy80ZlsHpB43fQQgXLANz7Lw5erpaIoymy655V9","preKeyId":12514434}},"BcsejrE9mZA6lB8kzPB/0+OCP9v7FBeZd9fKs63nySxI":{"registrationId":391868151,"currentRatchet":{"ephemeralKeyPair":{"pubKey":"BTB9YeFbs3iUapHlWl/AZuHwywrjeVLaj2Se6P6vrCwy","privKey":"cNQZsf2fbKoGjKk2vxBoa2MqiLQDtDAKo1Pu1mMtEX8="},"lastRemoteEphemeralKey":"BZVHrgLMT8jeZn2Du3Fy4ulW6IPsZuzix/87kegTR/Fm","previousCounter":0,"rootKey":"PJbgXPGU6qbnkbai8d3iPAwxM7dSwo3QhRhunLhHxlM="},"indexInfo":{"baseKey":"BcsejrE9mZA6lB8kzPB/0+OCP9v7FBeZd9fKs63nySxI","baseKeyType":1,"closed":-1,"used":1763718471233,"created":1763718471233,"remoteIdentityKey":"BR+CfMlX6FElwrw4nEGHZNfOGu+Nyjaz0v36Ezk0VawZ"},"_chains":{"BTB9YeFbs3iUapHlWl/AZuHwywrjeVLaj2Se6P6vrCwy":{"chainKey":{"counter":145,"key":"QJOlXW0djUl4Kcik2jb0biHXFNP/xZ37uypVQVZR/Y4="},"chainType":1,"messageKeys":{}}},"pendingPreKey":{"signedKeyId":6,"baseKey":"BcsejrE9mZA6lB8kzPB/0+OCP9v7FBeZd9fKs63nySxI","preKeyId":12513546}}},"version":"v1"}