{"_sessions":{"BQmqYOD7stVwZkhPc1M3ysT3eFgXve2fme54w6e8ION4":{"registrationId":2048105394,"currentRatchet":{"ephemeralKeyPair":{"pubKey":"Bf583A2iocGpXGXraBhjX+bM//FG68oIMn0totLhXUIv","privKey":"eCY1lzpBEhxmw4LEZHGs4Y/u2Ge3EuRo3chqcAy05W4="},"lastRemoteEphemeralKey":"BWwKnwT0X1JbQAWdhSs1iO2kEfM6XTJdIII3erPf3gs7","previousCounter":0,"rootKey":"klSlvoCNeSvEJz/5cKraMc3ajoV5Tjkqi730LSyjO98="},"indexInfo":{"baseKey":"BQmqYOD7stVwZkhPc1M3ysT3eFgXve2fme54w6e8ION4","baseKeyType":1,"closed":1763718471130,"used":1763718470021,"created":1763718470021,"remoteIdentityKey":"BXgycFnd3eBeQHiOsF+0aBFbfI+SN9ZvcJIC1lfNr80d"},"_chains":{"Bf583A2iocGpXGXraBhjX+bM//FG68oIMn0totLhXUIv":{"chainKey":{"counter":-1,"key":"GP/AiI7O74FMXuBQEmAw2QeecjlsCJMF6OoO8C9H6e0="},"chainType":1,"messageKeys":{}}},"pendingPreKey":{"signedKeyId":12756763,"baseKey":"BQmqYOD7stVwZkhPc1M3ysT3eFgXve2fme54w6e8ION4","preKeyId":10529672}},"BW5CahcvpwQnesOdo6arfmrSipP9M9WIP5LODgMIqWMl":{"registrationId":2048105394,"currentRatchet":{"ephemeralKeyPair":{"pubKey":"BQO6fOvhnyBTz68MW4HsYdVIi5pXPTD69ihTzFHpeUgG","privKey":"8I1kT5MbyaaepskARQX0AFMRO/LOteRFwAH61jl+6F8="},"lastRemoteEphemeralKey":"BWwKnwT0X1JbQAWdhSs1iO2kEfM6XTJdIII3erPf3gs7","previousCounter":0,"rootKey":"awyeyFN4LFtQ4r3yDLbFjfk2MNPVKH0xfdUuVlZ1biM="},"indexInfo":{"baseKey":"BW5CahcvpwQnesOdo6arfmrSipP9M9WIP5LODgMIqWMl","baseKeyType":1,"closed":-1,"used":1763718471126,"created":1763718471126,"remoteIdentityKey":"BXgycFnd3eBeQHiOsF+0aBFbfI+SN9ZvcJIC1lfNr80d"},"_chains":{"BQO6fOvhnyBTz68MW4HsYdVIi5pXPTD69ihTzFHpeUgG":{"chainKey":{"counter":145,"key":"hDmNmHPU8hrMGUkoP3Cemu0MwbEQBTJnkyna9T+BdBg="},"chainType":1,"messageKeys":{}}},"pendingPreKey":{"signedKeyId":12756763,"baseKey":"BW5CahcvpwQnesOdo6arfmrSipP9M9WIP5LODgMIqWMl","preKeyId":10529918}}},"version":"v1"}