{"_sessions":{"BUF0TA3we72X/cBP20KEKyANoMrD0OLBxJJkLAL85z8C":{"registrationId":1643312786,"currentRatchet":{"ephemeralKeyPair":{"pubKey":"BXZRQkTRFpmhkvxacOLpskP5sqa5kQ/KD+C6fQ2Qz9YB","privKey":"yJjSmNAGK0D9G1nob3ufChHpnS/wjcAgtF4p/aPUKl0="},"lastRemoteEphemeralKey":"BQ7hHUGYt6i9QZGsGfI6T+vptt9qWLYga4dmbSIcKBBs","previousCounter":0,"rootKey":"hWc5iH6Pj6enyEbn7wWa8gAzDn91PkLYNC2sIxAjoM8="},"indexInfo":{"baseKey":"BUF0TA3we72X/cBP20KEKyANoMrD0OLBxJJkLAL85z8C","baseKeyType":1,"closed":1763718470911,"used":1763718469895,"created":1763718469895,"remoteIdentityKey":"BQYCJUlF/BJIV1XtmWtTRiT9EGP7rnDRkkBjIWQasMRQ"},"_chains":{"BXZRQkTRFpmhkvxacOLpskP5sqa5kQ/KD+C6fQ2Qz9YB":{"chainKey":{"counter":-1,"key":"YzBrq699lLGcv7TpgcpFlmhjBcBbYQcDt8yq8WnwsII="},"chainType":1,"messageKeys":{}}},"pendingPreKey":{"signedKeyId":9,"baseKey":"BUF0TA3we72X/cBP20KEKyANoMrD0OLBxJJkLAL85z8C","preKeyId":4542439}},"BSWVbA0El0sspHZgnEpoFM7IaEg3ufob1P7zKy6tWOxH":{"registrationId":1643312786,"currentRatchet":{"ephemeralKeyPair":{"pubKey":"BcbSxzs6b2AMI5q3EMWV0VHkodVr5s1yLA9xEWVEG6Ze","privKey":"SPFwC98MQ6dSEdizDL9HcBBRews/SiZ0rDUijwZ5elQ="},"lastRemoteEphemeralKey":"BQ7hHUGYt6i9QZGsGfI6T+vptt9qWLYga4dmbSIcKBBs","previousCounter":0,"rootKey":"esS0MtFvk7wHk/ryZPORUZDimn/O4FZ4Ufof2WBPo+o="},"indexInfo":{"baseKey":"BSWVbA0El0sspHZgnEpoFM7IaEg3ufob1P7zKy6tWOxH","baseKeyType":1,"closed":-1,"used":1763718470904,"created":1763718470904,"remoteIdentityKey":"BQYCJUlF/BJIV1XtmWtTRiT9EGP7rnDRkkBjIWQasMRQ"},"_chains":{"BcbSxzs6b2AMI5q3EMWV0VHkodVr5s1yLA9xEWVEG6Ze":{"chainKey":{"counter":145,"key":"YdU9B6RGKzAAbsk7Nz1B68brOuTTX0y/jVpsijGVfYM="},"chainType":1,"messageKeys":{}}},"pendingPreKey":{"signedKeyId":9,"baseKey":"BSWVbA0El0sspHZgnEpoFM7IaEg3ufob1P7zKy6tWOxH","preKeyId":4542382}}},"version":"v1"}