{"_sessions":{"Bdt7r0ANhIbcVm5SXrMJRk7etEpN/YUymwgiuPdzVxMp":{"registrationId":793290258,"currentRatchet":{"ephemeralKeyPair":{"pubKey":"BWDVVE03lRsmNmhKKjvMg81X8wUtcG+BKLIyPQmJxj4O","privKey":"8NZSI9kCP/vSehxzvb1FQsx2bteNz8dN2F2UCPTF/24="},"lastRemoteEphemeralKey":"BfITB3uq4bSN+w+2D6ObUAC2EtEpc9wVCuzf1aiSfZkF","previousCounter":0,"rootKey":"tNKGhqWAmMBLnMkMoQfYrGCHM8H3JPaPuwM+0EUuErA="},"indexInfo":{"baseKey":"Bdt7r0ANhIbcVm5SXrMJRk7etEpN/YUymwgiuPdzVxMp","baseKeyType":1,"closed":1763718480204,"used":1763718479240,"created":1763718479240,"remoteIdentityKey":"BRYQI4oa2veWNlvYay0wWIKAnNbXeXS+OamNUANP9dVv"},"_chains":{"BWDVVE03lRsmNmhKKjvMg81X8wUtcG+BKLIyPQmJxj4O":{"chainKey":{"counter":-1,"key":"pk8mosnz9tZk5qjT/9bENJa4hPlsnPJMohNSmQVMPCQ="},"chainType":1,"messageKeys":{}}},"pendingPreKey":{"signedKeyId":11,"baseKey":"Bdt7r0ANhIbcVm5SXrMJRk7etEpN/YUymwgiuPdzVxMp","preKeyId":5359997}},"BdnSb5Nl7G+nOpW46Fc/02CGA08oY6bNS+f8mJ4VbC9e":{"registrationId":793290258,"currentRatchet":{"ephemeralKeyPair":{"pubKey":"BeNG7zLrnPujEeRwRocQYB99TJ3htJOUAtsiCgR+o/Je","privKey":"AMt20GyUrVdxQxw2gCgZh1Ww5VM6ntYuGSnxe9JhwVo="},"lastRemoteEphemeralKey":"BfITB3uq4bSN+w+2D6ObUAC2EtEpc9wVCuzf1aiSfZkF","previousCounter":0,"rootKey":"3PMmf6G77vaJvvOpowg3TCBniJnxinJ03CKtLB+7T5A="},"indexInfo":{"baseKey":"BdnSb5Nl7G+nOpW46Fc/02CGA08oY6bNS+f8mJ4VbC9e","baseKeyType":1,"closed":-1,"used":1763718480201,"created":1763718480201,"remoteIdentityKey":"BRYQI4oa2veWNlvYay0wWIKAnNbXeXS+OamNUANP9dVv"},"_chains":{"BeNG7zLrnPujEeRwRocQYB99TJ3htJOUAtsiCgR+o/Je":{"chainKey":{"counter":145,"key":"SfNWdcNWl5s4QQ3cFByLuyDsZUYVJMhqiH7IIe9ltuI="},"chainType":1,"messageKeys":{}}},"pendingPreKey":{"signedKeyId":11,"baseKey":"BdnSb5Nl7G+nOpW46Fc/02CGA08oY6bNS+f8mJ4VbC9e","preKeyId":5359927}}},"version":"v1"}