{"_sessions":{"BaqK2CJcQNw+5mf0XjULCnHQVNd4fvJg+2L+mHc3CvQx":{"registrationId":1079170566,"currentRatchet":{"ephemeralKeyPair":{"pubKey":"BU7WzeD2ITGNqBeDFpH5IzGdnHn+XHvh6QUf07nQ/LIE","privKey":"+N9X8xxSc5JLwZDevLzYSIMiYEqIjS5v5BWxQuLF50s="},"lastRemoteEphemeralKey":"Be9k/87m+SoPPFFZCnn2dW7o2HQrLhPvIe8z2/cTUU9b","previousCounter":0,"rootKey":"ddWsytDCUmjsGTgt65AVVSz8LXK8OaKA5cwDqybpu5E="},"indexInfo":{"baseKey":"BaqK2CJcQNw+5mf0XjULCnHQVNd4fvJg+2L+mHc3CvQx","baseKeyType":2,"closed":-1,"used":1763718445001,"created":1763718445001,"remoteIdentityKey":"BQll50BuO5yQh1utIpJfcC1e5P4HKEfOelEmgBxKo/py"},"_chains":{"Be9k/87m+SoPPFFZCnn2dW7o2HQrLhPvIe8z2/cTUU9b":{"chainKey":{"counter":0,"key":"O3gNACm6jULMxKOSxeTGeg3BYHOHlStE41h+/RsWL0U="},"chainType":2,"messageKeys":{}},"BU7WzeD2ITGNqBeDFpH5IzGdnHn+XHvh6QUf07nQ/LIE":{"chainKey":{"counter":145,"key":"r3r9WGAj63ZNQQzZH9/VOD/btbFb6qOrdzRLc4JGGvY="},"chainType":1,"messageKeys":{}}}}},"version":"v1"}