{"_sessions":{"BexzIX45bFsPrrZMYX7YLYSuXcGCs9lMtP/M9GHxAyA7":{"registrationId":102099052,"currentRatchet":{"ephemeralKeyPair":{"pubKey":"Bc/fGU7xZNSeDDtSdY7C/PLYe+ltjASq1YAXz0EOyZIn","privKey":"8J/HFXz/ALKxs3rjLbrm4yGPBBqzLyeu7C2oO5nv61Q="},"lastRemoteEphemeralKey":"BcrRaSC0zrboXH8zs1cH29U0dvA7VE/hhVITAX4r/mlK","previousCounter":0,"rootKey":"IVyq/DVafzkigMqEk/kdIz36D5K82lvMt4g3Slxjt6U="},"indexInfo":{"baseKey":"BexzIX45bFsPrrZMYX7YLYSuXcGCs9lMtP/M9GHxAyA7","baseKeyType":1,"closed":1763718470854,"used":1763718469869,"created":1763718469869,"remoteIdentityKey":"BToc1GkIDoqsWuXSPdznSgz1avMyLfNN9ACuI+xZ0C5V"},"_chains":{"Bc/fGU7xZNSeDDtSdY7C/PLYe+ltjASq1YAXz0EOyZIn":{"chainKey":{"counter":-1,"key":"x3WFPt83HOOg4r5ex5xJmOG74Dqby4Ds3Fo712B20GI="},"chainType":1,"messageKeys":{}}},"pendingPreKey":{"signedKeyId":32,"baseKey":"BexzIX45bFsPrrZMYX7YLYSuXcGCs9lMtP/M9GHxAyA7","preKeyId":3438958}},"BTGGuhW1WkEuQV2CWs0QBJjQhYe/oP/623zepC1KvN0q":{"registrationId":102099052,"currentRatchet":{"ephemeralKeyPair":{"pubKey":"BR25B8goO9jliO2HJVtZertHY8OGyTNOrIwo8PeOUr5V","privKey":"UOsfmjRB1p9Yyf6s75tHhxHxcge2qYwwVYNNw3nVSFo="},"lastRemoteEphemeralKey":"BcrRaSC0zrboXH8zs1cH29U0dvA7VE/hhVITAX4r/mlK","previousCounter":0,"rootKey":"ybzjFs/eX4iiFQSqA8ivsYw1uazIdpTkvfYr0KrENFM="},"indexInfo":{"baseKey":"BTGGuhW1WkEuQV2CWs0QBJjQhYe/oP/623zepC1KvN0q","baseKeyType":1,"closed":-1,"used":1763718470851,"created":1763718470851,"remoteIdentityKey":"BToc1GkIDoqsWuXSPdznSgz1avMyLfNN9ACuI+xZ0C5V"},"_chains":{"BR25B8goO9jliO2HJVtZertHY8OGyTNOrIwo8PeOUr5V":{"chainKey":{"counter":145,"key":"Yp0if+Vqzbbv4z+T2EOWhXmujLHo+ivxa8Ub5w/yEME="},"chainType":1,"messageKeys":{}}},"pendingPreKey":{"signedKeyId":32,"baseKey":"BTGGuhW1WkEuQV2CWs0QBJjQhYe/oP/623zepC1KvN0q","preKeyId":3438360}}},"version":"v1"}