{"_sessions":{"BTMUFA/t6hBdb179GpmxgiqtLPHtHQJsSCynIQZ+iXce":{"registrationId":213206758,"currentRatchet":{"ephemeralKeyPair":{"pubKey":"BckPfD+hNKG9FseNu38MDiG4jXDUoQ3cEh0xNS04s1Mo","privKey":"yDRe76u2gs16NUlKifiMpoIZ4qnN3uGJkHP3HWQd9GE="},"lastRemoteEphemeralKey":"BW85PWqMPNQbEYFH4T8XhgAR88+mDzud9oL0UHgvYp0D","previousCounter":0,"rootKey":"Oo+QgfGnKIg88PhcDq7u7WzixicXKq3YEpPKFaivgLU="},"indexInfo":{"baseKey":"BTMUFA/t6hBdb179GpmxgiqtLPHtHQJsSCynIQZ+iXce","baseKeyType":2,"closed":-1,"used":1763718445208,"created":1763718445208,"remoteIdentityKey":"BYg+aptZnU8pR3Tc9I8w8gRFruR5tWRl3gnPgnKg3wRa"},"_chains":{"BW85PWqMPNQbEYFH4T8XhgAR88+mDzud9oL0UHgvYp0D":{"chainKey":{"counter":0,"key":"mHk+ZAhlpzKWqXNSwJQYYdL9ZeVwxpbJYeySecUogjk="},"chainType":2,"messageKeys":{}},"BckPfD+hNKG9FseNu38MDiG4jXDUoQ3cEh0xNS04s1Mo":{"chainKey":{"counter":0,"key":"ol48CW7Ha9gHxr22rKyOKaupwLpDZTEVZkMa3BMip90="},"chainType":1,"messageKeys":{}}}}},"version":"v1"}