{"_sessions":{"BW7kxXc0RnU7r+CHrKpxrAqW3S38xNdYIEEyNiMYXNol":{"registrationId":1379000231,"currentRatchet":{"ephemeralKeyPair":{"pubKey":"BYPNLY91UCLz6q+V+Nv+BiNWnBgFefCGfdNA7Vm4qoB2","privKey":"GPeLCvSY28e9hgYbBylJ7Hbp2/luMxeeHMa6y8GG2Xc="},"lastRemoteEphemeralKey":"BV3/EF4t9Ba5XZeUIqZ2ET4RxMflpgMcI0t8Jetj7PAP","previousCounter":0,"rootKey":"PSZp3sBal7CR1gpum3N0UMYdtpNBsQv3LhPPF7DqoH0="},"indexInfo":{"baseKey":"BW7kxXc0RnU7r+CHrKpxrAqW3S38xNdYIEEyNiMYXNol","baseKeyType":1,"closed":1763718470634,"used":1763718469735,"created":1763718469735,"remoteIdentityKey":"BUjusYpOaDhNKVU0Jkea+6tHLI/BGtHJE2vYv37Ay2tM"},"_chains":{"BYPNLY91UCLz6q+V+Nv+BiNWnBgFefCGfdNA7Vm4qoB2":{"chainKey":{"counter":-1,"key":"HI9wb36wxp3Tu7zZkvq0XWEmwxoLUMlrbzxlT9jzhzA="},"chainType":1,"messageKeys":{}}},"pendingPreKey":{"signedKeyId":40,"baseKey":"BW7kxXc0RnU7r+CHrKpxrAqW3S38xNdYIEEyNiMYXNol","preKeyId":5735142}},"BbiIecCKKiS8kcp56jthLWaUZK4ewHw8OJcjiCxRnehC":{"registrationId":1379000231,"currentRatchet":{"ephemeralKeyPair":{"pubKey":"Bdbiu1sTJlj1hEdA3S0TKX9tv0T+3NL/DQyl2ZXIvMY4","privKey":"2Jt3kYIZymApW3Et2x2/fNS6nlxAVWk9mpxF8bbekUk="},"lastRemoteEphemeralKey":"BV3/EF4t9Ba5XZeUIqZ2ET4RxMflpgMcI0t8Jetj7PAP","previousCounter":0,"rootKey":"BcDchttcXoW0EXrKl4gdIcZUJOCTU72l70i2w0QAshc="},"indexInfo":{"baseKey":"BbiIecCKKiS8kcp56jthLWaUZK4ewHw8OJcjiCxRnehC","baseKeyType":1,"closed":-1,"used":1763718470630,"created":1763718470630,"remoteIdentityKey":"BUjusYpOaDhNKVU0Jkea+6tHLI/BGtHJE2vYv37Ay2tM"},"_chains":{"Bdbiu1sTJlj1hEdA3S0TKX9tv0T+3NL/DQyl2ZXIvMY4":{"chainKey":{"counter":145,"key":"AmWDkF6li50QwhY/Or539hsxYPvKy8qnFbZ4Ya3cBTA="},"chainType":1,"messageKeys":{}}},"pendingPreKey":{"signedKeyId":40,"baseKey":"BbiIecCKKiS8kcp56jthLWaUZK4ewHw8OJcjiCxRnehC","preKeyId":5734629}}},"version":"v1"}