{"_sessions":{"BdVAcP5BQNSqqgZ5rVmpmLG69PEgF/OZoGOzqzBEvhgu":{"registrationId":1036854737,"currentRatchet":{"ephemeralKeyPair":{"pubKey":"BTdyahi0fcnqPgANJzxVL9jOkU0j/JLbg273o4FAbuQy","privKey":"wLaA/KvAHJsC1wwTqEyTY/RLTKh1yy/9ZsCa8G42ynk="},"lastRemoteEphemeralKey":"BS0iuhbC/NzB7UVZRTQmZH5Doh4TQt9xCmk54jPYsmJI","previousCounter":0,"rootKey":"UilKrm7A06J3npE5BG1fMXH+82jWBXZGa91QOiujdx0="},"indexInfo":{"baseKey":"BdVAcP5BQNSqqgZ5rVmpmLG69PEgF/OZoGOzqzBEvhgu","baseKeyType":1,"closed":1763718474658,"used":1763718473788,"created":1763718473788,"remoteIdentityKey":"BbxWXpjGrzK9+QXNOWEJqSSQ/CKi/IH0m8ZCZh6zKTEQ"},"_chains":{"BTdyahi0fcnqPgANJzxVL9jOkU0j/JLbg273o4FAbuQy":{"chainKey":{"counter":-1,"key":"/vJT5H5KMRfZGIoMJROJqxZcz9V7oaYokvUv8ZkZT84="},"chainType":1,"messageKeys":{}}},"pendingPreKey":{"signedKeyId":5,"baseKey":"BdVAcP5BQNSqqgZ5rVmpmLG69PEgF/OZoGOzqzBEvhgu","preKeyId":8626281}},"BbEi5tALMfwi7vIQHVbcqqzKn1NF/zqwhr3UYYMrxHFv":{"registrationId":1036854737,"currentRatchet":{"ephemeralKeyPair":{"pubKey":"BacdAU/Tz44SKNUe0OP5gZuB+6lfy4et8r+TXHNdIgs4","privKey":"4P62lY3RI+qTSknqtZtD/QTiThkxsog3AUVTL5YU6Xw="},"lastRemoteEphemeralKey":"BS0iuhbC/NzB7UVZRTQmZH5Doh4TQt9xCmk54jPYsmJI","previousCounter":0,"rootKey":"CAsP8bmgCRq/nx/3dgcxbzhGSQzKrQw3o2mkObDVGxo="},"indexInfo":{"baseKey":"BbEi5tALMfwi7vIQHVbcqqzKn1NF/zqwhr3UYYMrxHFv","baseKeyType":1,"closed":-1,"used":1763718474655,"created":1763718474655,"remoteIdentityKey":"BbxWXpjGrzK9+QXNOWEJqSSQ/CKi/IH0m8ZCZh6zKTEQ"},"_chains":{"BacdAU/Tz44SKNUe0OP5gZuB+6lfy4et8r+TXHNdIgs4":{"chainKey":{"counter":145,"key":"zo95GaQw3g41pfYW75qe6pGC728Lji092nlka8DEjdg="},"chainType":1,"messageKeys":{}}},"pendingPreKey":{"signedKeyId":5,"baseKey":"BbEi5tALMfwi7vIQHVbcqqzKn1NF/zqwhr3UYYMrxHFv","preKeyId":8626267}}},"version":"v1"}