{"_sessions":{"BZs5fr4BMLAKkUaih5CEkjbpqKvbzVsArkxNr/LE3+Qv":{"registrationId":204814866,"currentRatchet":{"ephemeralKeyPair":{"pubKey":"BdF0Ii3Xzh9StkGXHoVZzppLd4nI43Gt5wEguhuG5ZwF","privKey":"+BW2JcVcq98uqkVk8rfjAGFsTU7BAfhblZbOfUq3Qlg="},"lastRemoteEphemeralKey":"BeQvc+JqvnhoIWHff4AxJHoQ837ncqCpLpqHhnSZ/Vle","previousCounter":0,"rootKey":"t1ePhYn/5qYleU1sPlgGclmgnlqlDN/diehEFz3sbJc="},"indexInfo":{"baseKey":"BZs5fr4BMLAKkUaih5CEkjbpqKvbzVsArkxNr/LE3+Qv","baseKeyType":1,"closed":1763718473188,"used":1763718472109,"created":1763718472109,"remoteIdentityKey":"BRTMxk38SeAGn6bxY6DpqTZQCsZfzs+HkiIPPjBkgLEJ"},"_chains":{"BdF0Ii3Xzh9StkGXHoVZzppLd4nI43Gt5wEguhuG5ZwF":{"chainKey":{"counter":-1,"key":"9u+2fcHyJNZAQqBsxJYApRBpNWTUyiAs78tVi41HNog="},"chainType":1,"messageKeys":{}}},"pendingPreKey":{"signedKeyId":15829506,"baseKey":"BZs5fr4BMLAKkUaih5CEkjbpqKvbzVsArkxNr/LE3+Qv","preKeyId":21499}},"BQblSUF5+YZr1+xQeesl6quXDiCHHlMPx02qP4EyZ4UM":{"registrationId":204814866,"currentRatchet":{"ephemeralKeyPair":{"pubKey":"BUESVO8XGlaFy3Btft0trYNZ/kPcyR6c8HUQjLtN2fgW","privKey":"aIrfY+DA6Kz7Ad/R1BN9GAm/JmpLsdaTlRwA8hebLmc="},"lastRemoteEphemeralKey":"BeQvc+JqvnhoIWHff4AxJHoQ837ncqCpLpqHhnSZ/Vle","previousCounter":0,"rootKey":"T6QwnicHAL9TyzpYLXogFXzosOBJT8notjxhC8wsy7s="},"indexInfo":{"baseKey":"BQblSUF5+YZr1+xQeesl6quXDiCHHlMPx02qP4EyZ4UM","baseKeyType":1,"closed":-1,"used":1763718473185,"created":1763718473185,"remoteIdentityKey":"BRTMxk38SeAGn6bxY6DpqTZQCsZfzs+HkiIPPjBkgLEJ"},"_chains":{"BUESVO8XGlaFy3Btft0trYNZ/kPcyR6c8HUQjLtN2fgW":{"chainKey":{"counter":145,"key":"knvIIeLm108UCW9KuIWKLbtHXnY9UuELniM3zMvPrNE="},"chainType":1,"messageKeys":{}}},"pendingPreKey":{"signedKeyId":15829506,"baseKey":"BQblSUF5+YZr1+xQeesl6quXDiCHHlMPx02qP4EyZ4UM","preKeyId":21501}}},"version":"v1"}