{"_sessions":{"BfvwOc61eXWGPVEVE5fnSSIiGrHdx4Vn9X+b2Nl3Cqc+":{"registrationId":385887243,"currentRatchet":{"ephemeralKeyPair":{"pubKey":"BctAbTeGwjKne6YP3bgRhiuHxgIaqjpAi852XZG8Mj02","privKey":"mMSDGhRCyNsd7yKlgO42MXq2TIm4eT5lqXQnFusBrGo="},"lastRemoteEphemeralKey":"BTs0Tk3ka2DrLsQnR01XQXSNmbsibmZ+rInwzLtPBZkp","previousCounter":0,"rootKey":"9NEMQ4MQp+z+YVc9TpAgDtBIfl+qFd43y0DL2bYLuik="},"indexInfo":{"baseKey":"BfvwOc61eXWGPVEVE5fnSSIiGrHdx4Vn9X+b2Nl3Cqc+","baseKeyType":1,"closed":1763718472597,"used":1763718471748,"created":1763718471748,"remoteIdentityKey":"BYTZXCQ76KCSdM3R5I8EH64zPnm2z3hPrsT3+qy7JOsh"},"_chains":{"BctAbTeGwjKne6YP3bgRhiuHxgIaqjpAi852XZG8Mj02":{"chainKey":{"counter":-1,"key":"227XMX6Y73fG5E9RsSOPkL0sLnZ0CA6Yv+kNDlS+SHQ="},"chainType":1,"messageKeys":{}}},"pendingPreKey":{"signedKeyId":15800795,"baseKey":"BfvwOc61eXWGPVEVE5fnSSIiGrHdx4Vn9X+b2Nl3Cqc+","preKeyId":10256149}},"BZWendgg9lWhQ/UbskPoCbTcKc9Z2y1HyxtZ5yuy7upM":{"registrationId":385887243,"currentRatchet":{"ephemeralKeyPair":{"pubKey":"BfTqmVZQCbWVDQ0Ga3mpA6RE+toKe5TK6RWF6L4morwV","privKey":"YMLLcELhDHCB0QXavdDf7rK3pwTOW242ZNDS3p9NxlE="},"lastRemoteEphemeralKey":"BTs0Tk3ka2DrLsQnR01XQXSNmbsibmZ+rInwzLtPBZkp","previousCounter":0,"rootKey":"QxizP1ciZ82x6L92hXRA2K671Qi3XPWO7taeXTAKzMI="},"indexInfo":{"baseKey":"BZWendgg9lWhQ/UbskPoCbTcKc9Z2y1HyxtZ5yuy7upM","baseKeyType":1,"closed":-1,"used":1763718472594,"created":1763718472594,"remoteIdentityKey":"BYTZXCQ76KCSdM3R5I8EH64zPnm2z3hPrsT3+qy7JOsh"},"_chains":{"BfTqmVZQCbWVDQ0Ga3mpA6RE+toKe5TK6RWF6L4morwV":{"chainKey":{"counter":145,"key":"MRlg3W7xZX18oazliqvMzE7sz1o4Mmvf9DOdcFNBJ98="},"chainType":1,"messageKeys":{}}},"pendingPreKey":{"signedKeyId":15800795,"baseKey":"BZWendgg9lWhQ/UbskPoCbTcKc9Z2y1HyxtZ5yuy7upM","preKeyId":10256382}}},"version":"v1"}