{"_sessions":{"BXJlGNXqL/0snk9YHYutv31jcE4VgOeMuH4qIJ56EZUW":{"registrationId":1421231350,"currentRatchet":{"ephemeralKeyPair":{"pubKey":"BfcYNOUeXR2afTl6SX26S1hHhplpPz8kmBqEodWbCjFq","privKey":"GDoqB8fVnHLkvn0tEVrVgfMrJS/rCNmF72PlRErVs0c="},"lastRemoteEphemeralKey":"BbkwHUqMMEH1Yy+4R6oT02EtGeHXCaM9TQIBr8IkTZIc","previousCounter":0,"rootKey":"cAot1xKzPyCnQ08FkNPNEe6Yo6n41N1iefOsXjRAWtw="},"indexInfo":{"baseKey":"BXJlGNXqL/0snk9YHYutv31jcE4VgOeMuH4qIJ56EZUW","baseKeyType":1,"closed":1763718476486,"used":1763718475726,"created":1763718475726,"remoteIdentityKey":"BXufgrSkB7w1I0aMVA9cOCorSas+xcLzoL8Kezb01MRX"},"_chains":{"BfcYNOUeXR2afTl6SX26S1hHhplpPz8kmBqEodWbCjFq":{"chainKey":{"counter":-1,"key":"+pu9BO26qRHR4+LtBQjYBqITXL/rdG/Phdp4zsgPvyA="},"chainType":1,"messageKeys":{}}},"pendingPreKey":{"signedKeyId":9,"baseKey":"BXJlGNXqL/0snk9YHYutv31jcE4VgOeMuH4qIJ56EZUW","preKeyId":5863246}},"Bd5mCARwauAQpEIEV+Zdr+nQsJDMckLP2U257ps03wEH":{"registrationId":1421231350,"currentRatchet":{"ephemeralKeyPair":{"pubKey":"BWwc1v7ZD33RSKMogihkw/DNr26mUG2FZAQnfF65lFVw","privKey":"mAeeFkN+geZ/nh/mhH1yIRHrU6mIN+NAb1XRPBY0sXs="},"lastRemoteEphemeralKey":"BbkwHUqMMEH1Yy+4R6oT02EtGeHXCaM9TQIBr8IkTZIc","previousCounter":0,"rootKey":"yB15KAj2VV4w8kSBGxmv1UhZ9ePqYAhX8blTzv8hQ9I="},"indexInfo":{"baseKey":"Bd5mCARwauAQpEIEV+Zdr+nQsJDMckLP2U257ps03wEH","baseKeyType":1,"closed":-1,"used":1763718476483,"created":1763718476483,"remoteIdentityKey":"BXufgrSkB7w1I0aMVA9cOCorSas+xcLzoL8Kezb01MRX"},"_chains":{"BWwc1v7ZD33RSKMogihkw/DNr26mUG2FZAQnfF65lFVw":{"chainKey":{"counter":145,"key":"pNx4RqOTkUoRyjqmP2t6P8ug+pKKi346LI6IBzAsreQ="},"chainType":1,"messageKeys":{}}},"pendingPreKey":{"signedKeyId":9,"baseKey":"Bd5mCARwauAQpEIEV+Zdr+nQsJDMckLP2U257ps03wEH","preKeyId":5863603}}},"version":"v1"}