{"_sessions":{"BTFqWUkm0q0icAOahoB/75lAQYvhp2X/PrN1M0Z81vAD":{"registrationId":1528290729,"currentRatchet":{"ephemeralKeyPair":{"pubKey":"BbuWIytiI4bxMOtkFjGHgTQwRqT1iM1OFjiNH9OMsu0z","privKey":"uJWVpgmlWm1fMVR45YxBNGeoeoNT5rr+pfkCH+Xmv1U="},"lastRemoteEphemeralKey":"BdkGvbka8U7M8d9i2g4HcVGqsbXT3reaXG38aIv5RdJs","previousCounter":0,"rootKey":"Kq06HiAkWWZCvnCgQz88AF0ggeO0TgwMIDs1OP2LCc0="},"indexInfo":{"baseKey":"BTFqWUkm0q0icAOahoB/75lAQYvhp2X/PrN1M0Z81vAD","baseKeyType":1,"closed":1763718476439,"used":1763718475697,"created":1763718475697,"remoteIdentityKey":"BdtuQQ3KD74XBlEq1h5+gcxZ52hrX2SVUrSGOvLZq6JU"},"_chains":{"BbuWIytiI4bxMOtkFjGHgTQwRqT1iM1OFjiNH9OMsu0z":{"chainKey":{"counter":-1,"key":"5jK+zogZeI1dwC0IDPj6yZ4hclXVn1Dyv9OJ/dbFDfA="},"chainType":1,"messageKeys":{}}},"pendingPreKey":{"signedKeyId":5428300,"baseKey":"BTFqWUkm0q0icAOahoB/75lAQYvhp2X/PrN1M0Z81vAD","preKeyId":3372864}},"BXUVzJLy7l8Es/nE4zbA/9001dRDQW1nd4sNCOG1BXxL":{"registrationId":1528290729,"currentRatchet":{"ephemeralKeyPair":{"pubKey":"BYc4HszzcD6iQ0AqbUmvgfsBHQOsw/UpgibnCjuBgEM4","privKey":"QHqfpSKxTkflf9HjanNtrapJpW4OdAqcdgQt00sadEw="},"lastRemoteEphemeralKey":"BdkGvbka8U7M8d9i2g4HcVGqsbXT3reaXG38aIv5RdJs","previousCounter":0,"rootKey":"rYDBXw/RSqfl4zUw29Hl7g0QRMyCAeVfEMSdwftZcG8="},"indexInfo":{"baseKey":"BXUVzJLy7l8Es/nE4zbA/9001dRDQW1nd4sNCOG1BXxL","baseKeyType":1,"closed":-1,"used":1763718476437,"created":1763718476437,"remoteIdentityKey":"BdtuQQ3KD74XBlEq1h5+gcxZ52hrX2SVUrSGOvLZq6JU"},"_chains":{"BYc4HszzcD6iQ0AqbUmvgfsBHQOsw/UpgibnCjuBgEM4":{"chainKey":{"counter":145,"key":"Pro5YY46kw7RM/8NkRCd6ERFbgR+hxUQkU5XxSnhGJo="},"chainType":1,"messageKeys":{}}},"pendingPreKey":{"signedKeyId":5428300,"baseKey":"BXUVzJLy7l8Es/nE4zbA/9001dRDQW1nd4sNCOG1BXxL","preKeyId":3372777}}},"version":"v1"}