{"_sessions":{"Be3PMWTSep3qpyu9JOYepj/TgkdQS4eVUW8hz8A6sbJG":{"registrationId":813299567,"currentRatchet":{"ephemeralKeyPair":{"pubKey":"BVuhJooVh4ZCuxUNQqr3erEcoQE0nHtF5PsBYOyS2ldP","privKey":"uM+daerWs4v6u4tPovBVKzGB9V5fRD5UTC24Pyxt+14="},"lastRemoteEphemeralKey":"BeNAbfbCV2IBWEx1pW8swzb2tNZIKfe32TcdnlsTPbcp","previousCounter":0,"rootKey":"0IOJJ2wVQQCxRF0+GGyeoh9VZ1T27pDtD8dN03hpgsA="},"indexInfo":{"baseKey":"Be3PMWTSep3qpyu9JOYepj/TgkdQS4eVUW8hz8A6sbJG","baseKeyType":1,"closed":1763718475285,"used":1763718474234,"created":1763718474234,"remoteIdentityKey":"BTR1BKrn4IyeTxc4UJrNpdszpV7O+a1TQ5s+Lolz/c5A"},"_chains":{"BVuhJooVh4ZCuxUNQqr3erEcoQE0nHtF5PsBYOyS2ldP":{"chainKey":{"counter":-1,"key":"+0kJvYbzgeLzlZqOikiPBfZy9QOOnsPBC85KEsmXxIo="},"chainType":1,"messageKeys":{}}},"pendingPreKey":{"signedKeyId":15592891,"baseKey":"Be3PMWTSep3qpyu9JOYepj/TgkdQS4eVUW8hz8A6sbJG","preKeyId":64596}},"BXOKHYTbktzardpZB2rCWG5GWgpKgQ6VNTbG1QnsShJp":{"registrationId":813299567,"currentRatchet":{"ephemeralKeyPair":{"pubKey":"BZKuINhSm5kCRwwXh/xc0c+NZ6a6zXBAJSaEG/uDhj8q","privKey":"UGL4MCgSsN2HaZxenV5LJMibAtYAqWCWnI1I82HoGUA="},"lastRemoteEphemeralKey":"BeNAbfbCV2IBWEx1pW8swzb2tNZIKfe32TcdnlsTPbcp","previousCounter":0,"rootKey":"osK8nr9eDPvEGbIxDLjU0dfz/amHauGQr/O4uQ82Yhk="},"indexInfo":{"baseKey":"BXOKHYTbktzardpZB2rCWG5GWgpKgQ6VNTbG1QnsShJp","baseKeyType":1,"closed":-1,"used":1763718475282,"created":1763718475282,"remoteIdentityKey":"BTR1BKrn4IyeTxc4UJrNpdszpV7O+a1TQ5s+Lolz/c5A"},"_chains":{"BZKuINhSm5kCRwwXh/xc0c+NZ6a6zXBAJSaEG/uDhj8q":{"chainKey":{"counter":145,"key":"UFDpO3hPVmoZ4H1ps5/9447kaeqUFOtGvIq7nmaoqzI="},"chainType":1,"messageKeys":{}}},"pendingPreKey":{"signedKeyId":15592891,"baseKey":"BXOKHYTbktzardpZB2rCWG5GWgpKgQ6VNTbG1QnsShJp","preKeyId":64566}}},"version":"v1"}