{"_sessions":{"BUbqN+Ez8QGmCjXtxOs2/4p1N1yh6YiJVnJKqepU5VQH":{"registrationId":47611985,"currentRatchet":{"ephemeralKeyPair":{"pubKey":"BTJf1TbFpxK+bvTV92U4M8istWwnxoSPXiBRekojtKwF","privKey":"wPNfrRe0RVhqzQEujo+mYFrREa0pjRfGQDzbufFoUmk="},"lastRemoteEphemeralKey":"BTZEpJuZe8vSnd7eNB843UOy7nXFQbl9Hg4ZJW6RW7Ek","previousCounter":0,"rootKey":"hsQhV/yWzefsPNDYhXIFlkqjnljrnR97Lq9ieWvWXEQ="},"indexInfo":{"baseKey":"BUbqN+Ez8QGmCjXtxOs2/4p1N1yh6YiJVnJKqepU5VQH","baseKeyType":1,"closed":1763718474487,"used":1763718473677,"created":1763718473677,"remoteIdentityKey":"BUAij+uYWnY7/2WrdBCIu0y4/Z8CMasCFw7c0fHq1Jhi"},"_chains":{"BTJf1TbFpxK+bvTV92U4M8istWwnxoSPXiBRekojtKwF":{"chainKey":{"counter":-1,"key":"SMovxdoOi/gjzK9mIQnRdnz0XUdwlrgPEw1hl9LkE60="},"chainType":1,"messageKeys":{}}},"pendingPreKey":{"signedKeyId":5689120,"baseKey":"BUbqN+Ez8QGmCjXtxOs2/4p1N1yh6YiJVnJKqepU5VQH","preKeyId":14505}},"BartSpHtyX5F0J8VzmcNMZ+3seh53t6oqaNKhwmgJXQ4":{"registrationId":47611985,"currentRatchet":{"ephemeralKeyPair":{"pubKey":"BdMQz5yw6L2SYpeNiQPQDEwl2zvvPE7+NcOqQ+jc5fNu","privKey":"IJczpKZKj6miGEP5/98x2q6rC+YNrlMf059M/26laWk="},"lastRemoteEphemeralKey":"BTZEpJuZe8vSnd7eNB843UOy7nXFQbl9Hg4ZJW6RW7Ek","previousCounter":0,"rootKey":"3Dxt0KRO0B05qz67Cw4WC7NVVWsrX2PRRI2KRyzEkns="},"indexInfo":{"baseKey":"BartSpHtyX5F0J8VzmcNMZ+3seh53t6oqaNKhwmgJXQ4","baseKeyType":1,"closed":-1,"used":1763718474484,"created":1763718474484,"remoteIdentityKey":"BUAij+uYWnY7/2WrdBCIu0y4/Z8CMasCFw7c0fHq1Jhi"},"_chains":{"BdMQz5yw6L2SYpeNiQPQDEwl2zvvPE7+NcOqQ+jc5fNu":{"chainKey":{"counter":145,"key":"ELtupuXu9NQhe3BU+WyyJ3DPDf58DP+hPhOYxL0xHHg="},"chainType":1,"messageKeys":{}}},"pendingPreKey":{"signedKeyId":5689120,"baseKey":"BartSpHtyX5F0J8VzmcNMZ+3seh53t6oqaNKhwmgJXQ4","preKeyId":13972}}},"version":"v1"}