{"_sessions":{"BbyPK0V99cJ4spnW9CN7UcJwVl/phE533RAAIUReO/IA":{"registrationId":1219487967,"currentRatchet":{"ephemeralKeyPair":{"pubKey":"BXg4C8ZJ/upFE49S+G+ky0MIO/vnoYY3y6yqZbbQoUw9","privKey":"OEGUEE5sgKl5kODCoNasyQkU9dU3Ctthw1doqvfe2EU="},"lastRemoteEphemeralKey":"BQ9F/MGKVZcA5fOyDtTXL/EaU5hBbocSS7bPU+WDyXQ+","previousCounter":0,"rootKey":"5w3R2myn4K41Aqe8EtTlnWDTk+nsvKqO3ZpRIxd5IFg="},"indexInfo":{"baseKey":"BbyPK0V99cJ4spnW9CN7UcJwVl/phE533RAAIUReO/IA","baseKeyType":1,"closed":1763718472955,"used":1763718471969,"created":1763718471969,"remoteIdentityKey":"BRp8sbjHwVxjV3VumJPCoihLIbDWHxKCxcL8Ce1srq9T"},"_chains":{"BXg4C8ZJ/upFE49S+G+ky0MIO/vnoYY3y6yqZbbQoUw9":{"chainKey":{"counter":-1,"key":"deYSYXf+LDgsO0yihTdXBnt7w6OV0XHRWad54NizPo8="},"chainType":1,"messageKeys":{}}},"pendingPreKey":{"signedKeyId":50,"baseKey":"BbyPK0V99cJ4spnW9CN7UcJwVl/phE533RAAIUReO/IA","preKeyId":8644297}},"BTPo477o7e6zH0f7eekH5m0rhnDQNinsTuRdM0IPPbkd":{"registrationId":1219487967,"currentRatchet":{"ephemeralKeyPair":{"pubKey":"BX0hmeLe1GmW94rvyJKR6d+tFfnbJQor8BHthrsaqiRS","privKey":"OOwcZd21sx4kAl70Ubs8vjPCm1kf+Pl6r3KkAw8mBW0="},"lastRemoteEphemeralKey":"BQ9F/MGKVZcA5fOyDtTXL/EaU5hBbocSS7bPU+WDyXQ+","previousCounter":0,"rootKey":"jfwS9ex5IVOsr6BukvbPQ+h9iXLCIHN+Yz8sAwcgocw="},"indexInfo":{"baseKey":"BTPo477o7e6zH0f7eekH5m0rhnDQNinsTuRdM0IPPbkd","baseKeyType":1,"closed":-1,"used":1763718472952,"created":1763718472952,"remoteIdentityKey":"BRp8sbjHwVxjV3VumJPCoihLIbDWHxKCxcL8Ce1srq9T"},"_chains":{"BX0hmeLe1GmW94rvyJKR6d+tFfnbJQor8BHthrsaqiRS":{"chainKey":{"counter":145,"key":"SnMSfnyqs7TiDnP/gUvgLDuDf3Vw3VOeHDBHgT5EeZk="},"chainType":1,"messageKeys":{}}},"pendingPreKey":{"signedKeyId":50,"baseKey":"BTPo477o7e6zH0f7eekH5m0rhnDQNinsTuRdM0IPPbkd","preKeyId":8644618}}},"version":"v1"}