{"_sessions":{"BVGe3WYsBLbXg8gvGGl+Ifp0BX8IJHim54V4qpgXpdom":{"registrationId":831806295,"currentRatchet":{"ephemeralKeyPair":{"pubKey":"BWIsnczgC+fOCMSpsvgaddiwVPrVZ6JrAGikO7y/ApYp","privKey":"8OUNJMozbTtiWvsOgb+yUfSXbV+qIg82krFI/yiulHo="},"lastRemoteEphemeralKey":"BbYJAz4UIDKbfET6Ol2yOLo/wTr3dFV9bNnYdjz87/IA","previousCounter":0,"rootKey":"8LRUjFZH7HndWDq5ZWTcabVbPNeJ0ryGvGIaHxj4yHw="},"indexInfo":{"baseKey":"BVGe3WYsBLbXg8gvGGl+Ifp0BX8IJHim54V4qpgXpdom","baseKeyType":1,"closed":1763718478527,"used":1763718477549,"created":1763718477549,"remoteIdentityKey":"Ba+EstbQ5P00yIFOdBgPf1y85xaeY8Cuyw8MH+dalzcX"},"_chains":{"BWIsnczgC+fOCMSpsvgaddiwVPrVZ6JrAGikO7y/ApYp":{"chainKey":{"counter":-1,"key":"OT9fmVDol9QTiWaUxqpdCjjTTMpoCMt3KiE17RgB/jQ="},"chainType":1,"messageKeys":{}}},"pendingPreKey":{"signedKeyId":3,"baseKey":"BVGe3WYsBLbXg8gvGGl+Ifp0BX8IJHim54V4qpgXpdom","preKeyId":13504805}},"BUoHSaZhE9MDc5mCFiW/dhwvctY6NwCgQ620pESygdpf":{"registrationId":831806295,"currentRatchet":{"ephemeralKeyPair":{"pubKey":"BWLGTBLffyOHm/ksXJ7Z89uoWwEmOk3fW7ZKAoaCCHpq","privKey":"kA2XxhX2KESlmx5PYgk0tyHt8t1qyfIvhoWMMrclNnU="},"lastRemoteEphemeralKey":"BbYJAz4UIDKbfET6Ol2yOLo/wTr3dFV9bNnYdjz87/IA","previousCounter":0,"rootKey":"T7i65AVZWKN44/1TM4UH+G6kZcFXxU4o0ZGtI0ebsRQ="},"indexInfo":{"baseKey":"BUoHSaZhE9MDc5mCFiW/dhwvctY6NwCgQ620pESygdpf","baseKeyType":1,"closed":-1,"used":1763718478523,"created":1763718478523,"remoteIdentityKey":"Ba+EstbQ5P00yIFOdBgPf1y85xaeY8Cuyw8MH+dalzcX"},"_chains":{"BWLGTBLffyOHm/ksXJ7Z89uoWwEmOk3fW7ZKAoaCCHpq":{"chainKey":{"counter":145,"key":"qliVs8FW/VJAO8F9vlfzIMt88BbvTYVzuyuL9PONktM="},"chainType":1,"messageKeys":{}}},"pendingPreKey":{"signedKeyId":3,"baseKey":"BUoHSaZhE9MDc5mCFiW/dhwvctY6NwCgQ620pESygdpf","preKeyId":13504345}}},"version":"v1"}