{"_sessions":{"BbMNh21rKgkZX4sCnhERzJdXwU7C5q5/3MMkOJFUs6Me":{"registrationId":1575619684,"currentRatchet":{"ephemeralKeyPair":{"pubKey":"BUVWYNPKi6XHvXfXWD2xaBErQPIAXyIhUt3vflx/ZR4N","privKey":"GOHkiM05vB8puRdIENvVzysuvH6mZFIR3EDLYP+10F8="},"lastRemoteEphemeralKey":"Ba69EBNawKZjlqCjE4qgpcow31hXFwAO3c+VqVKVIrMp","previousCounter":0,"rootKey":"Bg7w5YEy/ISHOwFYddpgoGD2dYue4Nzqss67QR1ArZM="},"indexInfo":{"baseKey":"BbMNh21rKgkZX4sCnhERzJdXwU7C5q5/3MMkOJFUs6Me","baseKeyType":1,"closed":1763718474688,"used":1763718473804,"created":1763718473804,"remoteIdentityKey":"BePgqwji0rgp3yzN6h4SZ3oHquwrwsQcFOVk2OozFcwt"},"_chains":{"BUVWYNPKi6XHvXfXWD2xaBErQPIAXyIhUt3vflx/ZR4N":{"chainKey":{"counter":-1,"key":"0fvTVzN6BJzFrZbm+sV7tVdagLtww2BTYQfRRVjzgYk="},"chainType":1,"messageKeys":{}}},"pendingPreKey":{"signedKeyId":23,"baseKey":"BbMNh21rKgkZX4sCnhERzJdXwU7C5q5/3MMkOJFUs6Me","preKeyId":924680}},"BZuTMxMpfEbZ3kuebiGcmG+HW3lXmjvCEqL+Q5429ckF":{"registrationId":1575619684,"currentRatchet":{"ephemeralKeyPair":{"pubKey":"BYkQuJ8fJJoAGx6TZzTtfPVuDycrif5HyNjtKQXHM0Vl","privKey":"EE1VtNZnJNxTJg8LwnEv9nLGqrSaBta+vY3YpGsJwlc="},"lastRemoteEphemeralKey":"Ba69EBNawKZjlqCjE4qgpcow31hXFwAO3c+VqVKVIrMp","previousCounter":0,"rootKey":"Tsujz8eOLkjN89Y24QMru9RMWHtnuV4lH1UUF4RFFb4="},"indexInfo":{"baseKey":"BZuTMxMpfEbZ3kuebiGcmG+HW3lXmjvCEqL+Q5429ckF","baseKeyType":1,"closed":-1,"used":1763718474685,"created":1763718474685,"remoteIdentityKey":"BePgqwji0rgp3yzN6h4SZ3oHquwrwsQcFOVk2OozFcwt"},"_chains":{"BYkQuJ8fJJoAGx6TZzTtfPVuDycrif5HyNjtKQXHM0Vl":{"chainKey":{"counter":145,"key":"LkNwcUw2CYn9NrUavx64wSkonr2M7xRkFQXsrD4Mfbc="},"chainType":1,"messageKeys":{}}},"pendingPreKey":{"signedKeyId":23,"baseKey":"BZuTMxMpfEbZ3kuebiGcmG+HW3lXmjvCEqL+Q5429ckF","preKeyId":924344}}},"version":"v1"}