{"_sessions":{"Bf8lZyTTLfRirBT3QWf2UKI43Ns0oXL3L7JrjtWa2owp":{"registrationId":1983224743,"currentRatchet":{"ephemeralKeyPair":{"pubKey":"BVeYAV3nqYmKIlyLaAj+swL+nDEqIqVyLWkdlX19rIw+","privKey":"6OK5r2viI1pyvlj/1dAFEldorj0PRMUcbCvEQHTB6nw="},"lastRemoteEphemeralKey":"BQz9i6h64bdUD6v59phwalAlbyseHGCzbo04wzD543MR","previousCounter":0,"rootKey":"6ewvkx70YiEZSP1ND11vRo43GnG8oNwOo53btsdSYGo="},"indexInfo":{"baseKey":"Bf8lZyTTLfRirBT3QWf2UKI43Ns0oXL3L7JrjtWa2owp","baseKeyType":1,"closed":1763718474477,"used":1763718473669,"created":1763718473669,"remoteIdentityKey":"Ba7aznYNefSl7Ziw33N8fTCZOq248r/jai8ZgJ7keaAy"},"_chains":{"BVeYAV3nqYmKIlyLaAj+swL+nDEqIqVyLWkdlX19rIw+":{"chainKey":{"counter":-1,"key":"/h3g8VaO/+kYTlOa4FKB2+kZG4G30zNlXNDQ9LUsffo="},"chainType":1,"messageKeys":{}}},"pendingPreKey":{"signedKeyId":64,"baseKey":"Bf8lZyTTLfRirBT3QWf2UKI43Ns0oXL3L7JrjtWa2owp","preKeyId":5111087}},"BUBBog/EpIzcjoO/iq/SiXdH2DqB2/OAyH7ofCQBIctY":{"registrationId":1983224743,"currentRatchet":{"ephemeralKeyPair":{"pubKey":"BZSbc5j1j9WobbTC9IaEh8ZKkANb5HLfAYhg+iaa9agg","privKey":"yEtXW2J9oYphklBqdifrS2CKBnMEcJSNwLZn9KOAsEM="},"lastRemoteEphemeralKey":"BQz9i6h64bdUD6v59phwalAlbyseHGCzbo04wzD543MR","previousCounter":0,"rootKey":"FymzVbiqW/WABqlntf4PInMcSB6lXTG6pp3mkkCvcNs="},"indexInfo":{"baseKey":"BUBBog/EpIzcjoO/iq/SiXdH2DqB2/OAyH7ofCQBIctY","baseKeyType":1,"closed":-1,"used":1763718474474,"created":1763718474474,"remoteIdentityKey":"Ba7aznYNefSl7Ziw33N8fTCZOq248r/jai8ZgJ7keaAy"},"_chains":{"BZSbc5j1j9WobbTC9IaEh8ZKkANb5HLfAYhg+iaa9agg":{"chainKey":{"counter":145,"key":"ceYvE/EixaBT6YRCJH/8CWdQ/imooGWRQ2MEowW2GtQ="},"chainType":1,"messageKeys":{}}},"pendingPreKey":{"signedKeyId":64,"baseKey":"BUBBog/EpIzcjoO/iq/SiXdH2DqB2/OAyH7ofCQBIctY","preKeyId":5111171}}},"version":"v1"}