{"_sessions":{"BYZAy4w1aI2DOB/esBhtv15yuU2z2F4AVp7VNfAl9XUs":{"registrationId":2077870224,"currentRatchet":{"ephemeralKeyPair":{"pubKey":"BZ/BeA5EJh0KkLXavPyFU3DZtCaSvghpe4V9LraERAdJ","privKey":"aPx+7Lo0XbKEkPbEcJp2zJOFV9xPhz2l0glBtC9NQFY="},"lastRemoteEphemeralKey":"BVO282YyJHslVg+1WkEcm7N1L/LQGCaaJVBPuPyGvHN5","previousCounter":0,"rootKey":"MAQD8Rw6MsgBYdIYI1xpXogLiYqM+56tpidrLEgcegA="},"indexInfo":{"baseKey":"BYZAy4w1aI2DOB/esBhtv15yuU2z2F4AVp7VNfAl9XUs","baseKeyType":1,"closed":1763718476139,"used":1763718475509,"created":1763718475509,"remoteIdentityKey":"BUCdKmUC52kf/zxtBGiowBYlojytP6iEv6r2S74qr0E+"},"_chains":{"BZ/BeA5EJh0KkLXavPyFU3DZtCaSvghpe4V9LraERAdJ":{"chainKey":{"counter":-1,"key":"H4FXFHJrOc/TpmruAtNORlxCkU8cs17EBK+oNyWhcB4="},"chainType":1,"messageKeys":{}}},"pendingPreKey":{"signedKeyId":15,"baseKey":"BYZAy4w1aI2DOB/esBhtv15yuU2z2F4AVp7VNfAl9XUs","preKeyId":2372349}},"BWpbVwFNm9Ydhk7cdlM6QNsD+slf4WfJtkx0asoAYPxC":{"registrationId":2077870224,"currentRatchet":{"ephemeralKeyPair":{"pubKey":"Bau1LLFn22o1P/YIbO43pRtPmwTnE19gmXenCjPGFvty","privKey":"4HB9c1HWpXr7uLJNaajLgZcLWVCnCGgY7HktIf1wAUM="},"lastRemoteEphemeralKey":"BVO282YyJHslVg+1WkEcm7N1L/LQGCaaJVBPuPyGvHN5","previousCounter":0,"rootKey":"uIaCbIn5GNo3xbkvV4r2KSG6Ww77MMrG7imEmkRGzZQ="},"indexInfo":{"baseKey":"BWpbVwFNm9Ydhk7cdlM6QNsD+slf4WfJtkx0asoAYPxC","baseKeyType":1,"closed":-1,"used":1763718476136,"created":1763718476136,"remoteIdentityKey":"BUCdKmUC52kf/zxtBGiowBYlojytP6iEv6r2S74qr0E+"},"_chains":{"Bau1LLFn22o1P/YIbO43pRtPmwTnE19gmXenCjPGFvty":{"chainKey":{"counter":145,"key":"T0sMyxZoRr0U2CjR1NsX+joTHrUeYTlsWvVLPGV13uU="},"chainType":1,"messageKeys":{}}},"pendingPreKey":{"signedKeyId":15,"baseKey":"BWpbVwFNm9Ydhk7cdlM6QNsD+slf4WfJtkx0asoAYPxC","preKeyId":2372008}}},"version":"v1"}