{"_sessions":{"Bcf+ATkbqG4dFMjibaMbDvn2IqlSMMYfOunkOf0pO1h2":{"registrationId":1421300417,"currentRatchet":{"ephemeralKeyPair":{"pubKey":"BZw7+bjOmUUuC7MfuyIQ1n8Eayzs2riNCI6zDQwpMthQ","privKey":"+Lep77L2JfupI138uJuxEobhOCJ66TA9BKBdWiyTyEo="},"lastRemoteEphemeralKey":"Bb903K8GlwKZ1KciAinoqwAqK9ytwy8FLxeaIGh1+sEa","previousCounter":0,"rootKey":"LRS345tjmOhVZ7JO86zXJP54McidaKZqCzJYEqt9cZg="},"indexInfo":{"baseKey":"Bcf+ATkbqG4dFMjibaMbDvn2IqlSMMYfOunkOf0pO1h2","baseKeyType":1,"closed":1763718476711,"used":1763718475863,"created":1763718475863,"remoteIdentityKey":"BVujuMlDVjoMYS4G4bjzLZcnrhT8x+bZQ4oC8YBN0SoE"},"_chains":{"BZw7+bjOmUUuC7MfuyIQ1n8Eayzs2riNCI6zDQwpMthQ":{"chainKey":{"counter":-1,"key":"/y3ixl8XXd3r01t8IPvE2QJrHqYbhgSN7ziT+vITZEM="},"chainType":1,"messageKeys":{}}},"pendingPreKey":{"signedKeyId":6531450,"baseKey":"Bcf+ATkbqG4dFMjibaMbDvn2IqlSMMYfOunkOf0pO1h2","preKeyId":4997106}},"BUpV9Xpg+ZFNV6Rj8K71pKEaoQxkMG0j9rXggQUfOFxr":{"registrationId":1421300417,"currentRatchet":{"ephemeralKeyPair":{"pubKey":"BRC0NwkWxN9TkvuQ2VrOqlhwhJuS+gYcdSypjQQGGXpu","privKey":"wO7L+Sbs3CPJ/8zL5ahVEbb9tT/LfkStdvY6GPH0uUw="},"lastRemoteEphemeralKey":"Bb903K8GlwKZ1KciAinoqwAqK9ytwy8FLxeaIGh1+sEa","previousCounter":0,"rootKey":"hA/wUGKhf/ScwIv3saZxk/45PjJIAXzxqu3+zO7vVp4="},"indexInfo":{"baseKey":"BUpV9Xpg+ZFNV6Rj8K71pKEaoQxkMG0j9rXggQUfOFxr","baseKeyType":1,"closed":-1,"used":1763718476709,"created":1763718476709,"remoteIdentityKey":"BVujuMlDVjoMYS4G4bjzLZcnrhT8x+bZQ4oC8YBN0SoE"},"_chains":{"BRC0NwkWxN9TkvuQ2VrOqlhwhJuS+gYcdSypjQQGGXpu":{"chainKey":{"counter":145,"key":"Zndv+6oN59AherAVlZEQh0WB+Na2z9RTS7rP7VyRThs="},"chainType":1,"messageKeys":{}}},"pendingPreKey":{"signedKeyId":6531450,"baseKey":"BUpV9Xpg+ZFNV6Rj8K71pKEaoQxkMG0j9rXggQUfOFxr","preKeyId":4996869}}},"version":"v1"}