{"_sessions":{"BQep3VCsW9Vqso6y71qQC2+g2jGFsZrXZV85MGtjnzFu":{"registrationId":206432316,"currentRatchet":{"ephemeralKeyPair":{"pubKey":"BSAXZQo2qqKQUKEXgyTbIyhfDXucHZkwJGhJywc6gG4W","privKey":"YF4ambIVKHKl8/nhAAKbmpA+XMD4MWetY8X34R9iFFs="},"lastRemoteEphemeralKey":"BWePn838982TSDHkTF3bPRLWdAYeC8ihRqYmmVaAA99l","previousCounter":0,"rootKey":"5hm60qvqjtCqtiPUyoujD+xoAum/xU4oDpro09eGBuA="},"indexInfo":{"baseKey":"BQep3VCsW9Vqso6y71qQC2+g2jGFsZrXZV85MGtjnzFu","baseKeyType":1,"closed":1763718471341,"used":1763718470153,"created":1763718470153,"remoteIdentityKey":"BVxDHec0dQTbW3PMNZ6ASn09AHJNR2dqVnemI8YJT1hs"},"_chains":{"BSAXZQo2qqKQUKEXgyTbIyhfDXucHZkwJGhJywc6gG4W":{"chainKey":{"counter":-1,"key":"IvqV+Jrwn52bZr7BP75+40mFBKXUZZ7zVVs65l8tzj0="},"chainType":1,"messageKeys":{}}},"pendingPreKey":{"signedKeyId":7307361,"baseKey":"BQep3VCsW9Vqso6y71qQC2+g2jGFsZrXZV85MGtjnzFu","preKeyId":11111186}},"BQeROsIC3WzoS4to3oec1SnQ0yGPaZl6QlBXBdb1x5RI":{"registrationId":206432316,"currentRatchet":{"ephemeralKeyPair":{"pubKey":"Bd+MA1WnbphROz/igsWIzt6LWQcfpQyM7jRMnH0b6qVH","privKey":"EPStp8kbd7QY2vzzlgTIDaCQ7+Mrv9mralAjCdwC9mA="},"lastRemoteEphemeralKey":"BWePn838982TSDHkTF3bPRLWdAYeC8ihRqYmmVaAA99l","previousCounter":0,"rootKey":"Dn/1g603dJIaeD0L9NG/s3mEI10szY0WI0b8uL2vCes="},"indexInfo":{"baseKey":"BQeROsIC3WzoS4to3oec1SnQ0yGPaZl6QlBXBdb1x5RI","baseKeyType":1,"closed":-1,"used":1763718471338,"created":1763718471338,"remoteIdentityKey":"BVxDHec0dQTbW3PMNZ6ASn09AHJNR2dqVnemI8YJT1hs"},"_chains":{"Bd+MA1WnbphROz/igsWIzt6LWQcfpQyM7jRMnH0b6qVH":{"chainKey":{"counter":145,"key":"26iGE1bt1FJVVyHSzKUWGrW+P2fIF9rnkMeOrFJQihA="},"chainType":1,"messageKeys":{}}},"pendingPreKey":{"signedKeyId":7307361,"baseKey":"BQeROsIC3WzoS4to3oec1SnQ0yGPaZl6QlBXBdb1x5RI","preKeyId":11111283}}},"version":"v1"}