{"_sessions":{"BdFQr5WQYa2QxriF9XFlfjAFFNPcwsGAFreV7UxH0CAp":{"registrationId":332565062,"currentRatchet":{"ephemeralKeyPair":{"pubKey":"Bc9SB3tdE1axMnPQwHWhmYVYrGK654m3mR3mTj7XzW8X","privKey":"KPGwQ3NXMeRuOIYAvTOV4U3ER+AsNBHRO2egOhLjh1M="},"lastRemoteEphemeralKey":"BQEiN0jci+7L7He4tmbd+0YySH0h5A3bVGTUoAgzNlNr","previousCounter":0,"rootKey":"lj+FeW8gI5FSL8yrZwHraauszKRRm078wjGzyEdgsK0="},"indexInfo":{"baseKey":"BdFQr5WQYa2QxriF9XFlfjAFFNPcwsGAFreV7UxH0CAp","baseKeyType":1,"closed":1763718476670,"used":1763718475834,"created":1763718475834,"remoteIdentityKey":"Bff4l8OgF2zbj/Fv+S1RHsoX6yObv1VFTDFc/YxM6atg"},"_chains":{"Bc9SB3tdE1axMnPQwHWhmYVYrGK654m3mR3mTj7XzW8X":{"chainKey":{"counter":-1,"key":"9v/ejYYWM7UnHTgsIVjGP5Casn1M4m3+M9pL8QI+Vmg="},"chainType":1,"messageKeys":{}}},"pendingPreKey":{"signedKeyId":8,"baseKey":"BdFQr5WQYa2QxriF9XFlfjAFFNPcwsGAFreV7UxH0CAp","preKeyId":15070921}},"BS8Y+pX3GOiKVDLn1wGDne2sZKs1c52DZ0szosr5g3QM":{"registrationId":332565062,"currentRatchet":{"ephemeralKeyPair":{"pubKey":"BVErw4aZMZXTVA5h+2nTruPHkrxGMug3nvjjKYNhHGdF","privKey":"GHC8ilyZs9yqqCNXPc71529qZ1oWQK5dNLhlRew7GVE="},"lastRemoteEphemeralKey":"BQEiN0jci+7L7He4tmbd+0YySH0h5A3bVGTUoAgzNlNr","previousCounter":0,"rootKey":"YMLTgPMRuOb576Wji/AXS3tO417PY+39Ii/iJ+cVa6Q="},"indexInfo":{"baseKey":"BS8Y+pX3GOiKVDLn1wGDne2sZKs1c52DZ0szosr5g3QM","baseKeyType":1,"closed":-1,"used":1763718476668,"created":1763718476668,"remoteIdentityKey":"Bff4l8OgF2zbj/Fv+S1RHsoX6yObv1VFTDFc/YxM6atg"},"_chains":{"BVErw4aZMZXTVA5h+2nTruPHkrxGMug3nvjjKYNhHGdF":{"chainKey":{"counter":145,"key":"ADbzYatn+LKVEGRuDaQHKqwZIBcCQYvhWmwejlQOt2c="},"chainType":1,"messageKeys":{}}},"pendingPreKey":{"signedKeyId":8,"baseKey":"BS8Y+pX3GOiKVDLn1wGDne2sZKs1c52DZ0szosr5g3QM","preKeyId":15070904}}},"version":"v1"}