{"_sessions":{"BYqehiYHQA0550alFctGU3fCu4tF9HwldACJ7z8HoFRT":{"registrationId":556435221,"currentRatchet":{"ephemeralKeyPair":{"pubKey":"BT1WdAxqk/FQd4OnIEMkqm9yNDYbwjRaSeaVnZDZRypo","privKey":"KLCmc9SwM6n7OaIkrzRmEGsV17O+VW/ZiKrzM5n3J00="},"lastRemoteEphemeralKey":"BQTZiDtaZwVxUNkukvUN/RB+ZdNicamAZ2rrSxFVgU8T","previousCounter":0,"rootKey":"i640oIOR0iUW9SB9cVHZzJcyeHq/AL42//qJJ6J8RII="},"indexInfo":{"baseKey":"BYqehiYHQA0550alFctGU3fCu4tF9HwldACJ7z8HoFRT","baseKeyType":1,"closed":1763718478063,"used":1763718477270,"created":1763718477270,"remoteIdentityKey":"BUB1kJ4amVooZj0pQgs/YLUBgf2pHI2ySA984eqcvsBO"},"_chains":{"BT1WdAxqk/FQd4OnIEMkqm9yNDYbwjRaSeaVnZDZRypo":{"chainKey":{"counter":-1,"key":"HHLdFLSqAPS94MevEafC78GcG0ps6W8UWT7/OZRDzrY="},"chainType":1,"messageKeys":{}}},"pendingPreKey":{"signedKeyId":2068355,"baseKey":"BYqehiYHQA0550alFctGU3fCu4tF9HwldACJ7z8HoFRT","preKeyId":3803720}},"BTy4KkmFdSeQa7ISetlohwODEALS8M+eHlQi/y9B/zlC":{"registrationId":556435221,"currentRatchet":{"ephemeralKeyPair":{"pubKey":"BRpo/mKTTJILlD7BLoL/lmw72klQbMm+CxptMv4oyG5a","privKey":"mNlj8ZGxP4FUZnVi+1cJVknij+QFm+Yzj88S7P5m61Q="},"lastRemoteEphemeralKey":"BQTZiDtaZwVxUNkukvUN/RB+ZdNicamAZ2rrSxFVgU8T","previousCounter":0,"rootKey":"RgDVSrTmWL9o5o/vamo6nKwE6sQiimBYwzFNBVoQuuA="},"indexInfo":{"baseKey":"BTy4KkmFdSeQa7ISetlohwODEALS8M+eHlQi/y9B/zlC","baseKeyType":1,"closed":-1,"used":1763718478060,"created":1763718478060,"remoteIdentityKey":"BUB1kJ4amVooZj0pQgs/YLUBgf2pHI2ySA984eqcvsBO"},"_chains":{"BRpo/mKTTJILlD7BLoL/lmw72klQbMm+CxptMv4oyG5a":{"chainKey":{"counter":145,"key":"LhD1ClpyJI0NijJVAJWDb1Zqw7Ntltagnd4JlH0IOY8="},"chainType":1,"messageKeys":{}}},"pendingPreKey":{"signedKeyId":2068355,"baseKey":"BTy4KkmFdSeQa7ISetlohwODEALS8M+eHlQi/y9B/zlC","preKeyId":3804460}}},"version":"v1"}