{"_sessions":{"BXmVGpLE41y4TiaOIX7hdrGDUfJnvRsFGcmSFqfj8r4U":{"registrationId":2003941232,"currentRatchet":{"ephemeralKeyPair":{"pubKey":"BYieMfbHTVmuCyhXDbOFo2G9kg8QaXI0dkchqVcbxINs","privKey":"sMe3TpJE2/9Zm8yARAfCQdR7TkeWwb8aY8WBhIf8jm8="},"lastRemoteEphemeralKey":"BSWmGkn2f6Pkc+hKyGkxwdaZy1Ln74j5iJRt6+Q4YfJp","previousCounter":0,"rootKey":"XubaPkvbmI24NAZ2j25GzMzUyTpWqwgsw/Gs3y3b0Lw="},"indexInfo":{"baseKey":"BXmVGpLE41y4TiaOIX7hdrGDUfJnvRsFGcmSFqfj8r4U","baseKeyType":1,"closed":1763718475341,"used":1763718474282,"created":1763718474282,"remoteIdentityKey":"BbqrgkRSV4ga5p6DOxBgrjX8eSQ8kIpktRR6jkmmbuNY"},"_chains":{"BYieMfbHTVmuCyhXDbOFo2G9kg8QaXI0dkchqVcbxINs":{"chainKey":{"counter":-1,"key":"IeUDhuNsCcFT01YC+5G/l/TXHr6D5cPAbw/YwqLq68A="},"chainType":1,"messageKeys":{}}},"pendingPreKey":{"signedKeyId":6,"baseKey":"BXmVGpLE41y4TiaOIX7hdrGDUfJnvRsFGcmSFqfj8r4U","preKeyId":8302855}},"BWvu7UogxtUgB2aCSZDtz6mhNZuzqxfxCyNbU80Zm9Mp":{"registrationId":2003941232,"currentRatchet":{"ephemeralKeyPair":{"pubKey":"Bfd4XjdWfcbUog3+VBdgyNViCFNfJ3DzjimKVTEkys9D","privKey":"UPSlxTB2T8U3CO9Im0OLWzyDd3W4quxokK7OQET9rUo="},"lastRemoteEphemeralKey":"BSWmGkn2f6Pkc+hKyGkxwdaZy1Ln74j5iJRt6+Q4YfJp","previousCounter":0,"rootKey":"XiRqCFOASPaKGYQiocqDrim6s0xY++S1dzwLy9RJXS8="},"indexInfo":{"baseKey":"BWvu7UogxtUgB2aCSZDtz6mhNZuzqxfxCyNbU80Zm9Mp","baseKeyType":1,"closed":-1,"used":1763718475338,"created":1763718475338,"remoteIdentityKey":"BbqrgkRSV4ga5p6DOxBgrjX8eSQ8kIpktRR6jkmmbuNY"},"_chains":{"Bfd4XjdWfcbUog3+VBdgyNViCFNfJ3DzjimKVTEkys9D":{"chainKey":{"counter":145,"key":"BaplHx827keKhUf6D00PTct0dXtUWFc6L/H+4UNhpzk="},"chainType":1,"messageKeys":{}}},"pendingPreKey":{"signedKeyId":6,"baseKey":"BWvu7UogxtUgB2aCSZDtz6mhNZuzqxfxCyNbU80Zm9Mp","preKeyId":8302834}}},"version":"v1"}