{"_sessions":{"BYOGZn3g2Naawvt5ZAHMTOfY9BIjumyXc3dHba+E/M4q":{"registrationId":214605894,"currentRatchet":{"ephemeralKeyPair":{"pubKey":"BXhADZVnp+KmjiA6xj603UXXsPJMRUJQW5ZbGz416Vtu","privKey":"iPat6XhPnnSWHrpdVTspZj22IX8PXmRsEdNsiy4Vt0E="},"lastRemoteEphemeralKey":"BWUEaaya6ROhph+LCskT3895DijdfX/Xi/wtadLrlJ98","previousCounter":0,"rootKey":"HYnGnDNlyLjIMhjouMBb8oVNqADTAaVH7viqb9SCUzk="},"indexInfo":{"baseKey":"BYOGZn3g2Naawvt5ZAHMTOfY9BIjumyXc3dHba+E/M4q","baseKeyType":1,"closed":1763718471294,"used":1763718470125,"created":1763718470125,"remoteIdentityKey":"BQAlQ9NhgtYx67tf9ogZtFo6Ary4njccUSvUM3A4N3kS"},"_chains":{"BXhADZVnp+KmjiA6xj603UXXsPJMRUJQW5ZbGz416Vtu":{"chainKey":{"counter":-1,"key":"qDwK51L220icZSx6jedAlGB1tRWTHSHYMN6BkOcwsHU="},"chainType":1,"messageKeys":{}}},"pendingPreKey":{"signedKeyId":2508475,"baseKey":"BYOGZn3g2Naawvt5ZAHMTOfY9BIjumyXc3dHba+E/M4q","preKeyId":3178857}},"BZXAizy8sLeo+sA1ggo1XlqiiDQIJxsrM09Vw2Q3yThh":{"registrationId":214605894,"currentRatchet":{"ephemeralKeyPair":{"pubKey":"BVgo22EeCkv14s7z47b8erh2BJcxqp7eW16CmS+7Lgt3","privKey":"YJ+YfHO7CNfdEdjDrlYcBEYQ3Ge8NynXxJXumjy7R34="},"lastRemoteEphemeralKey":"BWUEaaya6ROhph+LCskT3895DijdfX/Xi/wtadLrlJ98","previousCounter":0,"rootKey":"Qy0pfysLoqNSbNzlPVa/KhB2lLIA4Zt4WugDlWeMcmk="},"indexInfo":{"baseKey":"BZXAizy8sLeo+sA1ggo1XlqiiDQIJxsrM09Vw2Q3yThh","baseKeyType":1,"closed":-1,"used":1763718471292,"created":1763718471292,"remoteIdentityKey":"BQAlQ9NhgtYx67tf9ogZtFo6Ary4njccUSvUM3A4N3kS"},"_chains":{"BVgo22EeCkv14s7z47b8erh2BJcxqp7eW16CmS+7Lgt3":{"chainKey":{"counter":145,"key":"gS/eABQd1Fvt3gylBBLeXEGsgQA7AE00DArEhRmft/0="},"chainType":1,"messageKeys":{}}},"pendingPreKey":{"signedKeyId":2508475,"baseKey":"BZXAizy8sLeo+sA1ggo1XlqiiDQIJxsrM09Vw2Q3yThh","preKeyId":3178913}}},"version":"v1"}