{"_sessions":{"BUAWL4hLsvlmjPB2jQwneI8b/9Z3bpTz7BqqY0xsmgAI":{"registrationId":292491957,"currentRatchet":{"ephemeralKeyPair":{"pubKey":"Bdk0/DUlDxLKrbKg1ZSTQqPBmAPeLmlJrlBIhy10qBMA","privKey":"eHBgtQ2p9lUpasvK3XYBKog1frDG1LNBlLcq0mGh8lQ="},"lastRemoteEphemeralKey":"BRA0jAwNSUio0ApZBXiRwVXzbuQXDjJW6bony5pb4zgj","previousCounter":0,"rootKey":"JfgryYjqSO75z3zWSNP7/j+iGSFSbhMgHUyOtdjpy+g="},"indexInfo":{"baseKey":"BUAWL4hLsvlmjPB2jQwneI8b/9Z3bpTz7BqqY0xsmgAI","baseKeyType":1,"closed":1763718478843,"used":1763718477744,"created":1763718477744,"remoteIdentityKey":"BQGFXC3m5rS0k7z1iEs/H3g+s//lNIBjjV6d0WZ10Ipg"},"_chains":{"Bdk0/DUlDxLKrbKg1ZSTQqPBmAPeLmlJrlBIhy10qBMA":{"chainKey":{"counter":-1,"key":"dOPRLjIjbRHe3tb9BYDbUmlsI61gDAUpBeFvcdA7SjA="},"chainType":1,"messageKeys":{}}},"pendingPreKey":{"signedKeyId":11,"baseKey":"BUAWL4hLsvlmjPB2jQwneI8b/9Z3bpTz7BqqY0xsmgAI","preKeyId":10692381}},"BaJp/y8R7Odfuv47e+XZ7NWxZoKqxi1BDSV6iQGdA4k6":{"registrationId":292491957,"currentRatchet":{"ephemeralKeyPair":{"pubKey":"BX2pOqlS6dxoY91GUjuwsLFb4bB/sIsU9cpe+AwMSacY","privKey":"2CRH695sZM/g3zdxsmsut8V2x49/pc3gmWSKHJKSMHQ="},"lastRemoteEphemeralKey":"BRA0jAwNSUio0ApZBXiRwVXzbuQXDjJW6bony5pb4zgj","previousCounter":0,"rootKey":"BxtRoaWjeQxqAnIrzkDGBtPzT0jdS487vIdIiHN78v4="},"indexInfo":{"baseKey":"BaJp/y8R7Odfuv47e+XZ7NWxZoKqxi1BDSV6iQGdA4k6","baseKeyType":1,"closed":-1,"used":1763718478835,"created":1763718478835,"remoteIdentityKey":"BQGFXC3m5rS0k7z1iEs/H3g+s//lNIBjjV6d0WZ10Ipg"},"_chains":{"BX2pOqlS6dxoY91GUjuwsLFb4bB/sIsU9cpe+AwMSacY":{"chainKey":{"counter":145,"key":"awIkvkc73ViHnNiE+aIy8r3j5fV8XJV13nYP2ShMKC8="},"chainType":1,"messageKeys":{}}},"pendingPreKey":{"signedKeyId":11,"baseKey":"BaJp/y8R7Odfuv47e+XZ7NWxZoKqxi1BDSV6iQGdA4k6","preKeyId":10693149}}},"version":"v1"}