{"_sessions":{"BWKzstGEyPK90SseKN/uccihlB1XY3Ej2nVNHlbLhqUm":{"registrationId":1623991332,"currentRatchet":{"ephemeralKeyPair":{"pubKey":"BTVk8TqHiCQ8DS2VM2lvC1s1Li4yFRfpFbTFKI9sPrZw","privKey":"aDZOOL1l2xDRzykRlsISUiR0eaZkER10e0Wf1SqvzkQ="},"lastRemoteEphemeralKey":"BavXBXgmtIukXG9eaSK+q5D8/QdGyUVTpKw6uLlIMuld","previousCounter":0,"rootKey":"CLjwfa2qx/xqa4TPkhq4kEX3UVpgDEvskNN7OvDP9KQ="},"indexInfo":{"baseKey":"BWKzstGEyPK90SseKN/uccihlB1XY3Ej2nVNHlbLhqUm","baseKeyType":1,"closed":1763718475054,"used":1763718474063,"created":1763718474063,"remoteIdentityKey":"Bb31er02l8Fk9FKH7D4RYPEMqYQH2akKfjk963XdXjhJ"},"_chains":{"BTVk8TqHiCQ8DS2VM2lvC1s1Li4yFRfpFbTFKI9sPrZw":{"chainKey":{"counter":-1,"key":"lxkf72o+tuNS74hHcrXyYRw1XuYoVcnV67MUVH5mlpc="},"chainType":1,"messageKeys":{}}},"pendingPreKey":{"signedKeyId":1186365,"baseKey":"BWKzstGEyPK90SseKN/uccihlB1XY3Ej2nVNHlbLhqUm","preKeyId":15471671}},"BQUpFirz+OqloMkmjt9SpnRFjpzY5nJSRs/2lNqpNecr":{"registrationId":1623991332,"currentRatchet":{"ephemeralKeyPair":{"pubKey":"BcjFoOuW44sbjWPGPbxY6+tHQ4nWzDjjXylVRyS88OM2","privKey":"IOk3BLIgoa0cAfYVtsis9WvIvwVbwKtX9cUMKf5vIHs="},"lastRemoteEphemeralKey":"BavXBXgmtIukXG9eaSK+q5D8/QdGyUVTpKw6uLlIMuld","previousCounter":0,"rootKey":"lvjSQH8ixCNOSz9XhJY0wU5vHlUKNtUjhG0ToL1VvkI="},"indexInfo":{"baseKey":"BQUpFirz+OqloMkmjt9SpnRFjpzY5nJSRs/2lNqpNecr","baseKeyType":1,"closed":-1,"used":1763718475051,"created":1763718475051,"remoteIdentityKey":"Bb31er02l8Fk9FKH7D4RYPEMqYQH2akKfjk963XdXjhJ"},"_chains":{"BcjFoOuW44sbjWPGPbxY6+tHQ4nWzDjjXylVRyS88OM2":{"chainKey":{"counter":145,"key":"ykfe/mUiDhP6rcA62r2wzxjB3hQ4Sfu4WoiN9ZzTXGQ="},"chainType":1,"messageKeys":{}}},"pendingPreKey":{"signedKeyId":1186365,"baseKey":"BQUpFirz+OqloMkmjt9SpnRFjpzY5nJSRs/2lNqpNecr","preKeyId":15472421}}},"version":"v1"}