{"_sessions":{"BQ5dIGs0XMDpgWSkWDSjKyhQ2ctGP1n+bd+A7+RGmS9k":{"registrationId":1482026021,"currentRatchet":{"ephemeralKeyPair":{"pubKey":"BZ9OUsJ07LEH3EXN//Us8W0fpvmNDceNiBopd7dblioE","privKey":"EPPYvEiOLATdJPIMh32rzxlqvezfMbi+OgvPzk9+Pmc="},"lastRemoteEphemeralKey":"Ba5CaDbVmyR9TXQKKmRM6cWWXmFFwqTgtM/I+x5b8sdQ","previousCounter":0,"rootKey":"16gi1mv60h3zQMj4XV04Rdmw3mqqCM2nhm8Ybgnio3M="},"indexInfo":{"baseKey":"BQ5dIGs0XMDpgWSkWDSjKyhQ2ctGP1n+bd+A7+RGmS9k","baseKeyType":1,"closed":1763718475096,"used":1763718474096,"created":1763718474096,"remoteIdentityKey":"Bf3y35HetMemRqyBe343VXAsxbksnZZv7HoI7Gerzg0q"},"_chains":{"BZ9OUsJ07LEH3EXN//Us8W0fpvmNDceNiBopd7dblioE":{"chainKey":{"counter":-1,"key":"TgWcVUPG6xHQt2dOqpiTY5QGcRNQHDkS9gmhl7VDc8c="},"chainType":1,"messageKeys":{}}},"pendingPreKey":{"signedKeyId":3,"baseKey":"BQ5dIGs0XMDpgWSkWDSjKyhQ2ctGP1n+bd+A7+RGmS9k","preKeyId":2604076}},"BUXthQUMfnaUl5SSxIYwvhSj2fYbl3I4Jsv+HY8ebVhC":{"registrationId":1482026021,"currentRatchet":{"ephemeralKeyPair":{"pubKey":"BYx1nadpHeGOk8HvAi2f7vMoiXoJ6AblONPW1VJsVapo","privKey":"2DgVHoXBv7RcooenYzerOt3iQHzlyma20DAkcxzn5HM="},"lastRemoteEphemeralKey":"Ba5CaDbVmyR9TXQKKmRM6cWWXmFFwqTgtM/I+x5b8sdQ","previousCounter":0,"rootKey":"7OSRpi+xuQxBANPFu11ad4yg6thENMJftxnROPC5nQ0="},"indexInfo":{"baseKey":"BUXthQUMfnaUl5SSxIYwvhSj2fYbl3I4Jsv+HY8ebVhC","baseKeyType":1,"closed":-1,"used":1763718475093,"created":1763718475093,"remoteIdentityKey":"Bf3y35HetMemRqyBe343VXAsxbksnZZv7HoI7Gerzg0q"},"_chains":{"BYx1nadpHeGOk8HvAi2f7vMoiXoJ6AblONPW1VJsVapo":{"chainKey":{"counter":145,"key":"sqpJjdAsPmih/hCu19cW6wjhezOZ1HyZmccAR2m6twU="},"chainType":1,"messageKeys":{}}},"pendingPreKey":{"signedKeyId":3,"baseKey":"BUXthQUMfnaUl5SSxIYwvhSj2fYbl3I4Jsv+HY8ebVhC","preKeyId":2604424}}},"version":"v1"}