{"_sessions":{"BYuwFjTBhwSTyPcfa5DHm7mkvG+IYaik5s0kvlpHo+Ag":{"registrationId":868599025,"currentRatchet":{"ephemeralKeyPair":{"pubKey":"BWk/vOwGA+oJUBmeJwGjc8kO3DnQVdpnnYl1QAi3A9Vw","privKey":"4DeRj1TIrPRPBWW6ujWet/cXM4zwTI28i/LZgfNUr34="},"lastRemoteEphemeralKey":"BZaC06AqjYLsfWcXPj2eJESBS1QFStQDvkFIh224HAs3","previousCounter":0,"rootKey":"aoQfDMI8mXkPllMT7RsfDxLs7BsuwvSwb8w/yotBLmQ="},"indexInfo":{"baseKey":"BYuwFjTBhwSTyPcfa5DHm7mkvG+IYaik5s0kvlpHo+Ag","baseKeyType":1,"closed":1763718476386,"used":1763718475670,"created":1763718475670,"remoteIdentityKey":"BW+MemVXcVkj/i0tAkgUO32ZVKBO7ZcaPfifYz4mU7UH"},"_chains":{"BWk/vOwGA+oJUBmeJwGjc8kO3DnQVdpnnYl1QAi3A9Vw":{"chainKey":{"counter":-1,"key":"Gjy7NTr47qqgtg6cMp6rqLxCVmiW3cpLM0xkSuSiCxE="},"chainType":1,"messageKeys":{}}},"pendingPreKey":{"signedKeyId":22,"baseKey":"BYuwFjTBhwSTyPcfa5DHm7mkvG+IYaik5s0kvlpHo+Ag","preKeyId":8326199}},"BWbh4FZSI8pZrkn07su+gjZIzdwtQ5fniIXVyb7tsR0D":{"registrationId":868599025,"currentRatchet":{"ephemeralKeyPair":{"pubKey":"BUcTfvISw+SzR8264lHs4o/ZjFVWZ2GAwFgKFFmL41hY","privKey":"AJw58ADq7NCypZEZRoBYqbVpx+Fy8QG8X0lyLRdIc2g="},"lastRemoteEphemeralKey":"BZaC06AqjYLsfWcXPj2eJESBS1QFStQDvkFIh224HAs3","previousCounter":0,"rootKey":"a+gy60BZ8obFQWkccecx0FRcPMzvW9/33+Rud9HYseI="},"indexInfo":{"baseKey":"BWbh4FZSI8pZrkn07su+gjZIzdwtQ5fniIXVyb7tsR0D","baseKeyType":1,"closed":-1,"used":1763718476384,"created":1763718476384,"remoteIdentityKey":"BW+MemVXcVkj/i0tAkgUO32ZVKBO7ZcaPfifYz4mU7UH"},"_chains":{"BUcTfvISw+SzR8264lHs4o/ZjFVWZ2GAwFgKFFmL41hY":{"chainKey":{"counter":145,"key":"+6laTqBFResyzo/YntgQmVLrpAQ6hhDcQj2PnZjYk34="},"chainType":1,"messageKeys":{}}},"pendingPreKey":{"signedKeyId":22,"baseKey":"BWbh4FZSI8pZrkn07su+gjZIzdwtQ5fniIXVyb7tsR0D","preKeyId":8325257}}},"version":"v1"}