{"_sessions":{"BYB8L2lrE6NoM+EpviT85mosmgekbX/QJXb+r2N7uQ9S":{"registrationId":377397419,"currentRatchet":{"ephemeralKeyPair":{"pubKey":"BTb8QlAWopJufMvCKJsa1hIixu1lbaruXnI9uLKl6qhw","privKey":"kCm0twqakIjkWg+nKw/4sc8Il+sYkC3QDQBQUJ52c2M="},"lastRemoteEphemeralKey":"BeV9q/Pb33mmptpxYND/JuMW+nHT3yK3Y6ijSchcoQNx","previousCounter":0,"rootKey":"HTn/eq7hx8LaP+gVdCCvJ0h0xnezROGt/Hwwy9v5qbw="},"indexInfo":{"baseKey":"BYB8L2lrE6NoM+EpviT85mosmgekbX/QJXb+r2N7uQ9S","baseKeyType":1,"closed":1763718480338,"used":1763718479316,"created":1763718479316,"remoteIdentityKey":"BXsRmpSWozXAw6O/XyDXthU/pJXOm4v+VgJqzPzhwOs+"},"_chains":{"BTb8QlAWopJufMvCKJsa1hIixu1lbaruXnI9uLKl6qhw":{"chainKey":{"counter":-1,"key":"pF5cU/VXlvKiGkXBt0pIfXDShpqP7L6WP2G31XptGzA="},"chainType":1,"messageKeys":{}}},"pendingPreKey":{"signedKeyId":8,"baseKey":"BYB8L2lrE6NoM+EpviT85mosmgekbX/QJXb+r2N7uQ9S","preKeyId":8222627}},"BSeSkwcRysiZvL0U3Wg2gxOGuF3/1jn3H8Lgi/87MERa":{"registrationId":377397419,"currentRatchet":{"ephemeralKeyPair":{"pubKey":"BSteAr8SmyyoNCx+qPLStBT8x/1buG3N82xXT6qBM9NK","privKey":"wJ1WqUtJirVUxXjMJ5ccyxjsC5gWuBJFjYyilGAYemM="},"lastRemoteEphemeralKey":"BeV9q/Pb33mmptpxYND/JuMW+nHT3yK3Y6ijSchcoQNx","previousCounter":0,"rootKey":"EChZGwbvonrBkZ1Dex520+LBd+oWlMa/wLPBIOMkw2A="},"indexInfo":{"baseKey":"BSeSkwcRysiZvL0U3Wg2gxOGuF3/1jn3H8Lgi/87MERa","baseKeyType":1,"closed":-1,"used":1763718480335,"created":1763718480335,"remoteIdentityKey":"BXsRmpSWozXAw6O/XyDXthU/pJXOm4v+VgJqzPzhwOs+"},"_chains":{"BSteAr8SmyyoNCx+qPLStBT8x/1buG3N82xXT6qBM9NK":{"chainKey":{"counter":145,"key":"rl19QsbJI4U5cRSmthP3nCIq2e4H9nMRHzVj/1YAGbQ="},"chainType":1,"messageKeys":{}}},"pendingPreKey":{"signedKeyId":8,"baseKey":"BSeSkwcRysiZvL0U3Wg2gxOGuF3/1jn3H8Lgi/87MERa","preKeyId":8222271}}},"version":"v1"}