{"_sessions":{"BYRR3VlvOMrBLIbHqOFkD3FEuo6SnGMWVFGAAsUh2BpD":{"registrationId":10956668,"currentRatchet":{"ephemeralKeyPair":{"pubKey":"BXhHk8run6PbN0e/AbAD8//HlYzDGlua0udMxjFMPewy","privKey":"cBUSsrW+v10cAHSuNcT3uGAODEfL/CUNEd2595PA53w="},"lastRemoteEphemeralKey":"BZ+iq1/kc/2jp9ocZm8XaRwJmEy98n3Cq3oDJOkkcb09","previousCounter":0,"rootKey":"oUzndOCKpuPWpAvMKV9afuf634f2+AraSL1lJ4CY8AA="},"indexInfo":{"baseKey":"BYRR3VlvOMrBLIbHqOFkD3FEuo6SnGMWVFGAAsUh2BpD","baseKeyType":1,"closed":1763718470738,"used":1763718469803,"created":1763718469803,"remoteIdentityKey":"BcZ/KRG3lyT6GoOglWqcxIw1bo/0BCkWEfbvHMlMLLwm"},"_chains":{"BXhHk8run6PbN0e/AbAD8//HlYzDGlua0udMxjFMPewy":{"chainKey":{"counter":-1,"key":"yjaS69RmOsOFu1G/KNAD6HANZQJJ+BZsw4AV4EMOm4I="},"chainType":1,"messageKeys":{}}},"pendingPreKey":{"signedKeyId":8,"baseKey":"BYRR3VlvOMrBLIbHqOFkD3FEuo6SnGMWVFGAAsUh2BpD","preKeyId":12376337}},"BYzTnvH0cTlfOwoYlF0r9vziPziSPbXQ/oC1EhgZ+Bxc":{"registrationId":10956668,"currentRatchet":{"ephemeralKeyPair":{"pubKey":"BcXwKguY8rq8H3XtbqOSkTw8jOghsNhebWi6u0tnOLNX","privKey":"KJLC2INg3OwgGpF3hVlEwlJdEKrJfT3MLM4sFNs9F2I="},"lastRemoteEphemeralKey":"BZ+iq1/kc/2jp9ocZm8XaRwJmEy98n3Cq3oDJOkkcb09","previousCounter":0,"rootKey":"xZL+Baf+MLClYSSnkFpymqvBStXgyB403djkey3UjF0="},"indexInfo":{"baseKey":"BYzTnvH0cTlfOwoYlF0r9vziPziSPbXQ/oC1EhgZ+Bxc","baseKeyType":1,"closed":-1,"used":1763718470735,"created":1763718470735,"remoteIdentityKey":"BcZ/KRG3lyT6GoOglWqcxIw1bo/0BCkWEfbvHMlMLLwm"},"_chains":{"BcXwKguY8rq8H3XtbqOSkTw8jOghsNhebWi6u0tnOLNX":{"chainKey":{"counter":145,"key":"fWML56ICb/Ih0BYkH52C7nyni9uR0ftEnyUsd3/LDDI="},"chainType":1,"messageKeys":{}}},"pendingPreKey":{"signedKeyId":8,"baseKey":"BYzTnvH0cTlfOwoYlF0r9vziPziSPbXQ/oC1EhgZ+Bxc","preKeyId":12376356}}},"version":"v1"}