{"_sessions":{"BVUgdCDudpZiO2jpYuVyUyU6wooEEsGICpTGS1sXOBwC":{"registrationId":1805277684,"currentRatchet":{"ephemeralKeyPair":{"pubKey":"BQ/8c4DSSHvx36lNk95nwV5ieaXOP7XaZPr3p/XmmU5P","privKey":"ABev+X2Jvqk3VLWj8e7a1M4vh0vz+ZxTAmIkUrG1Dmo="},"lastRemoteEphemeralKey":"BaD5nQoGsUcUbGbzkHXsu5OXIYuR19zBBThJSk3cZEJQ","previousCounter":0,"rootKey":"YaFBvVvuGO9Qhbs32/8wBnGqnd1vT14tOJZT7TMlIHU="},"indexInfo":{"baseKey":"BVUgdCDudpZiO2jpYuVyUyU6wooEEsGICpTGS1sXOBwC","baseKeyType":1,"closed":1763718477794,"used":1763718477119,"created":1763718477119,"remoteIdentityKey":"Bfxl60un8g9TG8dK74tzjHHJZK4sK4n9O+GAck/nHmw4"},"_chains":{"BQ/8c4DSSHvx36lNk95nwV5ieaXOP7XaZPr3p/XmmU5P":{"chainKey":{"counter":-1,"key":"/JLr07Q9wvGWbAQywfb+r2h/QPi55C86CuhQtD0C0ro="},"chainType":1,"messageKeys":{}}},"pendingPreKey":{"signedKeyId":11715310,"baseKey":"BVUgdCDudpZiO2jpYuVyUyU6wooEEsGICpTGS1sXOBwC","preKeyId":12007135}},"BSnUJRXjWSQxrZQAQ34Rok55t8NLjkjdxxwqX0Lj01NG":{"registrationId":1805277684,"currentRatchet":{"ephemeralKeyPair":{"pubKey":"BcqORzdZJ5YhNIOm5+SWRm4F9/Xa87AVr2qqnNBhd+gs","privKey":"aHkWs4NH/tmZO0ErTGvRf45CqYSzTrIYOHqk15kq4X0="},"lastRemoteEphemeralKey":"BaD5nQoGsUcUbGbzkHXsu5OXIYuR19zBBThJSk3cZEJQ","previousCounter":0,"rootKey":"Ss+6sNIKMnMPs9TAIispmWeAsThUVYt6pQTfzpqWnGo="},"indexInfo":{"baseKey":"BSnUJRXjWSQxrZQAQ34Rok55t8NLjkjdxxwqX0Lj01NG","baseKeyType":1,"closed":-1,"used":1763718477791,"created":1763718477791,"remoteIdentityKey":"Bfxl60un8g9TG8dK74tzjHHJZK4sK4n9O+GAck/nHmw4"},"_chains":{"BcqORzdZJ5YhNIOm5+SWRm4F9/Xa87AVr2qqnNBhd+gs":{"chainKey":{"counter":145,"key":"T1DOiNmfuahSr66Ti3JlEWukj9fO6V4E8TtMecFbEuY="},"chainType":1,"messageKeys":{}}},"pendingPreKey":{"signedKeyId":11715310,"baseKey":"BSnUJRXjWSQxrZQAQ34Rok55t8NLjkjdxxwqX0Lj01NG","preKeyId":12006588}}},"version":"v1"}