{"_sessions":{"BY4uAD06VJ8gHrPlkQ/P0RH7bo5qx8HhmOoxYIVNE0wg":{"registrationId":901235371,"currentRatchet":{"ephemeralKeyPair":{"pubKey":"BVO0MAmdLkDYsUPrSKoTGgoOt8t6io+EAKqqJHg9bTo8","privKey":"WHeCdsBXwSE7lrPA0vGA/WWiY6fs7nt5USPBfW+ff0k="},"lastRemoteEphemeralKey":"BWQRf26NG99ZKnHnSMuyHkna4IDcxd2kbD0SHBQwUKky","previousCounter":0,"rootKey":"Geur30lpgu5puW+yxlJRiWMtQOeEtfsQ55uAeKuDlqE="},"indexInfo":{"baseKey":"BY4uAD06VJ8gHrPlkQ/P0RH7bo5qx8HhmOoxYIVNE0wg","baseKeyType":1,"closed":1763718474908,"used":1763718473956,"created":1763718473956,"remoteIdentityKey":"BQgBZRBjgwJHbeg3YGWNzBDjJINe+ZyyzghuxcVT8uE4"},"_chains":{"BVO0MAmdLkDYsUPrSKoTGgoOt8t6io+EAKqqJHg9bTo8":{"chainKey":{"counter":-1,"key":"xfhcsBU4mYYOYL8sX+guKOt0nCCRv9wxuOxAz7N2DgU="},"chainType":1,"messageKeys":{}}},"pendingPreKey":{"signedKeyId":34,"baseKey":"BY4uAD06VJ8gHrPlkQ/P0RH7bo5qx8HhmOoxYIVNE0wg","preKeyId":13740004}},"BR9o/ORNBx265Q4ZCEjROBRamYzeW9cHrwSSmYkoJfUn":{"registrationId":901235371,"currentRatchet":{"ephemeralKeyPair":{"pubKey":"BdcYbFFyzAZXvNHxf31dI4BJj4hNYSFpc4zcXsOldJ4g","privKey":"mD4ARg2e72wrhzg9nRMSZo9DgZ84T2du/AWiIfHk130="},"lastRemoteEphemeralKey":"BWQRf26NG99ZKnHnSMuyHkna4IDcxd2kbD0SHBQwUKky","previousCounter":0,"rootKey":"3w7gf+7dHICfvAlxqZuVfGnOf8c61l9U346zXWwWg/8="},"indexInfo":{"baseKey":"BR9o/ORNBx265Q4ZCEjROBRamYzeW9cHrwSSmYkoJfUn","baseKeyType":1,"closed":-1,"used":1763718474905,"created":1763718474905,"remoteIdentityKey":"BQgBZRBjgwJHbeg3YGWNzBDjJINe+ZyyzghuxcVT8uE4"},"_chains":{"BdcYbFFyzAZXvNHxf31dI4BJj4hNYSFpc4zcXsOldJ4g":{"chainKey":{"counter":145,"key":"HdRvzu+7t2AaUum7dXu8lljjA7WccQJFgY33TtuRGIk="},"chainType":1,"messageKeys":{}}},"pendingPreKey":{"signedKeyId":34,"baseKey":"BR9o/ORNBx265Q4ZCEjROBRamYzeW9cHrwSSmYkoJfUn","preKeyId":13740176}}},"version":"v1"}