{"_sessions":{"BWLXZYu7SZCpKkgVVi4soVH4Z293luFxqf+wKHMCOzJs":{"registrationId":683558786,"currentRatchet":{"ephemeralKeyPair":{"pubKey":"BQ2ttq8jQHQyo1R5dauwiTEWKaNe33j+rmBmpv64wPUx","privKey":"SBFRb06Wdro0AflGmhG6ajoC32y5Un0qtkZzjh8M/kU="},"lastRemoteEphemeralKey":"BaGR/ywN5J7X2V+xP6nYlu1NbRofNGiiIRg9RRTvC7AD","previousCounter":0,"rootKey":"0lF79JTf1NC12t1GGJ2xyldZXv+Y+jKTvD1Y5KQDoXs="},"indexInfo":{"baseKey":"BWLXZYu7SZCpKkgVVi4soVH4Z293luFxqf+wKHMCOzJs","baseKeyType":1,"closed":1763718474642,"used":1763718473775,"created":1763718473775,"remoteIdentityKey":"BWSRO5YTaUlYaGvWxKlfthY8vWrayak8zqQ4hUsonmcd"},"_chains":{"BQ2ttq8jQHQyo1R5dauwiTEWKaNe33j+rmBmpv64wPUx":{"chainKey":{"counter":-1,"key":"PBAO8Ld7Z3Xb8io+dbmBWdODJPR9W0Qb0L8KDQj2TC8="},"chainType":1,"messageKeys":{}}},"pendingPreKey":{"signedKeyId":13,"baseKey":"BWLXZYu7SZCpKkgVVi4soVH4Z293luFxqf+wKHMCOzJs","preKeyId":10708493}},"BQrteAVPPs+JoliyiKFNzJ6w2gXBpxfTyqUvPH0q9Hl/":{"registrationId":683558786,"currentRatchet":{"ephemeralKeyPair":{"pubKey":"Bab2t3OezbVHQk//DBxNk+ObNF4zgMW/AqfaslM2ZCFk","privKey":"+PpEzpcjm2UMmyjSCCvkFysQAyuflsyxPalhkykmlH8="},"lastRemoteEphemeralKey":"BaGR/ywN5J7X2V+xP6nYlu1NbRofNGiiIRg9RRTvC7AD","previousCounter":0,"rootKey":"WNVLGcfQKMXsRqOYQrLTpkEEThd78HXFOBCEd+hAFT0="},"indexInfo":{"baseKey":"BQrteAVPPs+JoliyiKFNzJ6w2gXBpxfTyqUvPH0q9Hl/","baseKeyType":1,"closed":-1,"used":1763718474635,"created":1763718474635,"remoteIdentityKey":"BWSRO5YTaUlYaGvWxKlfthY8vWrayak8zqQ4hUsonmcd"},"_chains":{"Bab2t3OezbVHQk//DBxNk+ObNF4zgMW/AqfaslM2ZCFk":{"chainKey":{"counter":145,"key":"jhY0GrT0BQlcIchUBFAwU085g6Qc+GJ5zG4D2KsJKYU="},"chainType":1,"messageKeys":{}}},"pendingPreKey":{"signedKeyId":13,"baseKey":"BQrteAVPPs+JoliyiKFNzJ6w2gXBpxfTyqUvPH0q9Hl/","preKeyId":10708027}}},"version":"v1"}