{"_sessions":{"BcL8MIQ4CjUyK8TJ8Ijcbr1Ahvg7B8jVq2YfE/b4yWl1":{"registrationId":453815527,"currentRatchet":{"ephemeralKeyPair":{"pubKey":"BaSEIpDSwhNEE7c0iC+8qmveaYOJ893qmZ5myH/StpoG","privKey":"+NYvFKoSnqZRAI/K9uGHz9iWeGThzmyQb/FmA7rNZ1k="},"lastRemoteEphemeralKey":"BZDJZHTXLRLglBseRpc2Vz0MqL8Ny7Xy6BRl+YN/q9p5","previousCounter":0,"rootKey":"TThnesBFmKPXE16szfF+E02gpm4Zp7qfOHV8DkZFWaM="},"indexInfo":{"baseKey":"BcL8MIQ4CjUyK8TJ8Ijcbr1Ahvg7B8jVq2YfE/b4yWl1","baseKeyType":1,"closed":1763718477956,"used":1763718477207,"created":1763718477207,"remoteIdentityKey":"Bc8IK41LigjLr11SlFFrnczyXM2ewKsH9BdrrSiu/a5I"},"_chains":{"BaSEIpDSwhNEE7c0iC+8qmveaYOJ893qmZ5myH/StpoG":{"chainKey":{"counter":-1,"key":"6W64RRG7CYVf82aIpl/v/4dvNJZjg9mLDYecbIHDfh8="},"chainType":1,"messageKeys":{}}},"pendingPreKey":{"signedKeyId":4,"baseKey":"BcL8MIQ4CjUyK8TJ8Ijcbr1Ahvg7B8jVq2YfE/b4yWl1","preKeyId":12017575}},"BWvfpJ1V2CiiUiTt4IWntXmQtnD2mbNq6+W58vbdIrVQ":{"registrationId":453815527,"currentRatchet":{"ephemeralKeyPair":{"pubKey":"BVm7eOlJdXys1FZhdbREFCKiOMrj27jAWkkSBIHsR6d6","privKey":"uDQTn7ss5/pLDcVzBYPu98okVeMR5QjfHCBlFQZvQUA="},"lastRemoteEphemeralKey":"BZDJZHTXLRLglBseRpc2Vz0MqL8Ny7Xy6BRl+YN/q9p5","previousCounter":0,"rootKey":"1nNwXCoOoU7B9uqragbpZ724ow+j/d48ZOXKzPtpD3I="},"indexInfo":{"baseKey":"BWvfpJ1V2CiiUiTt4IWntXmQtnD2mbNq6+W58vbdIrVQ","baseKeyType":1,"closed":-1,"used":1763718477954,"created":1763718477954,"remoteIdentityKey":"Bc8IK41LigjLr11SlFFrnczyXM2ewKsH9BdrrSiu/a5I"},"_chains":{"BVm7eOlJdXys1FZhdbREFCKiOMrj27jAWkkSBIHsR6d6":{"chainKey":{"counter":145,"key":"9n5wuD715fINzT4rBiNg5ZWIhVGT5Nq2EIk1TNm+r9A="},"chainType":1,"messageKeys":{}}},"pendingPreKey":{"signedKeyId":4,"baseKey":"BWvfpJ1V2CiiUiTt4IWntXmQtnD2mbNq6+W58vbdIrVQ","preKeyId":12016981}}},"version":"v1"}