{"_sessions":{"BTwES/z6bro6VbVZeCWP4ASVDVynd1CGtVMAZjqRv9cp":{"registrationId":1309832179,"currentRatchet":{"ephemeralKeyPair":{"pubKey":"BUWHNQwffvz8Faq8UtPbhpX3vb8jYb+2gqxwio4pTGYM","privKey":"kMILVSANcvqbZ/fQvSJJ5Tz821aeBha97EamJzCYNn0="},"lastRemoteEphemeralKey":"BVw/TImrtc0W9C4WTOB8dMLnLxpxelE9hTA9HgEyBx4C","previousCounter":0,"rootKey":"z9pB8cej2PO9hCTUpssOXxJtOqs0Dae5XSHNwxH/uIk="},"indexInfo":{"baseKey":"BTwES/z6bro6VbVZeCWP4ASVDVynd1CGtVMAZjqRv9cp","baseKeyType":1,"closed":1763718473062,"used":1763718472035,"created":1763718472035,"remoteIdentityKey":"BW4QThGV2yeUWXZu6E+UQh90/cgwgs310OpDKi/yYrZc"},"_chains":{"BUWHNQwffvz8Faq8UtPbhpX3vb8jYb+2gqxwio4pTGYM":{"chainKey":{"counter":-1,"key":"WNLnjcMFz0XamzamkVglWt8h5ogQj7zhuWAB6JMSYVU="},"chainType":1,"messageKeys":{}}},"pendingPreKey":{"signedKeyId":14,"baseKey":"BTwES/z6bro6VbVZeCWP4ASVDVynd1CGtVMAZjqRv9cp","preKeyId":15940595}},"Bd7FDLtaL4ARLgoKvj+/p1vAg4K5cFdswXFjgVaq+sAj":{"registrationId":1309832179,"currentRatchet":{"ephemeralKeyPair":{"pubKey":"BTotiQYG8IV1hlgtCY2BUFLlSpr5KNkOFaEXo+WRFzJ6","privKey":"0CTWbwBKBjd58mxF/qaiDrH6rg2XpyqPc7gniayRmlw="},"lastRemoteEphemeralKey":"BVw/TImrtc0W9C4WTOB8dMLnLxpxelE9hTA9HgEyBx4C","previousCounter":0,"rootKey":"tS/5CV2EGFtIUsts3JYh25Lx0MzwENnJGZJ4nj4pfps="},"indexInfo":{"baseKey":"Bd7FDLtaL4ARLgoKvj+/p1vAg4K5cFdswXFjgVaq+sAj","baseKeyType":1,"closed":-1,"used":1763718473060,"created":1763718473060,"remoteIdentityKey":"BW4QThGV2yeUWXZu6E+UQh90/cgwgs310OpDKi/yYrZc"},"_chains":{"BTotiQYG8IV1hlgtCY2BUFLlSpr5KNkOFaEXo+WRFzJ6":{"chainKey":{"counter":145,"key":"9qLl6d+8mBwMbsKlN4Bv5IViM7NwNZWQS0j5zB0qJ98="},"chainType":1,"messageKeys":{}}},"pendingPreKey":{"signedKeyId":14,"baseKey":"Bd7FDLtaL4ARLgoKvj+/p1vAg4K5cFdswXFjgVaq+sAj","preKeyId":15940387}}},"version":"v1"}