{"_sessions":{"BUGDsyUKvUVBVfrTw1QZOfxeOt8IVXHhrk+wSKRRIDRD":{"registrationId":209172837,"currentRatchet":{"ephemeralKeyPair":{"pubKey":"BSX/gAOgcqvtmMS+2VO88xXV6D1Hn1yzPCNVeIqF+dZ7","privKey":"mLVI6fstM+/oFvFkpQRLQIR8hLiIQ+G3N+o3yEy9XF8="},"lastRemoteEphemeralKey":"BQSsS31BuR2XPBNT1l+QHy+pj3LWHm7qRRYXZtJPxJJ2","previousCounter":0,"rootKey":"7ksJmcbImgkctaIlyHSFzQTC3OO/jYGeQIUkBv6uWaw="},"indexInfo":{"baseKey":"BUGDsyUKvUVBVfrTw1QZOfxeOt8IVXHhrk+wSKRRIDRD","baseKeyType":1,"closed":1763718472320,"used":1763718471658,"created":1763718471658,"remoteIdentityKey":"BYQek72eUTculRKA6MjBOhQpNyfPbX7eFpiWUEGEbmVw"},"_chains":{"BSX/gAOgcqvtmMS+2VO88xXV6D1Hn1yzPCNVeIqF+dZ7":{"chainKey":{"counter":-1,"key":"H4yMfd7nO11PtrX1Kdy8FgV0P1gc7HUBrmR0A1ukb30="},"chainType":1,"messageKeys":{}}},"pendingPreKey":{"signedKeyId":1560710,"baseKey":"BUGDsyUKvUVBVfrTw1QZOfxeOt8IVXHhrk+wSKRRIDRD","preKeyId":2259184}},"BbMkOTZVvuLIVhSXhtt3q/zUW3y7eygpMoiLnmHhDtY9":{"registrationId":209172837,"currentRatchet":{"ephemeralKeyPair":{"pubKey":"BaC086IkneM8BRZilVrspc0cE0lJNgtx9yo/k35yjCRM","privKey":"MP4+nnZZCozbTiL3blQyz76Lt1t0hf8qLXGs1LYAwGo="},"lastRemoteEphemeralKey":"BQSsS31BuR2XPBNT1l+QHy+pj3LWHm7qRRYXZtJPxJJ2","previousCounter":0,"rootKey":"mAgGyZKRdNdCFABOMNNfSIK+8wKf5+GTwAjuyY6ZbWY="},"indexInfo":{"baseKey":"BbMkOTZVvuLIVhSXhtt3q/zUW3y7eygpMoiLnmHhDtY9","baseKeyType":1,"closed":-1,"used":1763718472317,"created":1763718472317,"remoteIdentityKey":"BYQek72eUTculRKA6MjBOhQpNyfPbX7eFpiWUEGEbmVw"},"_chains":{"BaC086IkneM8BRZilVrspc0cE0lJNgtx9yo/k35yjCRM":{"chainKey":{"counter":145,"key":"rDeTT2BYT3fyYdUQCkMui1rjGGAQNd0fG8zeO7kwVOw="},"chainType":1,"messageKeys":{}}},"pendingPreKey":{"signedKeyId":1560710,"baseKey":"BbMkOTZVvuLIVhSXhtt3q/zUW3y7eygpMoiLnmHhDtY9","preKeyId":2259016}}},"version":"v1"}