{"_sessions":{"BWQxKJgU5mHA6eLXadts+Vo55YaB99GsMWEC+3coZEpG":{"registrationId":516485699,"currentRatchet":{"ephemeralKeyPair":{"pubKey":"BYgJnSNB/AtbH3cBu+0rJqSlkW89swzqGA2vDQkED2s3","privKey":"WN2LRE/w8KkV6qOe+f2npg0yzMLtMatAOr+O+suc/GM="},"lastRemoteEphemeralKey":"BZZkeUWyfWeHLFaaFtP/mksW/MyZmXFZax05yOnWsPla","previousCounter":0,"rootKey":"khsr9sutZg+eYOZciPt6Uu8XbmQgHP2xvxhF76QxhHs="},"indexInfo":{"baseKey":"BWQxKJgU5mHA6eLXadts+Vo55YaB99GsMWEC+3coZEpG","baseKeyType":1,"closed":1763718480412,"used":1763718479359,"created":1763718479359,"remoteIdentityKey":"BVPpa1lE98TlhZXleOqddka3abMYWeEbXC9spt8Xjjp6"},"_chains":{"BYgJnSNB/AtbH3cBu+0rJqSlkW89swzqGA2vDQkED2s3":{"chainKey":{"counter":-1,"key":"XKJgeR/jhjCMqxRnhe0o1iNkAuIkiB8OblHcjA+QH/g="},"chainType":1,"messageKeys":{}}},"pendingPreKey":{"signedKeyId":0,"baseKey":"BWQxKJgU5mHA6eLXadts+Vo55YaB99GsMWEC+3coZEpG"}},"BXNqf1LtupgoRBrcwLBd6hVZbfItNKMEhakels/2DY05":{"registrationId":516485699,"currentRatchet":{"ephemeralKeyPair":{"pubKey":"BefyoWsx49l+cVByfTzKBZARmQUhWLgvSIi97tgTx3dS","privKey":"WNFCsM2GeSqowW78p8DV/iANRubAzuEf7ZAmJ66KKms="},"lastRemoteEphemeralKey":"BZZkeUWyfWeHLFaaFtP/mksW/MyZmXFZax05yOnWsPla","previousCounter":0,"rootKey":"zM1/KbHcmaY2C2Uvv6/iU9OWhy/LNOZxFeBn7N+zKH0="},"indexInfo":{"baseKey":"BXNqf1LtupgoRBrcwLBd6hVZbfItNKMEhakels/2DY05","baseKeyType":1,"closed":-1,"used":1763718480409,"created":1763718480409,"remoteIdentityKey":"BVPpa1lE98TlhZXleOqddka3abMYWeEbXC9spt8Xjjp6"},"_chains":{"BefyoWsx49l+cVByfTzKBZARmQUhWLgvSIi97tgTx3dS":{"chainKey":{"counter":145,"key":"k8BpxauiUXrK8yed1dqWIDgqpJBIUwU6hZefkQYVghA="},"chainType":1,"messageKeys":{}}},"pendingPreKey":{"signedKeyId":0,"baseKey":"BXNqf1LtupgoRBrcwLBd6hVZbfItNKMEhakels/2DY05"}}},"version":"v1"}