{"_sessions":{"BQLpaBAAleJ9B8Jp8rJiK9KhCJeDo7pKvxnqPxtIXc5Z":{"registrationId":133965123,"currentRatchet":{"ephemeralKeyPair":{"pubKey":"BZFvY38ZyogSyuVczTe1My86SYj8qh3B6q2EQjCvjawB","privKey":"WOIAvewtZWNnearMxv+i1m52pi8e4w5ayokMN+vB6X0="},"lastRemoteEphemeralKey":"BU4RSdeMgzRXX8D9MndNA7/cd798bVzQVkMj2r05IM4p","previousCounter":0,"rootKey":"Su+5V0m5UXDEiEV/gq19S4q+TVosT/o3Etf0d9yRzLY="},"indexInfo":{"baseKey":"BQLpaBAAleJ9B8Jp8rJiK9KhCJeDo7pKvxnqPxtIXc5Z","baseKeyType":1,"closed":1763718472578,"used":1763718471735,"created":1763718471735,"remoteIdentityKey":"BQQqBG8JmLWN1lwQV7X6kXlf+A4MOVLPcSKbzpbilegh"},"_chains":{"BZFvY38ZyogSyuVczTe1My86SYj8qh3B6q2EQjCvjawB":{"chainKey":{"counter":-1,"key":"85+waWdrAHP/kfaMGJQaI0EToLEdj+NPOjdI8ghQUR0="},"chainType":1,"messageKeys":{}}},"pendingPreKey":{"signedKeyId":20,"baseKey":"BQLpaBAAleJ9B8Jp8rJiK9KhCJeDo7pKvxnqPxtIXc5Z","preKeyId":9716182}},"BeQ8kh3DfdrMJlFaIx7rodi2YTJWy8t9vHkKLhnYKSFD":{"registrationId":133965123,"currentRatchet":{"ephemeralKeyPair":{"pubKey":"BSoAwHA5auI8BATqyTimGbzwfznyJ84s33/MsCAxsX1x","privKey":"SFtdmklOenzD3et3hY9jmzzLd8ijv53qERKGJ/BPE1Q="},"lastRemoteEphemeralKey":"BU4RSdeMgzRXX8D9MndNA7/cd798bVzQVkMj2r05IM4p","previousCounter":0,"rootKey":"0vStVSammOj+mabnaVE4Vk1iVpr0hZs5vzwaGU2VS0o="},"indexInfo":{"baseKey":"BeQ8kh3DfdrMJlFaIx7rodi2YTJWy8t9vHkKLhnYKSFD","baseKeyType":1,"closed":-1,"used":1763718472572,"created":1763718472572,"remoteIdentityKey":"BQQqBG8JmLWN1lwQV7X6kXlf+A4MOVLPcSKbzpbilegh"},"_chains":{"BSoAwHA5auI8BATqyTimGbzwfznyJ84s33/MsCAxsX1x":{"chainKey":{"counter":145,"key":"qMzGUGEFZp+6pBx6ChFmDWZiqJ0lYUSai6Qw7yByv7k="},"chainType":1,"messageKeys":{}}},"pendingPreKey":{"signedKeyId":20,"baseKey":"BeQ8kh3DfdrMJlFaIx7rodi2YTJWy8t9vHkKLhnYKSFD","preKeyId":9716069}}},"version":"v1"}