{"_sessions":{"BWuoUiXMgMA8mRgcnXd1NeiGhrd2/uF4q6t5HPje3tlE":{"registrationId":1951970247,"currentRatchet":{"ephemeralKeyPair":{"pubKey":"BSHldcGh0T1aDgB49mfyEq5yzQNRTl//p+LKRs9E94AB","privKey":"YIkKCTkX35zdV1icsDMkuiuRRoHzZmvfoN+c5HeAm3A="},"lastRemoteEphemeralKey":"BUnMDYySUtRzhqhEXV7UdrLges0scVk0ZUZASRIQ7rp5","previousCounter":0,"rootKey":"c+kezSdBL+2f3evrqtFpZVr5CGJatAyc3BHuZ+9YQ9c="},"indexInfo":{"baseKey":"BWuoUiXMgMA8mRgcnXd1NeiGhrd2/uF4q6t5HPje3tlE","baseKeyType":1,"closed":1763718476783,"used":1763718475911,"created":1763718475911,"remoteIdentityKey":"BZ1rnD1TK1eJY34DMiOZuktpr+yBZP3xKfIvB9Y5Qy1H"},"_chains":{"BSHldcGh0T1aDgB49mfyEq5yzQNRTl//p+LKRs9E94AB":{"chainKey":{"counter":-1,"key":"z36k4ccauP2xa2vYwLU4EsgQF5xcH7GtgFi4O5XJS/g="},"chainType":1,"messageKeys":{}}},"pendingPreKey":{"signedKeyId":5535647,"baseKey":"BWuoUiXMgMA8mRgcnXd1NeiGhrd2/uF4q6t5HPje3tlE","preKeyId":9240935}},"BcZwF11xMZhQ0B0UPty0LTqOCRuRUW5/iS5pWD6mr10r":{"registrationId":1951970247,"currentRatchet":{"ephemeralKeyPair":{"pubKey":"BSdjh1MWaiJpBNHA0hrAxAf9gzdfoVc6nHu/rfINez1G","privKey":"gJQaBWKhuud8B8Vg9Jmlum1RtmtW9hCAYGk0sED4WEQ="},"lastRemoteEphemeralKey":"BUnMDYySUtRzhqhEXV7UdrLges0scVk0ZUZASRIQ7rp5","previousCounter":0,"rootKey":"fDya7FmkcWPIyv/v8PX3BI4dqzblzY2KERDGS50P1J4="},"indexInfo":{"baseKey":"BcZwF11xMZhQ0B0UPty0LTqOCRuRUW5/iS5pWD6mr10r","baseKeyType":1,"closed":-1,"used":1763718476781,"created":1763718476781,"remoteIdentityKey":"BZ1rnD1TK1eJY34DMiOZuktpr+yBZP3xKfIvB9Y5Qy1H"},"_chains":{"BSdjh1MWaiJpBNHA0hrAxAf9gzdfoVc6nHu/rfINez1G":{"chainKey":{"counter":145,"key":"IR5G51gGkjyj+oIDaK01z5g7Y3elHIlR3BQlPWwNHbY="},"chainType":1,"messageKeys":{}}},"pendingPreKey":{"signedKeyId":5535647,"baseKey":"BcZwF11xMZhQ0B0UPty0LTqOCRuRUW5/iS5pWD6mr10r","preKeyId":9241368}}},"version":"v1"}