{"_sessions":{"BQMj8kQ48gJ2M4AibbhfukiAIHhExgU1gVSnP98ts8V3":{"registrationId":1439272492,"currentRatchet":{"ephemeralKeyPair":{"pubKey":"Be9PGzX5z/ceUAsLu+I0Gb/cEYkdTWXTglt/R/Z23p1T","privKey":"8L5rCTl5vD/Oqo0L6r1NZQqVDKOqY57P993XSv4RpFM="},"lastRemoteEphemeralKey":"BXjhX+a8fVSSK3B4ITvqHP1Db5bMADp0dP8jcRpNnq9t","previousCounter":0,"rootKey":"lTfnd3FFCwafy9OUKa1cP4PGTkNAvcHIWoNNmLLBozM="},"indexInfo":{"baseKey":"BQMj8kQ48gJ2M4AibbhfukiAIHhExgU1gVSnP98ts8V3","baseKeyType":1,"closed":1763718474898,"used":1763718473948,"created":1763718473948,"remoteIdentityKey":"BZOxYCJVz5e0y0jAafS7A37uH4dScrl8dM1Yv4BIWhcc"},"_chains":{"Be9PGzX5z/ceUAsLu+I0Gb/cEYkdTWXTglt/R/Z23p1T":{"chainKey":{"counter":-1,"key":"owavrwKeMc0z5Hs+SggY3VbT+m8/GPZEcl9PbqQxbPU="},"chainType":1,"messageKeys":{}}},"pendingPreKey":{"signedKeyId":6878493,"baseKey":"BQMj8kQ48gJ2M4AibbhfukiAIHhExgU1gVSnP98ts8V3","preKeyId":12779358}},"BX1DioXWqWM1p0m/MlUt8wdYY+A83BQeRzS27+J04Kk4":{"registrationId":1439272492,"currentRatchet":{"ephemeralKeyPair":{"pubKey":"BRDPdVq6uG3542yAjNypOl4Q5ooc0Q5BovOYga155nZo","privKey":"UOw/+PI115y1l9I4Kq1Fj1tF7OGn+5QALrdmELcYXUo="},"lastRemoteEphemeralKey":"BXjhX+a8fVSSK3B4ITvqHP1Db5bMADp0dP8jcRpNnq9t","previousCounter":0,"rootKey":"drAhU3E3Qh+0hTsbpUZOUl/swDRJQRlXVGL7F8AiUA8="},"indexInfo":{"baseKey":"BX1DioXWqWM1p0m/MlUt8wdYY+A83BQeRzS27+J04Kk4","baseKeyType":1,"closed":-1,"used":1763718474895,"created":1763718474895,"remoteIdentityKey":"BZOxYCJVz5e0y0jAafS7A37uH4dScrl8dM1Yv4BIWhcc"},"_chains":{"BRDPdVq6uG3542yAjNypOl4Q5ooc0Q5BovOYga155nZo":{"chainKey":{"counter":145,"key":"KqIkZAFWz/UXCHAClMztF5dnI0BAYvii7nYvJkW23Ek="},"chainType":1,"messageKeys":{}}},"pendingPreKey":{"signedKeyId":6878493,"baseKey":"BX1DioXWqWM1p0m/MlUt8wdYY+A83BQeRzS27+J04Kk4","preKeyId":12779493}}},"version":"v1"}