{"_sessions":{"BZTQo540kv6yfuLH1zQ+feySiKQ06OFOJo3l4bB/mxwr":{"registrationId":1770295607,"currentRatchet":{"ephemeralKeyPair":{"pubKey":"BbxzJHtmgYxNFTPSI54LtwqgZFXQChPLLT1xFxwOA+E/","privKey":"eFrNPUF6egnlw0TOJIanG4leKifdDEjkkr6vmvtRnH8="},"lastRemoteEphemeralKey":"BT7aBqget6vQNhzuOHGwe3ZWRUFN5c+MiDIuzppvfN0d","previousCounter":0,"rootKey":"fazgI7WjdJhqJw9EQi7+tUudB3m4gdQc0IU8t+WSO5w="},"indexInfo":{"baseKey":"BZTQo540kv6yfuLH1zQ+feySiKQ06OFOJo3l4bB/mxwr","baseKeyType":1,"closed":1763718474933,"used":1763718473978,"created":1763718473978,"remoteIdentityKey":"BUzTDDPPrTkIq441/D5pPGC/sekRfzQ53YFq4eXWXBN9"},"_chains":{"BbxzJHtmgYxNFTPSI54LtwqgZFXQChPLLT1xFxwOA+E/":{"chainKey":{"counter":-1,"key":"k9t8vNQUU+l90GYADQZ/Q1pt/ykazjzZbOP1UD0+7KU="},"chainType":1,"messageKeys":{}}},"pendingPreKey":{"signedKeyId":22,"baseKey":"BZTQo540kv6yfuLH1zQ+feySiKQ06OFOJo3l4bB/mxwr","preKeyId":13897272}},"BQbjALxeovje0UUREw8SYCHQzFmORemyUerL8HFaBXIw":{"registrationId":1770295607,"currentRatchet":{"ephemeralKeyPair":{"pubKey":"BX2mhdUOtQf/ftynIpsb9CRxq2LkohaNs48kL1t6VVFo","privKey":"iFBpkbusEbtM78Hi923VD2l3iSkks3b0K+uG1r2fl38="},"lastRemoteEphemeralKey":"BT7aBqget6vQNhzuOHGwe3ZWRUFN5c+MiDIuzppvfN0d","previousCounter":0,"rootKey":"DwPCtqtPQDQBF3a80cC0jJPEm6+Gx78YDhtxz4h+/Ck="},"indexInfo":{"baseKey":"BQbjALxeovje0UUREw8SYCHQzFmORemyUerL8HFaBXIw","baseKeyType":1,"closed":-1,"used":1763718474930,"created":1763718474930,"remoteIdentityKey":"BUzTDDPPrTkIq441/D5pPGC/sekRfzQ53YFq4eXWXBN9"},"_chains":{"BX2mhdUOtQf/ftynIpsb9CRxq2LkohaNs48kL1t6VVFo":{"chainKey":{"counter":145,"key":"s9jobWSfTjG+YzwpFJP+vAZfVKwV8AzUH6mY8UW2u9I="},"chainType":1,"messageKeys":{}}},"pendingPreKey":{"signedKeyId":22,"baseKey":"BQbjALxeovje0UUREw8SYCHQzFmORemyUerL8HFaBXIw","preKeyId":13899424}}},"version":"v1"}