{"_sessions":{"BdntiRq1jWlBCkTxuaD6zbt1YJh/FiKTwcVHB9rU77IB":{"registrationId":855549147,"currentRatchet":{"ephemeralKeyPair":{"pubKey":"BVVDMd4bCBUpDSJ12VjhryzCBPMbPbwAHkdKGRP2o6hF","privKey":"wCKdQd/T6I0roXCdFFCNQF3UJwhcCP0oS1Do2ql8S1s="},"lastRemoteEphemeralKey":"BT2R8cZpnMRzB2M/8vhw9GYCbbe9ntkng0otY1Y6HpFJ","previousCounter":0,"rootKey":"+MpoR4sdqaeLoo8wlSxivUC2YvYr3331y1acLWh3PGc="},"indexInfo":{"baseKey":"BdntiRq1jWlBCkTxuaD6zbt1YJh/FiKTwcVHB9rU77IB","baseKeyType":1,"closed":1763718471256,"used":1763718470097,"created":1763718470097,"remoteIdentityKey":"BYis9YTx+EE5phafOsF9hqr1Q/PwmswnTvKOYR/Vb4da"},"_chains":{"BVVDMd4bCBUpDSJ12VjhryzCBPMbPbwAHkdKGRP2o6hF":{"chainKey":{"counter":-1,"key":"OTPkpTHozOKYepLxNCswnMdg7avixycFJBAt42ASg5g="},"chainType":1,"messageKeys":{}}},"pendingPreKey":{"signedKeyId":5805779,"baseKey":"BdntiRq1jWlBCkTxuaD6zbt1YJh/FiKTwcVHB9rU77IB","preKeyId":7465536}},"BSVd/0EMmio7o01vHrEYgz2tlOJrkxpFkTuqMNzqts1T":{"registrationId":855549147,"currentRatchet":{"ephemeralKeyPair":{"pubKey":"BY5lwPCHX22nXqHZp84mYb8840a8KPyNzTfl+HnszyUg","privKey":"sJBqnBDZQjbyEsU2+c9kMPhSYDwr6J/LXX1QPhBlglA="},"lastRemoteEphemeralKey":"BT2R8cZpnMRzB2M/8vhw9GYCbbe9ntkng0otY1Y6HpFJ","previousCounter":0,"rootKey":"meRBzHZWZ/D+w93KToraOSVvVN+nMObw3D2hVe1BN/I="},"indexInfo":{"baseKey":"BSVd/0EMmio7o01vHrEYgz2tlOJrkxpFkTuqMNzqts1T","baseKeyType":1,"closed":-1,"used":1763718471253,"created":1763718471253,"remoteIdentityKey":"BYis9YTx+EE5phafOsF9hqr1Q/PwmswnTvKOYR/Vb4da"},"_chains":{"BY5lwPCHX22nXqHZp84mYb8840a8KPyNzTfl+HnszyUg":{"chainKey":{"counter":145,"key":"ZUirdLx/4vHxuvRZkMRFiqiNnJ13/Bp+9Jvag4YgZTo="},"chainType":1,"messageKeys":{}}},"pendingPreKey":{"signedKeyId":5805779,"baseKey":"BSVd/0EMmio7o01vHrEYgz2tlOJrkxpFkTuqMNzqts1T","preKeyId":7465634}}},"version":"v1"}