{"_sessions":{"BQ8y0ZP7mx7hUtkKYEeBI1qGbfF2dHOSC2lP/o5W1j1V":{"registrationId":620285964,"currentRatchet":{"ephemeralKeyPair":{"pubKey":"BbXh0g/k5OsjAR5R1t9jcnSZiska9RW1a+SqKc7WExp2","privKey":"uK6p2r6W8LmontU2Qg87E/pslnX6r2CfbPfh62Ub320="},"lastRemoteEphemeralKey":"BRrFleqRQI2+zpAk34G5MlGoJIEUHmJaVq2Mqn/Ig0Zn","previousCounter":0,"rootKey":"rTVrfhnOaF0rvJC48g7PTaSGqHAVG5IjfPEnfgcyPmk="},"indexInfo":{"baseKey":"BQ8y0ZP7mx7hUtkKYEeBI1qGbfF2dHOSC2lP/o5W1j1V","baseKeyType":1,"closed":1763718474416,"used":1763718473622,"created":1763718473622,"remoteIdentityKey":"BeJaRCxmbGpG8bn9RydmYyktYlxK5xMSxz0kUcQ81tx8"},"_chains":{"BbXh0g/k5OsjAR5R1t9jcnSZiska9RW1a+SqKc7WExp2":{"chainKey":{"counter":-1,"key":"got40MjpGQcssleH7+HdbXJiufOn4KvG8Z3RcnbxAYI="},"chainType":1,"messageKeys":{}}},"pendingPreKey":{"signedKeyId":4,"baseKey":"BQ8y0ZP7mx7hUtkKYEeBI1qGbfF2dHOSC2lP/o5W1j1V","preKeyId":8561009}},"BW33scLqdWPlWYayYsMa24S25p9Xsu2NwcghItP640M7":{"registrationId":620285964,"currentRatchet":{"ephemeralKeyPair":{"pubKey":"BZdvkNY2t45pMTSAMyHg5Qmd06puj9onCekQw6EPaIBs","privKey":"EJl8QF7Xn+zgd6CqcwLkNHzpV/D+ELWH8+34sW3uVGM="},"lastRemoteEphemeralKey":"BRrFleqRQI2+zpAk34G5MlGoJIEUHmJaVq2Mqn/Ig0Zn","previousCounter":0,"rootKey":"oRLoQIR/2q2LGUE051giQq65k1ovjZ/Y0IHZ28Zy7xc="},"indexInfo":{"baseKey":"BW33scLqdWPlWYayYsMa24S25p9Xsu2NwcghItP640M7","baseKeyType":1,"closed":-1,"used":1763718474413,"created":1763718474413,"remoteIdentityKey":"BeJaRCxmbGpG8bn9RydmYyktYlxK5xMSxz0kUcQ81tx8"},"_chains":{"BZdvkNY2t45pMTSAMyHg5Qmd06puj9onCekQw6EPaIBs":{"chainKey":{"counter":145,"key":"jEKPn/oEQdvupKxHTyFqZ/CUpoj2kGPbw2ElSbH9lVU="},"chainType":1,"messageKeys":{}}},"pendingPreKey":{"signedKeyId":4,"baseKey":"BW33scLqdWPlWYayYsMa24S25p9Xsu2NwcghItP640M7","preKeyId":8560747}}},"version":"v1"}