{"_sessions":{"BQCybPNMAmnC3wsMTn+HsNnKZ5GCkDoX3r8TbFnZNvMt":{"registrationId":2036235355,"currentRatchet":{"ephemeralKeyPair":{"pubKey":"BVb5bmEpT5gdBFIIwNNfZ0BoVwFQqgUqbDtIEKWbSs4O","privKey":"WIkLlH8QSTEfr7nniiF4ppP7Jn7ky0WeAWcN3ff/ank="},"lastRemoteEphemeralKey":"BUZc5amUqBd4VdU2u5bsk/01jCMBvdgu7TlACi/dEml7","previousCounter":0,"rootKey":"d6aSgb1hq1VwUDk8Sy7/VpJW0l+LUUO5G9RwgRrJW0A="},"indexInfo":{"baseKey":"BQCybPNMAmnC3wsMTn+HsNnKZ5GCkDoX3r8TbFnZNvMt","baseKeyType":1,"closed":1763718470424,"used":1763718469638,"created":1763718469638,"remoteIdentityKey":"Batl+KZZGl6DvtF7r2U5BqRmRclM7NdoKvtwTA481h0X"},"_chains":{"BVb5bmEpT5gdBFIIwNNfZ0BoVwFQqgUqbDtIEKWbSs4O":{"chainKey":{"counter":-1,"key":"t9hrZjr3YhuE3VfuVsRY+NgCShq5jPNHJQPLyT8+ueQ="},"chainType":1,"messageKeys":{}}},"pendingPreKey":{"signedKeyId":2,"baseKey":"BQCybPNMAmnC3wsMTn+HsNnKZ5GCkDoX3r8TbFnZNvMt"}},"Bbjx7dzsI6wz0u5hwzgd5uB0BoV0vGthC+JUBWWLhAMd":{"registrationId":2036235355,"currentRatchet":{"ephemeralKeyPair":{"pubKey":"BTK4j0mZf8uLv4XNTda3hC36ldyqUyPawbow/FhXxsUo","privKey":"UFLDW6k7ivNavVO11amyGXM0uX7qtuhC0F8Op0B0NE0="},"lastRemoteEphemeralKey":"BUZc5amUqBd4VdU2u5bsk/01jCMBvdgu7TlACi/dEml7","previousCounter":0,"rootKey":"ok4JVlm+GjekWtO6Ej7KaLg8Mzo3FZO/5Rz5hiY3O3A="},"indexInfo":{"baseKey":"Bbjx7dzsI6wz0u5hwzgd5uB0BoV0vGthC+JUBWWLhAMd","baseKeyType":1,"closed":-1,"used":1763718470383,"created":1763718470383,"remoteIdentityKey":"Batl+KZZGl6DvtF7r2U5BqRmRclM7NdoKvtwTA481h0X"},"_chains":{"BTK4j0mZf8uLv4XNTda3hC36ldyqUyPawbow/FhXxsUo":{"chainKey":{"counter":145,"key":"6ifWfpgIt5bQnKiaI591xA/HNMPo9lsXf9udDyjTr1I="},"chainType":1,"messageKeys":{}}},"pendingPreKey":{"signedKeyId":2,"baseKey":"Bbjx7dzsI6wz0u5hwzgd5uB0BoV0vGthC+JUBWWLhAMd"}}},"version":"v1"}