{"_sessions":{"BW92pR0X6I6C6EorcZf6DEm+uQ1YMd+wc8BOdyhIxSYk":{"registrationId":1444827115,"currentRatchet":{"ephemeralKeyPair":{"pubKey":"BQ3OIDEG2LK5UgPSv6dZQYT0YXRaEskZE2lduhaHE2UN","privKey":"sCiSQ18Rnnj35FqTmadvzcuNVP4tt9KjsdUByIB4P3Q="},"lastRemoteEphemeralKey":"BapTeO6FIN8iBm2uxt4KN3cjFZJ98tPytTvzrEp5lIt0","previousCounter":0,"rootKey":"gefbm+SU7Tc8f3+ji+eYv2XjPGEvxgGQPl97KChyJp4="},"indexInfo":{"baseKey":"BW92pR0X6I6C6EorcZf6DEm+uQ1YMd+wc8BOdyhIxSYk","baseKeyType":1,"closed":1763718470922,"used":1763718469901,"created":1763718469901,"remoteIdentityKey":"BRipcjkClyJfgTZQCSY5kynNEKnreYeMmXkXPCU3T01r"},"_chains":{"BQ3OIDEG2LK5UgPSv6dZQYT0YXRaEskZE2lduhaHE2UN":{"chainKey":{"counter":-1,"key":"ywx4DprEET/GJ2yx0Cvh/06jnJGpbnuA7vXHRxWrZKo="},"chainType":1,"messageKeys":{}}},"pendingPreKey":{"signedKeyId":2310645,"baseKey":"BW92pR0X6I6C6EorcZf6DEm+uQ1YMd+wc8BOdyhIxSYk","preKeyId":6088259}},"BV6e/3OLFa5g3XilTocbTUy2Ug2uDCWYkKdd+wC4zoNo":{"registrationId":1444827115,"currentRatchet":{"ephemeralKeyPair":{"pubKey":"BXfMvvEJ9S1eseWLAoVEH23t/UNCfzpWpD3T2/yKRnFF","privKey":"+IDeuMq1jwGOub7dx7zZOANxfh3aolVy2bG/vBcKOnY="},"lastRemoteEphemeralKey":"BapTeO6FIN8iBm2uxt4KN3cjFZJ98tPytTvzrEp5lIt0","previousCounter":0,"rootKey":"h4pGdt4A36mb74xTBlcbcbTFc7NtiPJFOqzHg8Ag6ZQ="},"indexInfo":{"baseKey":"BV6e/3OLFa5g3XilTocbTUy2Ug2uDCWYkKdd+wC4zoNo","baseKeyType":1,"closed":-1,"used":1763718470919,"created":1763718470919,"remoteIdentityKey":"BRipcjkClyJfgTZQCSY5kynNEKnreYeMmXkXPCU3T01r"},"_chains":{"BXfMvvEJ9S1eseWLAoVEH23t/UNCfzpWpD3T2/yKRnFF":{"chainKey":{"counter":145,"key":"3+zxzG85m/0m62iFrHPiATwLv+Ytnioq/LlCbTZTpMQ="},"chainType":1,"messageKeys":{}}},"pendingPreKey":{"signedKeyId":2310645,"baseKey":"BV6e/3OLFa5g3XilTocbTUy2Ug2uDCWYkKdd+wC4zoNo","preKeyId":6088221}}},"version":"v1"}