{"_sessions":{"BWMgkjyHo2XSxD2HM/Dmx2Y7vEyX7iGgkrWMzLcQxCUf":{"registrationId":1475681132,"currentRatchet":{"ephemeralKeyPair":{"pubKey":"BdrZZNu9sVIOuMXlgcxVkaBCjjDQqgSwM8P9IlZDa3ce","privKey":"oLuwYTobFIjweG0ePOGvxPbGZuL1MWAq2sm0maHFLWQ="},"lastRemoteEphemeralKey":"BdeQP8tmBdOxdZZLliWfYmNg6G7dHGtDn7YevYyP1Ool","previousCounter":0,"rootKey":"mwFA4nnoZj67BxqfC8ri58DDyM/YRH4Rk8rHAai0/TQ="},"indexInfo":{"baseKey":"BWMgkjyHo2XSxD2HM/Dmx2Y7vEyX7iGgkrWMzLcQxCUf","baseKeyType":1,"closed":1763718475076,"used":1763718474081,"created":1763718474081,"remoteIdentityKey":"BbYORBX1DKay06nhhoZN0iN0GIATuNTd7dqJTolmt3N9"},"_chains":{"BdrZZNu9sVIOuMXlgcxVkaBCjjDQqgSwM8P9IlZDa3ce":{"chainKey":{"counter":-1,"key":"HfcweSEVIOz05As/XsqmftnmWYUqksz6e2k4Ldm93Tg="},"chainType":1,"messageKeys":{}}},"pendingPreKey":{"signedKeyId":11683918,"baseKey":"BWMgkjyHo2XSxD2HM/Dmx2Y7vEyX7iGgkrWMzLcQxCUf","preKeyId":6877225}},"BTRAu/PIKCfOISIAbN6Rd1dF+4E8uVzVeNp04aCzHI0i":{"registrationId":1475681132,"currentRatchet":{"ephemeralKeyPair":{"pubKey":"BYwmcLaHKMzoYIQOPtt35rTSEJiL9ZmQ2M8prqCo4eI+","privKey":"iCMFKi+HxrlryyI4BR7ZLvaQdIvD03wyggnTfQTzzUI="},"lastRemoteEphemeralKey":"BdeQP8tmBdOxdZZLliWfYmNg6G7dHGtDn7YevYyP1Ool","previousCounter":0,"rootKey":"Y56aqoaW/nC/tNAVD8vYZ83Qb9dKyOMvXKCv4pUQdfs="},"indexInfo":{"baseKey":"BTRAu/PIKCfOISIAbN6Rd1dF+4E8uVzVeNp04aCzHI0i","baseKeyType":1,"closed":-1,"used":1763718475074,"created":1763718475074,"remoteIdentityKey":"BbYORBX1DKay06nhhoZN0iN0GIATuNTd7dqJTolmt3N9"},"_chains":{"BYwmcLaHKMzoYIQOPtt35rTSEJiL9ZmQ2M8prqCo4eI+":{"chainKey":{"counter":145,"key":"QX0WTsee/RF2/kzXi/bSjDyjQhXBBLsn33Y9CA2Xy+g="},"chainType":1,"messageKeys":{}}},"pendingPreKey":{"signedKeyId":11683918,"baseKey":"BTRAu/PIKCfOISIAbN6Rd1dF+4E8uVzVeNp04aCzHI0i","preKeyId":6877137}}},"version":"v1"}