{"_sessions":{"BbuGMUwboUgP+dPtXvu/HRRGMwAN6S13jcRy8VpTCqUN":{"registrationId":936533028,"currentRatchet":{"ephemeralKeyPair":{"pubKey":"BTZAbQTbZuFh2EX3pB+OFIOGmu7o3/xmm1Fkz32PIhI1","privKey":"MMG6NDlqAUb17+bSDRGjs5FyRG1jYVX/l3aethlGOWU="},"lastRemoteEphemeralKey":"BT0GbirYixO2rHIlhnI/t0+Za/U70Em280r59eAF9RpU","previousCounter":0,"rootKey":"guBsAKB7+mXx4SVrMr5oAcNDZPcAgGlQjHowvU60Ewc="},"indexInfo":{"baseKey":"BbuGMUwboUgP+dPtXvu/HRRGMwAN6S13jcRy8VpTCqUN","baseKeyType":1,"closed":1763718473278,"used":1763718472153,"created":1763718472153,"remoteIdentityKey":"BQ/nFfNJYTbWM+oFveQK8H+OAlZtb5m/48uRMbW0Stgb"},"_chains":{"BTZAbQTbZuFh2EX3pB+OFIOGmu7o3/xmm1Fkz32PIhI1":{"chainKey":{"counter":-1,"key":"RXTWI18CuvZqe22eHGwfDWQMB2W7gO73ieoM2Y2ZxVU="},"chainType":1,"messageKeys":{}}},"pendingPreKey":{"signedKeyId":35,"baseKey":"BbuGMUwboUgP+dPtXvu/HRRGMwAN6S13jcRy8VpTCqUN","preKeyId":15974796}},"BcWqs0RQUyNstKwym3HGLwEEk248JUQbrRc1ax/IpkIH":{"registrationId":936533028,"currentRatchet":{"ephemeralKeyPair":{"pubKey":"BUKfX1C3LtEiOQk2yvFqWFE3Bf1DcLjwZ1tApMPgD50S","privKey":"qN7WhCWzPoPMtys7AjyayTMqkCv3Dd+qfFQ9rtu7WkI="},"lastRemoteEphemeralKey":"BT0GbirYixO2rHIlhnI/t0+Za/U70Em280r59eAF9RpU","previousCounter":0,"rootKey":"Q02C09FmyotDLkWWTLWzI8yB76St6WG7B6K2yEVv80E="},"indexInfo":{"baseKey":"BcWqs0RQUyNstKwym3HGLwEEk248JUQbrRc1ax/IpkIH","baseKeyType":1,"closed":-1,"used":1763718473275,"created":1763718473275,"remoteIdentityKey":"BQ/nFfNJYTbWM+oFveQK8H+OAlZtb5m/48uRMbW0Stgb"},"_chains":{"BUKfX1C3LtEiOQk2yvFqWFE3Bf1DcLjwZ1tApMPgD50S":{"chainKey":{"counter":145,"key":"II8lQ3DN2iBFFAyM8JcPNIhwN3LuGWsHYV13Y7BVZXk="},"chainType":1,"messageKeys":{}}},"pendingPreKey":{"signedKeyId":35,"baseKey":"BcWqs0RQUyNstKwym3HGLwEEk248JUQbrRc1ax/IpkIH","preKeyId":15974792}}},"version":"v1"}