{"_sessions":{"BQJvwu5xf4GY6e/L1sD6rvU3vEhf2Y9ZlRQIf9tYqwcB":{"registrationId":529424737,"currentRatchet":{"ephemeralKeyPair":{"pubKey":"BVdXQQkzOpr13r13wbH+xTp2FYMtizy/PoRhNlvUi3If","privKey":"aFGdu/j/awXLPAt5Ux+WNwXl2HIGwrxXLEDmdgt5qW8="},"lastRemoteEphemeralKey":"BSBBvR3A3y8FHbriTGkG+zkd8T0qKmxBbZe+fgILt9h/","previousCounter":0,"rootKey":"Dkd872BSOPLsgdIncrHdcwvPkuWVk1cD7bCryzOHQ6s="},"indexInfo":{"baseKey":"BQJvwu5xf4GY6e/L1sD6rvU3vEhf2Y9ZlRQIf9tYqwcB","baseKeyType":1,"closed":1763718471245,"used":1763718470091,"created":1763718470091,"remoteIdentityKey":"BScphlINRLdX1Yql0kNjvy7DjfQyUWGZUGkstlREpnFf"},"_chains":{"BVdXQQkzOpr13r13wbH+xTp2FYMtizy/PoRhNlvUi3If":{"chainKey":{"counter":-1,"key":"vMKaCDdTzcCvpJ24QxBIER38wyR1g+loc5Zn/jJG7kg="},"chainType":1,"messageKeys":{}}},"pendingPreKey":{"signedKeyId":12,"baseKey":"BQJvwu5xf4GY6e/L1sD6rvU3vEhf2Y9ZlRQIf9tYqwcB","preKeyId":3480650}},"BegSVu0lq3840lZavSvgf4W/9994aLpCz+Rym9ByGYlE":{"registrationId":529424737,"currentRatchet":{"ephemeralKeyPair":{"pubKey":"BQINQom5Bt69tMnlCbQiApn8pSgvYm522LTx71L03CNP","privKey":"0H+IgA2L7jZCxN9dsCxxhNxF53IMJ+2bXL+3gm5hM0I="},"lastRemoteEphemeralKey":"BSBBvR3A3y8FHbriTGkG+zkd8T0qKmxBbZe+fgILt9h/","previousCounter":0,"rootKey":"rey91ArlJuLa3Z17DLm9T1Zm57T31FISr9uYHrK4A+Y="},"indexInfo":{"baseKey":"BegSVu0lq3840lZavSvgf4W/9994aLpCz+Rym9ByGYlE","baseKeyType":1,"closed":-1,"used":1763718471243,"created":1763718471243,"remoteIdentityKey":"BScphlINRLdX1Yql0kNjvy7DjfQyUWGZUGkstlREpnFf"},"_chains":{"BQINQom5Bt69tMnlCbQiApn8pSgvYm522LTx71L03CNP":{"chainKey":{"counter":145,"key":"bsLjXRgW74G/L9f9CS6Jp8dqTe3FWi+gQYqu+ORIjVg="},"chainType":1,"messageKeys":{}}},"pendingPreKey":{"signedKeyId":12,"baseKey":"BegSVu0lq3840lZavSvgf4W/9994aLpCz+Rym9ByGYlE","preKeyId":3480697}}},"version":"v1"}