{"_sessions":{"BeD5D3zaD/RFABsGpyX3+YJN/G0/1D8rPLJJxmOoCahc":{"registrationId":1430102913,"currentRatchet":{"ephemeralKeyPair":{"pubKey":"BSPM4X2evYNHiOd4ta0B2n57MsKUS7AxhxjaH9Ml4pVo","privKey":"MCUjFEFjmK+sJ74IA8qKRJoD2j++1nJ+LLpK8ivqRks="},"lastRemoteEphemeralKey":"BbczT3Z6f/1d9J/PaZOnzsK6ojFRD1wAj+nyBC6oJX4r","previousCounter":0,"rootKey":"ANG2xGlIBDfGFmfv1gprJEKbLCBaECOaOH8CMQrX6oY="},"indexInfo":{"baseKey":"BeD5D3zaD/RFABsGpyX3+YJN/G0/1D8rPLJJxmOoCahc","baseKeyType":1,"closed":1763718470779,"used":1763718469825,"created":1763718469825,"remoteIdentityKey":"BRStrsjIgVuFzEwr9m5Qi+f49tvwwa/+BHrmovtV3bBb"},"_chains":{"BSPM4X2evYNHiOd4ta0B2n57MsKUS7AxhxjaH9Ml4pVo":{"chainKey":{"counter":-1,"key":"hErWBH3iXTvBbdpCiDj4P7h2tReSpM8olxEAXKUuhpU="},"chainType":1,"messageKeys":{}}},"pendingPreKey":{"signedKeyId":50,"baseKey":"BeD5D3zaD/RFABsGpyX3+YJN/G0/1D8rPLJJxmOoCahc","preKeyId":605352}},"BQqhiE1Kkkjfp6+8VpKqcm8iRE1dVqD+PcTbeUgu90h1":{"registrationId":1430102913,"currentRatchet":{"ephemeralKeyPair":{"pubKey":"BcH2l0ONZBw1oKlPJK8RJ9BhryL6pC4noasyICgex2lM","privKey":"YGEL6BzQ7n2xLwJaDQd6KRWfr3duyxSey+MyCX6lGWI="},"lastRemoteEphemeralKey":"BbczT3Z6f/1d9J/PaZOnzsK6ojFRD1wAj+nyBC6oJX4r","previousCounter":0,"rootKey":"6U8w3/pVg4Eof/Z9DYgcgYTMM4aTcXs7ruktMN51EZ4="},"indexInfo":{"baseKey":"BQqhiE1Kkkjfp6+8VpKqcm8iRE1dVqD+PcTbeUgu90h1","baseKeyType":1,"closed":-1,"used":1763718470775,"created":1763718470774,"remoteIdentityKey":"BRStrsjIgVuFzEwr9m5Qi+f49tvwwa/+BHrmovtV3bBb"},"_chains":{"BcH2l0ONZBw1oKlPJK8RJ9BhryL6pC4noasyICgex2lM":{"chainKey":{"counter":145,"key":"JfDi8IcyPsUHKOafiFQorYGkqcU5wGYsA5yfo7cCdc0="},"chainType":1,"messageKeys":{}}},"pendingPreKey":{"signedKeyId":50,"baseKey":"BQqhiE1Kkkjfp6+8VpKqcm8iRE1dVqD+PcTbeUgu90h1","preKeyId":604889}}},"version":"v1"}