{"_sessions":{"BW5Vih1L5Wl4gLwFqxGYmzFDGJO9IMGEN2ElT7QPavo6":{"registrationId":333426019,"currentRatchet":{"ephemeralKeyPair":{"pubKey":"BcuKRR/f86ALcvgp5wMoCDgq3g6s7slkAdgfTdnCc3Yd","privKey":"aEgmggscUfCTkKfkP+gc45PjY7UKDgvGBl1h9hhg4H4="},"lastRemoteEphemeralKey":"Bf/wn8k6vsn8DwU1+IG0V/xuWNwTXgSGHBKdwXGd5G97","previousCounter":0,"rootKey":"A5xCqjAWWYbbJPa+rukYF1/wtqV2Lx4VvdEyB0CbzlU="},"indexInfo":{"baseKey":"BW5Vih1L5Wl4gLwFqxGYmzFDGJO9IMGEN2ElT7QPavo6","baseKeyType":1,"closed":1763718481743,"used":1763718481000,"created":1763718481000,"remoteIdentityKey":"BSigd4939mLSBT0FvdJOlCK9xzah3zZDtJQ+cepINlkp"},"_chains":{"BcuKRR/f86ALcvgp5wMoCDgq3g6s7slkAdgfTdnCc3Yd":{"chainKey":{"counter":-1,"key":"A5HdhFcA4Okx/RNSKMHw4gEgBQQvqpHn4qSQ6tGsA9k="},"chainType":1,"messageKeys":{}}},"pendingPreKey":{"signedKeyId":8,"baseKey":"BW5Vih1L5Wl4gLwFqxGYmzFDGJO9IMGEN2ElT7QPavo6","preKeyId":1607586}},"BeNw91rcAhdEn4KvgD39sUejngQ8tFuj69raom78IARP":{"registrationId":333426019,"currentRatchet":{"ephemeralKeyPair":{"pubKey":"BYrWuX9QLtQ3en1xwcndifGzD2Omx43AbC9aWFpNQhpK","privKey":"OGqhiv4O3oPFZZDujiGEpVwQTgIn1Zz0Je2Bib9nt0I="},"lastRemoteEphemeralKey":"Bf/wn8k6vsn8DwU1+IG0V/xuWNwTXgSGHBKdwXGd5G97","previousCounter":0,"rootKey":"vjdWQpKsmenXgKpaUkP+RF7dsohpa6UWnzsXjAFi8h4="},"indexInfo":{"baseKey":"BeNw91rcAhdEn4KvgD39sUejngQ8tFuj69raom78IARP","baseKeyType":1,"closed":-1,"used":1763718481740,"created":1763718481740,"remoteIdentityKey":"BSigd4939mLSBT0FvdJOlCK9xzah3zZDtJQ+cepINlkp"},"_chains":{"BYrWuX9QLtQ3en1xwcndifGzD2Omx43AbC9aWFpNQhpK":{"chainKey":{"counter":145,"key":"hkO/DoQKvrhZLskhFoF4ylHGByXum+aPpiGi3osSytI="},"chainType":1,"messageKeys":{}}},"pendingPreKey":{"signedKeyId":8,"baseKey":"BeNw91rcAhdEn4KvgD39sUejngQ8tFuj69raom78IARP","preKeyId":1608190}}},"version":"v1"}