{"_sessions":{"BZc1YTBA0iN4HITAFwqEubpUABKC5M1cbmxAeoiWdrNQ":{"registrationId":663914473,"currentRatchet":{"ephemeralKeyPair":{"pubKey":"BTJRxjosuItpMM5nIQtrZaVnLQZfMnZAOyMG+xHXLzJO","privKey":"KPfs4wSS56Z8pz/xMpNt0RRbDw+49MK9ZLxvX7eHUHs="},"lastRemoteEphemeralKey":"Ba/JJzQfzVd7W2SNmFY4omG2FAa7ayA2Im3V00WEij82","previousCounter":0,"rootKey":"3zYCBWrhQ6tT2bFAQjo5LGqM9jTPiKW9/tmRVmit7F4="},"indexInfo":{"baseKey":"BZc1YTBA0iN4HITAFwqEubpUABKC5M1cbmxAeoiWdrNQ","baseKeyType":1,"closed":1763718470506,"used":1763718469665,"created":1763718469665,"remoteIdentityKey":"BUBNTdJa28QZa5ZaVp3O23khxrtv8YBpBmmN+BevKaN2"},"_chains":{"BTJRxjosuItpMM5nIQtrZaVnLQZfMnZAOyMG+xHXLzJO":{"chainKey":{"counter":-1,"key":"XyZZWfMyohEqtXpLj4TFtpbF6gC2xlixqCgMa1sQ9VY="},"chainType":1,"messageKeys":{}}},"pendingPreKey":{"signedKeyId":8654771,"baseKey":"BZc1YTBA0iN4HITAFwqEubpUABKC5M1cbmxAeoiWdrNQ","preKeyId":4719074}},"BWGYHWPeE70W1ZZ+l04YQoZwJ/QM4bBibMaAQea/z0xw":{"registrationId":663914473,"currentRatchet":{"ephemeralKeyPair":{"pubKey":"Bfdv5XRMTVd0kEslz85hNza4mV+3es5r9sip74dk/oIa","privKey":"wEbWzN8+0zEG9Ag5EI6TMlvOyHzOBwSXnxH32/OmvGI="},"lastRemoteEphemeralKey":"Ba/JJzQfzVd7W2SNmFY4omG2FAa7ayA2Im3V00WEij82","previousCounter":0,"rootKey":"YmXe5ZqFSNdoLZIiEw6uAVVyxfQsyTyGnJa2MjVWBgY="},"indexInfo":{"baseKey":"BWGYHWPeE70W1ZZ+l04YQoZwJ/QM4bBibMaAQea/z0xw","baseKeyType":1,"closed":-1,"used":1763718470502,"created":1763718470502,"remoteIdentityKey":"BUBNTdJa28QZa5ZaVp3O23khxrtv8YBpBmmN+BevKaN2"},"_chains":{"Bfdv5XRMTVd0kEslz85hNza4mV+3es5r9sip74dk/oIa":{"chainKey":{"counter":145,"key":"Rd8y7vJYK7f0vx6/p+20p16YdOwtKzr+UsKo+K5G+bk="},"chainType":1,"messageKeys":{}}},"pendingPreKey":{"signedKeyId":8654771,"baseKey":"BWGYHWPeE70W1ZZ+l04YQoZwJ/QM4bBibMaAQea/z0xw","preKeyId":4719303}}},"version":"v1"}