{"_sessions":{"BZiASKqHNNsELtdeCQKhVMgZcrNc47xI+w6ebMLfP5dS":{"registrationId":1696398683,"currentRatchet":{"ephemeralKeyPair":{"pubKey":"BaVqxDAwVjBomTPqORUMItLSoJ+IuW0KljybhwTITcli","privKey":"2B019uBvF4qtWEcS7W/Fk0FLWMUryMh1AE97dHdnZGE="},"lastRemoteEphemeralKey":"BXs/p/SJDG+0/JQ0nA4T6CKdAGIuXeeaTdk6cZ/v/Epk","previousCounter":0,"rootKey":"iHKWeozxQJhC8p3vrkLxArC6cYafSUqCjzYu9ivuRjw="},"indexInfo":{"baseKey":"BZiASKqHNNsELtdeCQKhVMgZcrNc47xI+w6ebMLfP5dS","baseKeyType":1,"closed":1763718470766,"used":1763718469819,"created":1763718469819,"remoteIdentityKey":"BbitCBubX5OaxOB3UGUEwT0m1PYp2DSySkYYs/16sCJE"},"_chains":{"BaVqxDAwVjBomTPqORUMItLSoJ+IuW0KljybhwTITcli":{"chainKey":{"counter":-1,"key":"22v4bAR2l9tnoHqxUnrtoogDD7BYDdzMmZOq4O6s8I0="},"chainType":1,"messageKeys":{}}},"pendingPreKey":{"signedKeyId":6971925,"baseKey":"BZiASKqHNNsELtdeCQKhVMgZcrNc47xI+w6ebMLfP5dS","preKeyId":10419097}},"BU7VWhve0HoE4SMuN8fMEpRdFJNrKauK/YdzRjabgiks":{"registrationId":1696398683,"currentRatchet":{"ephemeralKeyPair":{"pubKey":"BSvzwgDf9CSyxZwnkgb1GsqsPXXMD3V3BnzVLPUa/AA4","privKey":"mMdx/BksK7fVK0Gv9pPx+vi3h+uS1DXlXMW1ohXBLnE="},"lastRemoteEphemeralKey":"BXs/p/SJDG+0/JQ0nA4T6CKdAGIuXeeaTdk6cZ/v/Epk","previousCounter":0,"rootKey":"+X5kOFkEmE2/pRhkEE8XfNuTjL95muS6Do6Y0jrW2eY="},"indexInfo":{"baseKey":"BU7VWhve0HoE4SMuN8fMEpRdFJNrKauK/YdzRjabgiks","baseKeyType":1,"closed":-1,"used":1763718470763,"created":1763718470763,"remoteIdentityKey":"BbitCBubX5OaxOB3UGUEwT0m1PYp2DSySkYYs/16sCJE"},"_chains":{"BSvzwgDf9CSyxZwnkgb1GsqsPXXMD3V3BnzVLPUa/AA4":{"chainKey":{"counter":145,"key":"2ClykoX9jCVuAjWjTdJulki03SZ5kM2uiDJ0k5ogFoE="},"chainType":1,"messageKeys":{}}},"pendingPreKey":{"signedKeyId":6971925,"baseKey":"BU7VWhve0HoE4SMuN8fMEpRdFJNrKauK/YdzRjabgiks","preKeyId":10418974}}},"version":"v1"}