{"_sessions":{"BYn50vs2Qd6j8khX/U8jvYuJT/Ex2C7e/1nh32iEXEVM":{"registrationId":1434201087,"currentRatchet":{"ephemeralKeyPair":{"pubKey":"BZi20fXCw+8q/QTQpP85hYg5RZa8ojkw0J8Gd1vlacE4","privKey":"0NulNzfWkCZn4RrUPMZ0lxzvrSHG6+dhdAKAVALlN3c="},"lastRemoteEphemeralKey":"BbUfkIVnuiDIasUhr2ceFVlRjYM5CgCCIJGNAe2AjUtr","previousCounter":0,"rootKey":"WlZeS9KgcdDuK89mE9QMfdpCK7cC7rkw7W6MqjT61mk="},"indexInfo":{"baseKey":"BYn50vs2Qd6j8khX/U8jvYuJT/Ex2C7e/1nh32iEXEVM","baseKeyType":1,"closed":1763718473392,"used":1763718472210,"created":1763718472210,"remoteIdentityKey":"BaXd2heBshrnmVkdaUWf2DP98LVjmpKIJEThUyGFLoAH"},"_chains":{"BZi20fXCw+8q/QTQpP85hYg5RZa8ojkw0J8Gd1vlacE4":{"chainKey":{"counter":-1,"key":"39W+9887NaAr7Q0t1NAx247CfmSDKB7t2t3B1hwG3r8="},"chainType":1,"messageKeys":{}}},"pendingPreKey":{"signedKeyId":3998306,"baseKey":"BYn50vs2Qd6j8khX/U8jvYuJT/Ex2C7e/1nh32iEXEVM","preKeyId":914254}},"BXHkPL3EiD2J/IwxXlRDf0q4ctNccGy/7hSC4A+9X2Fn":{"registrationId":1434201087,"currentRatchet":{"ephemeralKeyPair":{"pubKey":"BfGrOwuDb1vg4nmGJIaUMWr9g1pachs0P12oo86hqWgR","privKey":"ON0j3DbtR9dK6XdZgPes8A7eT4Y8Dm16ZY7MU8+MJ2I="},"lastRemoteEphemeralKey":"BbUfkIVnuiDIasUhr2ceFVlRjYM5CgCCIJGNAe2AjUtr","previousCounter":0,"rootKey":"p2FTifTKVdv33mVgN4BMjRZ422D5zwBC/OynKqBEhGI="},"indexInfo":{"baseKey":"BXHkPL3EiD2J/IwxXlRDf0q4ctNccGy/7hSC4A+9X2Fn","baseKeyType":1,"closed":-1,"used":1763718473388,"created":1763718473388,"remoteIdentityKey":"BaXd2heBshrnmVkdaUWf2DP98LVjmpKIJEThUyGFLoAH"},"_chains":{"BfGrOwuDb1vg4nmGJIaUMWr9g1pachs0P12oo86hqWgR":{"chainKey":{"counter":145,"key":"P8CMdfWQ9iSg5aM2ZJBy7o4dSI9InKEvCA5IK6l6Zjk="},"chainType":1,"messageKeys":{}}},"pendingPreKey":{"signedKeyId":3998306,"baseKey":"BXHkPL3EiD2J/IwxXlRDf0q4ctNccGy/7hSC4A+9X2Fn","preKeyId":914910}}},"version":"v1"}