{"_sessions":{"BbPVLfXs0FIDnKUqMQt1HXBHRmR3StBNvKnCut8Lg1Jg":{"registrationId":1759222478,"currentRatchet":{"ephemeralKeyPair":{"pubKey":"BR3cxgkHnz9ygknKfuZwdCaWfgOrGHfuXwGU0m2UwXUE","privKey":"OADnYy92mdwgTCuMCjRwIELaOuQQvBilYyW1jeuXoEQ="},"lastRemoteEphemeralKey":"BQdbPOWRKHJpS09PahfQ7dN1h65gT3i9OZiqhMWZvQVn","previousCounter":0,"rootKey":"q9cSYNdwVXS6RQswa2EX6D50OTmM+/01+D9LlVjFN7Y="},"indexInfo":{"baseKey":"BbPVLfXs0FIDnKUqMQt1HXBHRmR3StBNvKnCut8Lg1Jg","baseKeyType":1,"closed":1763718470479,"used":1763718469658,"created":1763718469658,"remoteIdentityKey":"BTW2qIkLpLY0nhepJxunm2ng1xHWHdwYtSm0KU4dHF9P"},"_chains":{"BR3cxgkHnz9ygknKfuZwdCaWfgOrGHfuXwGU0m2UwXUE":{"chainKey":{"counter":-1,"key":"jHidmE1JKnxr6r8J+yRed7iu0tLDWSgxukVSpUV3m8Q="},"chainType":1,"messageKeys":{}}},"pendingPreKey":{"signedKeyId":8,"baseKey":"BbPVLfXs0FIDnKUqMQt1HXBHRmR3StBNvKnCut8Lg1Jg","preKeyId":15474738}},"BQA2WSFOHRtvFmwRCgUsR87jj9uGszMnGHom9/2GvhZQ":{"registrationId":1759222478,"currentRatchet":{"ephemeralKeyPair":{"pubKey":"BS0WXy7AOIdpE2FsDLe4P0IHtyryI5+faYt8CIPAvJ1v","privKey":"iIPQE81m/rNS90WxAaeeAAILCHnPYgxfxWe+WdxOEGU="},"lastRemoteEphemeralKey":"BQdbPOWRKHJpS09PahfQ7dN1h65gT3i9OZiqhMWZvQVn","previousCounter":0,"rootKey":"r3UN92+cWzokd7DR8ONCpNo9EdbVaj876/4TLCC89Yo="},"indexInfo":{"baseKey":"BQA2WSFOHRtvFmwRCgUsR87jj9uGszMnGHom9/2GvhZQ","baseKeyType":1,"closed":-1,"used":1763718470475,"created":1763718470475,"remoteIdentityKey":"BTW2qIkLpLY0nhepJxunm2ng1xHWHdwYtSm0KU4dHF9P"},"_chains":{"BS0WXy7AOIdpE2FsDLe4P0IHtyryI5+faYt8CIPAvJ1v":{"chainKey":{"counter":145,"key":"+v4rlQHTSZ3zLvTNImrz33TRPp/wSKuj/y3pg1Qv5Dg="},"chainType":1,"messageKeys":{}}},"pendingPreKey":{"signedKeyId":8,"baseKey":"BQA2WSFOHRtvFmwRCgUsR87jj9uGszMnGHom9/2GvhZQ","preKeyId":15474808}}},"version":"v1"}