{"_sessions":{"BR+PKT9WEFDK5fWXLyfa21TvFBW1ZH06k0+xQRCP4FJ7":{"registrationId":1805630838,"currentRatchet":{"ephemeralKeyPair":{"pubKey":"BXkNuKp3HytYY0St+zCg6V+Pb9RBr+R+8GJ/PTbRftsu","privKey":"eGHfStjGKcvMcMW1af3HGX4Sysg4jMn5/N57wXbZKHw="},"lastRemoteEphemeralKey":"BfGGlTlJvtnbwjXseN0RWlmJEhb8YM5HxKLsEIQBXbdm","previousCounter":0,"rootKey":"1bVGVaQFn5qry7v5i3jHm/fVdhdHHwG0NNvMAX20nbU="},"indexInfo":{"baseKey":"BR+PKT9WEFDK5fWXLyfa21TvFBW1ZH06k0+xQRCP4FJ7","baseKeyType":1,"closed":1763718471109,"used":1763718470009,"created":1763718470009,"remoteIdentityKey":"Be/z8XDohNoqXVMKto+8G0dUMN7/O5ukteHpa2bRzy5/"},"_chains":{"BXkNuKp3HytYY0St+zCg6V+Pb9RBr+R+8GJ/PTbRftsu":{"chainKey":{"counter":-1,"key":"4CFKXvUD66+XgwuaBSsMbxFwRpDulru5HavGM8lGbWY="},"chainType":1,"messageKeys":{}}},"pendingPreKey":{"signedKeyId":46,"baseKey":"BR+PKT9WEFDK5fWXLyfa21TvFBW1ZH06k0+xQRCP4FJ7","preKeyId":3885728}},"BXJHGPBc6nTX5yrVggc8YSbNvakHAeOEer4qLnn2mJok":{"registrationId":1805630838,"currentRatchet":{"ephemeralKeyPair":{"pubKey":"BbRuJHR0EL5Xy4Y+yn2W7lRS55KzFNWbChEZAFhMoyUb","privKey":"sAlZPBCljmev0DhSRAU4LoZrTSM+piQdM80J8VTLRGQ="},"lastRemoteEphemeralKey":"BfGGlTlJvtnbwjXseN0RWlmJEhb8YM5HxKLsEIQBXbdm","previousCounter":0,"rootKey":"9YfAD17W21UcNmWjgytwn6uBr5B0SMMzoGpuSOUXd68="},"indexInfo":{"baseKey":"BXJHGPBc6nTX5yrVggc8YSbNvakHAeOEer4qLnn2mJok","baseKeyType":1,"closed":-1,"used":1763718471106,"created":1763718471106,"remoteIdentityKey":"Be/z8XDohNoqXVMKto+8G0dUMN7/O5ukteHpa2bRzy5/"},"_chains":{"BbRuJHR0EL5Xy4Y+yn2W7lRS55KzFNWbChEZAFhMoyUb":{"chainKey":{"counter":145,"key":"rpKIXz0gvYxdNmuo0sg7ql0p/Mr2Aap4RfZ5KBx9Ch8="},"chainType":1,"messageKeys":{}}},"pendingPreKey":{"signedKeyId":46,"baseKey":"BXJHGPBc6nTX5yrVggc8YSbNvakHAeOEer4qLnn2mJok","preKeyId":3885810}}},"version":"v1"}