{"_sessions":{"BVjPcPVrC/FzXpw/n8fp+cFQG69pyrs9M/LC90pgxfRj":{"registrationId":1073959794,"currentRatchet":{"ephemeralKeyPair":{"pubKey":"BX8g1t6FqODAiIDPHJljbqVAWm9VbMA80n6aF5Eg2lVA","privKey":"mH2WZ8X+RXMyV53EfOjepEie75lmBXoSjrGN+JZ6BWo="},"lastRemoteEphemeralKey":"BWkQjm+LVeXn3SYR9g3Cgo50GwVmgiNNE0iis2cOLQJJ","previousCounter":0,"rootKey":"08fU2yfCKaTYThWtA5oSZeGfHjukolAbLGtbVmH/MzU="},"indexInfo":{"baseKey":"BVjPcPVrC/FzXpw/n8fp+cFQG69pyrs9M/LC90pgxfRj","baseKeyType":1,"closed":1763718470465,"used":1763718469652,"created":1763718469652,"remoteIdentityKey":"BfHLEZ7/ygrLfrn8xaxR9TS6JZdSa/4e3Zk0q9yLnLlz"},"_chains":{"BX8g1t6FqODAiIDPHJljbqVAWm9VbMA80n6aF5Eg2lVA":{"chainKey":{"counter":-1,"key":"t2v1BJ/dYJ1f6sWi02Ftpkhj50Jt7SngZYw619dXX50="},"chainType":1,"messageKeys":{}}},"pendingPreKey":{"signedKeyId":48,"baseKey":"BVjPcPVrC/FzXpw/n8fp+cFQG69pyrs9M/LC90pgxfRj","preKeyId":9151025}},"BcQNOrZNVa/N/W6UoAE/XJ/DWHUA7HcEaK5WnKBPohg2":{"registrationId":1073959794,"currentRatchet":{"ephemeralKeyPair":{"pubKey":"Bd4RT9A17duR9JxqK0O4D8RT8Fjsmn9aWjSJP80iRMlW","privKey":"sBywdYXLrpy3ITcEyp8DWj0oBjDf6aFCllYu3+W6vGY="},"lastRemoteEphemeralKey":"BWkQjm+LVeXn3SYR9g3Cgo50GwVmgiNNE0iis2cOLQJJ","previousCounter":0,"rootKey":"6ITxL0xUpUR50soNkWsSIkg6t/wOM4g7pnrYaQ6i1rs="},"indexInfo":{"baseKey":"BcQNOrZNVa/N/W6UoAE/XJ/DWHUA7HcEaK5WnKBPohg2","baseKeyType":1,"closed":-1,"used":1763718470460,"created":1763718470460,"remoteIdentityKey":"BfHLEZ7/ygrLfrn8xaxR9TS6JZdSa/4e3Zk0q9yLnLlz"},"_chains":{"Bd4RT9A17duR9JxqK0O4D8RT8Fjsmn9aWjSJP80iRMlW":{"chainKey":{"counter":145,"key":"J3tOTRETp7e9CuaEsFkvcdYPx1CvZhuwWvvNDtwVU4k="},"chainType":1,"messageKeys":{}}},"pendingPreKey":{"signedKeyId":48,"baseKey":"BcQNOrZNVa/N/W6UoAE/XJ/DWHUA7HcEaK5WnKBPohg2","preKeyId":9151430}}},"version":"v1"}