{"_sessions":{"BfaIVo/VGXFg7a4WCLb2IKfrz+1VNrutGhMIuabmRPwE":{"registrationId":449403639,"currentRatchet":{"ephemeralKeyPair":{"pubKey":"BQXCLn+Tqx3Z9TwdHFldy2dna/mdqFCUNwOJr8aVg0BC","privKey":"ACiduOhdPINyll1DANwWPir2S4AtAWkrO6HoXq4J01g="},"lastRemoteEphemeralKey":"BX88gCtJjonemLzJs5H++tgclLhdCzbBpKTKUHZrfJEP","previousCounter":0,"rootKey":"z9tKr/Yxbc+gfD/YLt4uzpOxgtPO7I2lsS4Qo0baAms="},"indexInfo":{"baseKey":"BfaIVo/VGXFg7a4WCLb2IKfrz+1VNrutGhMIuabmRPwE","baseKeyType":1,"closed":1763718472631,"used":1763718471766,"created":1763718471766,"remoteIdentityKey":"BbaXqSxb7rInGv8QRGLr2SYlBQKpuHAW4sqPgFtRyPoM"},"_chains":{"BQXCLn+Tqx3Z9TwdHFldy2dna/mdqFCUNwOJr8aVg0BC":{"chainKey":{"counter":-1,"key":"Mtf8i0ixDoGAa0w+GsRO4I1r1x1yCZh+tZ1+YSxiY5E="},"chainType":1,"messageKeys":{}}},"pendingPreKey":{"signedKeyId":7531444,"baseKey":"BfaIVo/VGXFg7a4WCLb2IKfrz+1VNrutGhMIuabmRPwE","preKeyId":3775791}},"BUOTGGiH7hvCnYcCQ7lbiFWP0ljw+axX5Ql7ER6aNtkc":{"registrationId":449403639,"currentRatchet":{"ephemeralKeyPair":{"pubKey":"BbWdp8ddK9kT5zpMGeGzNZwy09eypmKHZhofHr3wAisG","privKey":"6JYtr4Fsk47hY1Z4jp6WSMHVcf3g28kOcGUWG+06nHM="},"lastRemoteEphemeralKey":"BX88gCtJjonemLzJs5H++tgclLhdCzbBpKTKUHZrfJEP","previousCounter":0,"rootKey":"EtLyZJEq1PO0gbwckkJElvlha+OcTs4v2zL2070Wg4c="},"indexInfo":{"baseKey":"BUOTGGiH7hvCnYcCQ7lbiFWP0ljw+axX5Ql7ER6aNtkc","baseKeyType":1,"closed":-1,"used":1763718472628,"created":1763718472628,"remoteIdentityKey":"BbaXqSxb7rInGv8QRGLr2SYlBQKpuHAW4sqPgFtRyPoM"},"_chains":{"BbWdp8ddK9kT5zpMGeGzNZwy09eypmKHZhofHr3wAisG":{"chainKey":{"counter":145,"key":"c9h/0ICCTrCCTHuzUBdyBkmsl9j79onu6gwEUS0o7L0="},"chainType":1,"messageKeys":{}}},"pendingPreKey":{"signedKeyId":7531444,"baseKey":"BUOTGGiH7hvCnYcCQ7lbiFWP0ljw+axX5Ql7ER6aNtkc","preKeyId":3775955}}},"version":"v1"}