{"_sessions":{"BU89Jp15WPh2gFMpSRSZCSNraRYFYdnev948LnaBa+wT":{"registrationId":300968123,"currentRatchet":{"ephemeralKeyPair":{"pubKey":"Bf4VMELPI9N583y5fd77H7AUg4m7YEnlrFFHpJwv6T9N","privKey":"+Gw4M2k3NLUzNO2aHmdTfUz9AeyQSV5NKcB6tLSezXM="},"lastRemoteEphemeralKey":"Bd/Cw+Te+EkORTBQj/EqidjOvHmHCTUPOQmybrzv+85f","previousCounter":0,"rootKey":"vlXZx1sfieBMGMUO0psDCe8xibUV2ViXz3twOIP6E40="},"indexInfo":{"baseKey":"BU89Jp15WPh2gFMpSRSZCSNraRYFYdnev948LnaBa+wT","baseKeyType":1,"closed":1763718478422,"used":1763718477474,"created":1763718477474,"remoteIdentityKey":"BYrSkDJ/aAoXaGgFXsTJivXO6IDPXj8VbkYB7QtZex0v"},"_chains":{"Bf4VMELPI9N583y5fd77H7AUg4m7YEnlrFFHpJwv6T9N":{"chainKey":{"counter":-1,"key":"iQkhoRsX6ucPmu5Me7Nb8G7A4bEo3EZ2L/wy22DFF9s="},"chainType":1,"messageKeys":{}}},"pendingPreKey":{"signedKeyId":5,"baseKey":"BU89Jp15WPh2gFMpSRSZCSNraRYFYdnev948LnaBa+wT","preKeyId":578791}},"BUEXnv0hWgacJszTMyjiG+XGL3cSWjlBExvcJHrkCgUo":{"registrationId":300968123,"currentRatchet":{"ephemeralKeyPair":{"pubKey":"BSHDIto6fCFdKB9FiykMXA8YtZPWc1s/K8PPF1HZobcC","privKey":"mDgraBvlGKOGpy+kvdro8QnA8JIiviTdcC9cDLIXkmg="},"lastRemoteEphemeralKey":"Bd/Cw+Te+EkORTBQj/EqidjOvHmHCTUPOQmybrzv+85f","previousCounter":0,"rootKey":"cSelNCAvT6pi9wYtOxmaG7TxYdS3n+G2/Upowb/wDTI="},"indexInfo":{"baseKey":"BUEXnv0hWgacJszTMyjiG+XGL3cSWjlBExvcJHrkCgUo","baseKeyType":1,"closed":-1,"used":1763718478419,"created":1763718478419,"remoteIdentityKey":"BYrSkDJ/aAoXaGgFXsTJivXO6IDPXj8VbkYB7QtZex0v"},"_chains":{"BSHDIto6fCFdKB9FiykMXA8YtZPWc1s/K8PPF1HZobcC":{"chainKey":{"counter":145,"key":"XNwHzEajAz8eeAGx3E8xwuVpU67T5T+ZIC78mry1rqc="},"chainType":1,"messageKeys":{}}},"pendingPreKey":{"signedKeyId":5,"baseKey":"BUEXnv0hWgacJszTMyjiG+XGL3cSWjlBExvcJHrkCgUo","preKeyId":578770}}},"version":"v1"}