{"_sessions":{"BUsZk0ycsw7bhH+i4Ylonk+jQoXVz5Wf8VRvcS3BoVYf":{"registrationId":671212676,"currentRatchet":{"ephemeralKeyPair":{"pubKey":"BfZWb3rS6fOGPli8wwXuArG4W+20nOGT9rnR3x0oAsxK","privKey":"wPEmm34w+y8w9Xw+vuaX7If3IIa16Favh/WwOEK5BWo="},"lastRemoteEphemeralKey":"BYT3cCGoDWQS/VGO2yeQ1gRgiswzbnWlC77o7m+2928t","previousCounter":0,"rootKey":"jEKbzXkKn0KBqj6z0CGwQPRpRkr+kZ9yTFve91f5Ppk="},"indexInfo":{"baseKey":"BUsZk0ycsw7bhH+i4Ylonk+jQoXVz5Wf8VRvcS3BoVYf","baseKeyType":1,"closed":1763718470867,"used":1763718469876,"created":1763718469876,"remoteIdentityKey":"BfABSuj+bEt+PVcDxeZJg05ySEe4XQqZe7oAjejjCqB0"},"_chains":{"BfZWb3rS6fOGPli8wwXuArG4W+20nOGT9rnR3x0oAsxK":{"chainKey":{"counter":-1,"key":"IIP2hx3bbeExR5ldSN/Q1DyURiS3ikLvF9thZfOqf5Q="},"chainType":1,"messageKeys":{}}},"pendingPreKey":{"signedKeyId":28,"baseKey":"BUsZk0ycsw7bhH+i4Ylonk+jQoXVz5Wf8VRvcS3BoVYf","preKeyId":10913196}},"BcaO+gDVOnti+0Qp9p+MXRW48pPk/dIxx7ZUhcuF4ocq":{"registrationId":671212676,"currentRatchet":{"ephemeralKeyPair":{"pubKey":"Bb9DlAU/jI+P2/U8Kh0doJz4FJxQpL9Ema66b/Oj8+EK","privKey":"wAi/RGmpBvIgE4hMMW61D2pkjauu8v+gP2yAu15KEXs="},"lastRemoteEphemeralKey":"BYT3cCGoDWQS/VGO2yeQ1gRgiswzbnWlC77o7m+2928t","previousCounter":0,"rootKey":"t34+uvU351Ynf1iB0zvE/SbzbA6oFguyKOy4qgNGUQs="},"indexInfo":{"baseKey":"BcaO+gDVOnti+0Qp9p+MXRW48pPk/dIxx7ZUhcuF4ocq","baseKeyType":1,"closed":-1,"used":1763718470862,"created":1763718470862,"remoteIdentityKey":"BfABSuj+bEt+PVcDxeZJg05ySEe4XQqZe7oAjejjCqB0"},"_chains":{"Bb9DlAU/jI+P2/U8Kh0doJz4FJxQpL9Ema66b/Oj8+EK":{"chainKey":{"counter":145,"key":"/DgFqRfw5cjGQ4uDKww8vuiPVx/iy6mX0o4hhvDQEFA="},"chainType":1,"messageKeys":{}}},"pendingPreKey":{"signedKeyId":28,"baseKey":"BcaO+gDVOnti+0Qp9p+MXRW48pPk/dIxx7ZUhcuF4ocq","preKeyId":10913133}}},"version":"v1"}