{"_sessions":{"BXKLgmn1NzHOJY9w+n1YmDW5LjHcrbuWy3Hlci8u9doS":{"registrationId":2118311850,"currentRatchet":{"ephemeralKeyPair":{"pubKey":"BRlmldFoIhmXDEwC9788y747IkeqbOe+Z+82ueCEQw1P","privKey":"GLxrKk+/PREg51KxBFQNGqtDa1bebynOqwlXGkHgjkY="},"lastRemoteEphemeralKey":"BUhejLg1WL8MWJ4rJMnsEi+HW+WZWfPUKt94QFA75f8U","previousCounter":0,"rootKey":"w/G4VD6SDezuKTZ9KsBzAYTVNsZtf0mpHk3+tceGkWI="},"indexInfo":{"baseKey":"BXKLgmn1NzHOJY9w+n1YmDW5LjHcrbuWy3Hlci8u9doS","baseKeyType":1,"closed":1763718476894,"used":1763718475980,"created":1763718475980,"remoteIdentityKey":"BRespEUnQxuZGeRyRPGdMaX5CArJwEEgnHRSXfRcDpMf"},"_chains":{"BRlmldFoIhmXDEwC9788y747IkeqbOe+Z+82ueCEQw1P":{"chainKey":{"counter":-1,"key":"lsNPBsuOWN7EPTNyG3WGaohZNlt4lTt39iK39ATwqB0="},"chainType":1,"messageKeys":{}}},"pendingPreKey":{"signedKeyId":17,"baseKey":"BXKLgmn1NzHOJY9w+n1YmDW5LjHcrbuWy3Hlci8u9doS","preKeyId":10790298}},"Bf2yOCdaMsHQAHnJodd9s2He7tbqgyUKLQKnBMKbOd0f":{"registrationId":2118311850,"currentRatchet":{"ephemeralKeyPair":{"pubKey":"BckuX2EcNDjmAXf0T2fW9de1W8PwL0rMX6bOypH2rV5G","privKey":"KCf8pLze1r2AV/iDFc8wB1c8xEsU7uu7SztUSpUx+EE="},"lastRemoteEphemeralKey":"BUhejLg1WL8MWJ4rJMnsEi+HW+WZWfPUKt94QFA75f8U","previousCounter":0,"rootKey":"YMCD2LJPnExU6vo4iBQAvwnMHSGOznaJit5gB/anIuk="},"indexInfo":{"baseKey":"Bf2yOCdaMsHQAHnJodd9s2He7tbqgyUKLQKnBMKbOd0f","baseKeyType":1,"closed":-1,"used":1763718476892,"created":1763718476892,"remoteIdentityKey":"BRespEUnQxuZGeRyRPGdMaX5CArJwEEgnHRSXfRcDpMf"},"_chains":{"BckuX2EcNDjmAXf0T2fW9de1W8PwL0rMX6bOypH2rV5G":{"chainKey":{"counter":145,"key":"X6aO7soNuR31RN5hDv47nUhe2pmjsTGoU52pSdx9WgA="},"chainType":1,"messageKeys":{}}},"pendingPreKey":{"signedKeyId":17,"baseKey":"Bf2yOCdaMsHQAHnJodd9s2He7tbqgyUKLQKnBMKbOd0f","preKeyId":10789745}}},"version":"v1"}