{"_sessions":{"BV/ElJsrvyhN0S7exgFL5IHqUsew6Ya82uhnR7muK6x+":{"registrationId":2071683720,"currentRatchet":{"ephemeralKeyPair":{"pubKey":"Bc1dz6iLbf1M9CalLxSTPb3zsyMFe5f/7CCGEX460k8J","privKey":"GFu/7MkTF9umleePPjviBzozTYXWL7LqQtLj4plu2nU="},"lastRemoteEphemeralKey":"Bbqv9TlmlF6qq+bMFXRtgs8XMvwFJnOeQr/pgEPdqdws","previousCounter":0,"rootKey":"DPWuTb4nr6UZ4kvCtY9W0rMyITStBi+PrlIY3ueXO3w="},"indexInfo":{"baseKey":"BV/ElJsrvyhN0S7exgFL5IHqUsew6Ya82uhnR7muK6x+","baseKeyType":1,"closed":1763718475350,"used":1763718474289,"created":1763718474289,"remoteIdentityKey":"BQ5+9ExWL50XUjjUCKyB2ubp0JCljOGn/X8wyO3VXVF2"},"_chains":{"Bc1dz6iLbf1M9CalLxSTPb3zsyMFe5f/7CCGEX460k8J":{"chainKey":{"counter":-1,"key":"PfctcbZJrZxLHExjGTMcQQW31WW4Lrm2oM029feVrJs="},"chainType":1,"messageKeys":{}}},"pendingPreKey":{"signedKeyId":11,"baseKey":"BV/ElJsrvyhN0S7exgFL5IHqUsew6Ya82uhnR7muK6x+","preKeyId":1783796}},"BeZ+lJYDT3HDxOHm0QwP4mWV6KrCyRoR3KQUsv7b2A5b":{"registrationId":2071683720,"currentRatchet":{"ephemeralKeyPair":{"pubKey":"BZ7TSQ1jjiE8aBbqsXIoPkfFTSs1e2nTQEh+12CY3M8x","privKey":"0HXPPgyux+dHPeDM8nFoLFSLAW4sXnn1kA7GvhWg80s="},"lastRemoteEphemeralKey":"Bbqv9TlmlF6qq+bMFXRtgs8XMvwFJnOeQr/pgEPdqdws","previousCounter":0,"rootKey":"8kWTCDSHLwVdVB3Zi2Wlj1dRYE9uKw218NxznyQfDiw="},"indexInfo":{"baseKey":"BeZ+lJYDT3HDxOHm0QwP4mWV6KrCyRoR3KQUsv7b2A5b","baseKeyType":1,"closed":-1,"used":1763718475347,"created":1763718475347,"remoteIdentityKey":"BQ5+9ExWL50XUjjUCKyB2ubp0JCljOGn/X8wyO3VXVF2"},"_chains":{"BZ7TSQ1jjiE8aBbqsXIoPkfFTSs1e2nTQEh+12CY3M8x":{"chainKey":{"counter":145,"key":"vTWhnCv68sFZbrVCXeZWznSHAPuGc4oG42YPG29M38g="},"chainType":1,"messageKeys":{}}},"pendingPreKey":{"signedKeyId":11,"baseKey":"BeZ+lJYDT3HDxOHm0QwP4mWV6KrCyRoR3KQUsv7b2A5b","preKeyId":1783675}}},"version":"v1"}