{"_sessions":{"BaO5xLiAmJ1YXX6HTspkfBDoKFMha1SqGYZiDKCj8u0w":{"registrationId":1814256226,"currentRatchet":{"ephemeralKeyPair":{"pubKey":"BZZZNJJGuxhA1ZY0Jke4kHJTi2OO7XiMvjNhHI88rR5Q","privKey":"+KgIuGeBGzthMhH7dQSBkO1uHi4rkfmR2vnvY/a7cHA="},"lastRemoteEphemeralKey":"BUSJhrvysqrgZvl6waxgUXWBbafEy5SZARRK8Pg5dN5J","previousCounter":0,"rootKey":"LXwYAG4oIgYETy9e3PPwwLHli1X9BwalwtULPAhx9XQ="},"indexInfo":{"baseKey":"BaO5xLiAmJ1YXX6HTspkfBDoKFMha1SqGYZiDKCj8u0w","baseKeyType":1,"closed":1763718473090,"used":1763718472059,"created":1763718472059,"remoteIdentityKey":"BTO3+SkFA+LpQRUwjy3J4Av2Pv0OEEBBgUxcPf4zx7JS"},"_chains":{"BZZZNJJGuxhA1ZY0Jke4kHJTi2OO7XiMvjNhHI88rR5Q":{"chainKey":{"counter":-1,"key":"cRGqI6QZKK2c7OC8pS7ew9kGg0ceUktHGi0QRWn9Wxg="},"chainType":1,"messageKeys":{}}},"pendingPreKey":{"signedKeyId":10,"baseKey":"BaO5xLiAmJ1YXX6HTspkfBDoKFMha1SqGYZiDKCj8u0w","preKeyId":9669965}},"BZZof8xQ1pSeNlDB7aUaIIwvkuU7g3xAGDPSUOvJzugN":{"registrationId":1814256226,"currentRatchet":{"ephemeralKeyPair":{"pubKey":"BYQqbKvBgyME+K0yWw2Urj+Tya7Rpt/abW4ozQ6Xuvhr","privKey":"oATIpPV6N/ofhSjUfn724NrbPmW9g42rxsQ6bI9mgng="},"lastRemoteEphemeralKey":"BUSJhrvysqrgZvl6waxgUXWBbafEy5SZARRK8Pg5dN5J","previousCounter":0,"rootKey":"L8A3zoZICVMf5SU86fvpB0C5SZ3tQ7yHRTiynl+3vNc="},"indexInfo":{"baseKey":"BZZof8xQ1pSeNlDB7aUaIIwvkuU7g3xAGDPSUOvJzugN","baseKeyType":1,"closed":-1,"used":1763718473087,"created":1763718473087,"remoteIdentityKey":"BTO3+SkFA+LpQRUwjy3J4Av2Pv0OEEBBgUxcPf4zx7JS"},"_chains":{"BYQqbKvBgyME+K0yWw2Urj+Tya7Rpt/abW4ozQ6Xuvhr":{"chainKey":{"counter":145,"key":"22BD4vNo2wqZgTCicDermmqjuRZDQYrJcdQfrSs2Ae0="},"chainType":1,"messageKeys":{}}},"pendingPreKey":{"signedKeyId":10,"baseKey":"BZZof8xQ1pSeNlDB7aUaIIwvkuU7g3xAGDPSUOvJzugN","preKeyId":9669959}}},"version":"v1"}