{"_sessions":{"BcVRvuzUnGbCKEtDtVecYat8mSa2YrhZeU+3RLYRkrlq":{"registrationId":220790097,"currentRatchet":{"ephemeralKeyPair":{"pubKey":"Ba9q79FsjxUZjsqX7ObFQYFn+OLVYrO/vg0cqVLbi3F4","privKey":"KL9iTTSRzcBuCnyfu0gf9kjv6NeMaCfQMbfA/enfYm0="},"lastRemoteEphemeralKey":"Bc4hY5zRPIpb+Tlzxta6peXBtfy/5zsNPPiY8jXFRAVl","previousCounter":0,"rootKey":"Yn6BAeJiQyZbmGpTxIrUM3w7MrbwSlnwD90BmIOx7A8="},"indexInfo":{"baseKey":"BcVRvuzUnGbCKEtDtVecYat8mSa2YrhZeU+3RLYRkrlq","baseKeyType":1,"closed":1763718478620,"used":1763718477609,"created":1763718477609,"remoteIdentityKey":"BTFtR4fhXE5D1EvT9jLgb2dtDJUATxL+HWcgGCyysPVN"},"_chains":{"Ba9q79FsjxUZjsqX7ObFQYFn+OLVYrO/vg0cqVLbi3F4":{"chainKey":{"counter":-1,"key":"0A1pUi/SuiuCMfGKwGithQ5AHoQW9bw8fkApWboCHHo="},"chainType":1,"messageKeys":{}}},"pendingPreKey":{"signedKeyId":66504,"baseKey":"BcVRvuzUnGbCKEtDtVecYat8mSa2YrhZeU+3RLYRkrlq","preKeyId":908020}},"BS1DGfH+W0cFVkRMZT4c479zlgcya4w21GVUwQ4ER7xV":{"registrationId":220790097,"currentRatchet":{"ephemeralKeyPair":{"pubKey":"Be8BSBiRcsyZecKgAj1iy91bjcu38MmAKbAPWmp4z3wa","privKey":"0KvJjZqhzyTEThL1tMSKdvnutiC94l5Yc0tl+uKDQkY="},"lastRemoteEphemeralKey":"Bc4hY5zRPIpb+Tlzxta6peXBtfy/5zsNPPiY8jXFRAVl","previousCounter":0,"rootKey":"nmYJivf8/44vtjsC/M2pOgrarcKGFyrSJEaatRZv9n8="},"indexInfo":{"baseKey":"BS1DGfH+W0cFVkRMZT4c479zlgcya4w21GVUwQ4ER7xV","baseKeyType":1,"closed":-1,"used":1763718478617,"created":1763718478617,"remoteIdentityKey":"BTFtR4fhXE5D1EvT9jLgb2dtDJUATxL+HWcgGCyysPVN"},"_chains":{"Be8BSBiRcsyZecKgAj1iy91bjcu38MmAKbAPWmp4z3wa":{"chainKey":{"counter":145,"key":"aJdndUAEr2kgtUvC1pFaD0Cl6tzyCuMOZsslFRLaPDE="},"chainType":1,"messageKeys":{}}},"pendingPreKey":{"signedKeyId":66504,"baseKey":"BS1DGfH+W0cFVkRMZT4c479zlgcya4w21GVUwQ4ER7xV","preKeyId":908065}}},"version":"v1"}