{"_sessions":{"BYAHcjt1506ao15JXtXqVu26BQgmcnGCv63L5PlnMCgV":{"registrationId":875828272,"currentRatchet":{"ephemeralKeyPair":{"pubKey":"BXIpDojXCSp6CvEpDHZS4nhUpxe2MLeWgPIWEnBvvvVB","privKey":"sGcMtlL0wA+tjeVuf98zzKbd6K2EBKwtVni79+J5/W0="},"lastRemoteEphemeralKey":"BYnUKD5afcuMNIS5FRCqt4H52RCInPKb+pf/u1hTCRZe","previousCounter":0,"rootKey":"+aeWdFTjLU5auVd/UDJCgtrPj64pNkCA3lNyGTOqJBo="},"indexInfo":{"baseKey":"BYAHcjt1506ao15JXtXqVu26BQgmcnGCv63L5PlnMCgV","baseKeyType":1,"closed":1763718471404,"used":1763718470173,"created":1763718470173,"remoteIdentityKey":"BT63NltK7jsLAzJJsHMx20MMGm8kkfBbQkJowqBrC912"},"_chains":{"BXIpDojXCSp6CvEpDHZS4nhUpxe2MLeWgPIWEnBvvvVB":{"chainKey":{"counter":-1,"key":"1xJERKscd1dsjujWUUgNevGh1jOmEslnde6Lt7w3d+o="},"chainType":1,"messageKeys":{}}},"pendingPreKey":{"signedKeyId":2,"baseKey":"BYAHcjt1506ao15JXtXqVu26BQgmcnGCv63L5PlnMCgV","preKeyId":8838226}},"BZ7z+dD3nlngai4+XabA4fZDTvBbKrhEMFL3Xm13QANe":{"registrationId":875828272,"currentRatchet":{"ephemeralKeyPair":{"pubKey":"BafdYxUmSiUD9btOeOWtc9YYBogyEL6XWqcAUEF2ZiV8","privKey":"GKjdc2gwAkMSLU1dKuILbHQfjiEDq5mNHZkxNgrr5Vc="},"lastRemoteEphemeralKey":"BYnUKD5afcuMNIS5FRCqt4H52RCInPKb+pf/u1hTCRZe","previousCounter":0,"rootKey":"o5XDY2MIK6pF+l+ompe/onalKdJl1eeXNRWeDBsIFus="},"indexInfo":{"baseKey":"BZ7z+dD3nlngai4+XabA4fZDTvBbKrhEMFL3Xm13QANe","baseKeyType":1,"closed":-1,"used":1763718471401,"created":1763718471401,"remoteIdentityKey":"BT63NltK7jsLAzJJsHMx20MMGm8kkfBbQkJowqBrC912"},"_chains":{"BafdYxUmSiUD9btOeOWtc9YYBogyEL6XWqcAUEF2ZiV8":{"chainKey":{"counter":145,"key":"4q34uPIiA9A+XsQEGsg7Iin9FEbQOxuyYUadQHiKpws="},"chainType":1,"messageKeys":{}}},"pendingPreKey":{"signedKeyId":2,"baseKey":"BZ7z+dD3nlngai4+XabA4fZDTvBbKrhEMFL3Xm13QANe","preKeyId":8838239}}},"version":"v1"}