{"_sessions":{"BTcuxeErdSoD9R7hrO6odELFt2jGO72f7K728siWcHV4":{"registrationId":474581836,"currentRatchet":{"ephemeralKeyPair":{"pubKey":"BSUu2G4ihpUOC1sbWoFKNHsbApdBwg0NFX+3xf/J4iZ8","privKey":"0OGhFgOgv78HzSIn151cHzrgcSevHXVEoUjAg0ROk2Q="},"lastRemoteEphemeralKey":"BZYFrDs7hmqwSBzwFn9efYQVOyfjHsUh/iCXEIZr2mI4","previousCounter":0,"rootKey":"5U0vH+RxUqrddjXr3iTFmd+cpT7SMN708GEzlVCk99U="},"indexInfo":{"baseKey":"BTcuxeErdSoD9R7hrO6odELFt2jGO72f7K728siWcHV4","baseKeyType":1,"closed":1763718472802,"used":1763718471880,"created":1763718471880,"remoteIdentityKey":"BbsWylc2qR/BALtHCfrfmWPtGZ6EPRB8qZCiyx7yovlY"},"_chains":{"BSUu2G4ihpUOC1sbWoFKNHsbApdBwg0NFX+3xf/J4iZ8":{"chainKey":{"counter":-1,"key":"kzbTGkTArDhi2J95igAIvASMBYooOwu7CzBsqU7acPA="},"chainType":1,"messageKeys":{}}},"pendingPreKey":{"signedKeyId":10958847,"baseKey":"BTcuxeErdSoD9R7hrO6odELFt2jGO72f7K728siWcHV4","preKeyId":8658841}},"BZ6lNdk7oKRI1EoAuMdknaptsMDnTMzjzVi1YDSGj8hs":{"registrationId":474581836,"currentRatchet":{"ephemeralKeyPair":{"pubKey":"BUmA9Boz6KS2XFUXOReqQJG2hG57Yhe0akSffpVYWcAe","privKey":"KGk+dADGa7YuZB6hoHM0lnXbAyreidnHcHFi7iVP/2I="},"lastRemoteEphemeralKey":"BZYFrDs7hmqwSBzwFn9efYQVOyfjHsUh/iCXEIZr2mI4","previousCounter":0,"rootKey":"zQBjqh3coCsk5iCHjvhckEYrn3hGt3oxOyJiu0f6pwo="},"indexInfo":{"baseKey":"BZ6lNdk7oKRI1EoAuMdknaptsMDnTMzjzVi1YDSGj8hs","baseKeyType":1,"closed":-1,"used":1763718472799,"created":1763718472799,"remoteIdentityKey":"BbsWylc2qR/BALtHCfrfmWPtGZ6EPRB8qZCiyx7yovlY"},"_chains":{"BUmA9Boz6KS2XFUXOReqQJG2hG57Yhe0akSffpVYWcAe":{"chainKey":{"counter":145,"key":"rhZFwIYDxAYChyCLU+s/QGOeQpC2/pXxLfzUaV+2cFc="},"chainType":1,"messageKeys":{}}},"pendingPreKey":{"signedKeyId":10958847,"baseKey":"BZ6lNdk7oKRI1EoAuMdknaptsMDnTMzjzVi1YDSGj8hs","preKeyId":8658689}}},"version":"v1"}