{"_sessions":{"BSby1yH6gBTe1O1oprPO4VsfwYCPhq3CLJO94tVLNUA0":{"registrationId":15598305,"currentRatchet":{"ephemeralKeyPair":{"pubKey":"BbWNNGWDBuCg8srLosMoAAy2df52gX7jwbc8b4y4G1wE","privKey":"2KrnILjCy5LAPpndFJckAcjWtYRWKQO7IY3vgN3tdG4="},"lastRemoteEphemeralKey":"Bf9F5cwl+hWyag/4s0pVQRRpw0ASaXazMR1lPoXPFPJC","previousCounter":0,"rootKey":"WVC73b2kKoXlxOBnsYj5MhDA72iobcZAQ0zal9mv464="},"indexInfo":{"baseKey":"BSby1yH6gBTe1O1oprPO4VsfwYCPhq3CLJO94tVLNUA0","baseKeyType":1,"closed":1763718479844,"used":1763718479049,"created":1763718479049,"remoteIdentityKey":"BTsTIU4dUyCVSeGO43KuZtaS3/ErdK//NYi1t3cqw4p4"},"_chains":{"BbWNNGWDBuCg8srLosMoAAy2df52gX7jwbc8b4y4G1wE":{"chainKey":{"counter":-1,"key":"9TKKW4U6xlgODsDMkWhRodcs+7W81Mr6VR10obwuVVU="},"chainType":1,"messageKeys":{}}},"pendingPreKey":{"signedKeyId":34,"baseKey":"BSby1yH6gBTe1O1oprPO4VsfwYCPhq3CLJO94tVLNUA0","preKeyId":7599610}},"BVUDyi8PK8YXnCu+WdGwVZjHADg1BNytslTPL2tSq75X":{"registrationId":15598305,"currentRatchet":{"ephemeralKeyPair":{"pubKey":"BQN93s+zM4H/x6gwOVFfutXd1Ia+/l/Dbpe7OAIkMAAQ","privKey":"+L+0dvWalm9FfIC4Imms7DUaeA3rkVHQKUdJCdgTVnY="},"lastRemoteEphemeralKey":"Bf9F5cwl+hWyag/4s0pVQRRpw0ASaXazMR1lPoXPFPJC","previousCounter":0,"rootKey":"pPqtZ+nOsBCzQCjZ5JOdm6jWMeKNMH9sfUe1+B0i2nc="},"indexInfo":{"baseKey":"BVUDyi8PK8YXnCu+WdGwVZjHADg1BNytslTPL2tSq75X","baseKeyType":1,"closed":-1,"used":1763718479840,"created":1763718479840,"remoteIdentityKey":"BTsTIU4dUyCVSeGO43KuZtaS3/ErdK//NYi1t3cqw4p4"},"_chains":{"BQN93s+zM4H/x6gwOVFfutXd1Ia+/l/Dbpe7OAIkMAAQ":{"chainKey":{"counter":145,"key":"CFdBdwmF7gOkfHi6MOHGGRYMc5dT1GJ/Jg2JDIVpq8w="},"chainType":1,"messageKeys":{}}},"pendingPreKey":{"signedKeyId":34,"baseKey":"BVUDyi8PK8YXnCu+WdGwVZjHADg1BNytslTPL2tSq75X","preKeyId":7599582}}},"version":"v1"}