{"_sessions":{"BS2xH6j5dCVDCnWyXydSRfAkQSCRoXiK5EFUIsjKgmV7":{"registrationId":2008988865,"currentRatchet":{"ephemeralKeyPair":{"pubKey":"BZs2td92iRX5oc6m9CBp3xNWzpFjAbP4Sjfao1o/TOxp","privKey":"GLgOhYf233N8WW05MNu9SVsPJ0hzuCfGrzKIxundmWk="},"lastRemoteEphemeralKey":"BS6PeddF4RGhzWdefaoL2VFgoh3h78+1yQPD3b2AGgQb","previousCounter":0,"rootKey":"hVpRCkUgBQnwJC838zRSP80UdPhI8+FJcjHBZ/bx73M="},"indexInfo":{"baseKey":"BS2xH6j5dCVDCnWyXydSRfAkQSCRoXiK5EFUIsjKgmV7","baseKeyType":1,"closed":1763718472517,"used":1763718471722,"created":1763718471722,"remoteIdentityKey":"BbRZuE5S+LL6ZWio9/Z9clENMn0Izl24F6HKi71iiMYU"},"_chains":{"BZs2td92iRX5oc6m9CBp3xNWzpFjAbP4Sjfao1o/TOxp":{"chainKey":{"counter":-1,"key":"RgMRTUqGdiytmr/IuTcoie41stu/X3WQtzrYj3eLExk="},"chainType":1,"messageKeys":{}}},"pendingPreKey":{"signedKeyId":5,"baseKey":"BS2xH6j5dCVDCnWyXydSRfAkQSCRoXiK5EFUIsjKgmV7"}},"BWjIfE6c7a55JI6j89FQNous615uSvWgOCtw+1zO1q4J":{"registrationId":2008988865,"currentRatchet":{"ephemeralKeyPair":{"pubKey":"BamtCDddRxC2RxDQOJdJoQLDIM3pQuZNeYPWDqpvUvYS","privKey":"yFrSr3XH62fE9TX2uj/cPuRSzB3X/2yT5+tyBEHPCnU="},"lastRemoteEphemeralKey":"BS6PeddF4RGhzWdefaoL2VFgoh3h78+1yQPD3b2AGgQb","previousCounter":0,"rootKey":"TRUltLmMPHhXDU0iK4F4c6RAWPyqPd/Oistn6wOVxu8="},"indexInfo":{"baseKey":"BWjIfE6c7a55JI6j89FQNous615uSvWgOCtw+1zO1q4J","baseKeyType":1,"closed":-1,"used":1763718472508,"created":1763718472508,"remoteIdentityKey":"BbRZuE5S+LL6ZWio9/Z9clENMn0Izl24F6HKi71iiMYU"},"_chains":{"BamtCDddRxC2RxDQOJdJoQLDIM3pQuZNeYPWDqpvUvYS":{"chainKey":{"counter":145,"key":"+cXpAG3cOEb9wtt7pU9DzPjZmedDhAqdja/ydL1n8Jk="},"chainType":1,"messageKeys":{}}},"pendingPreKey":{"signedKeyId":5,"baseKey":"BWjIfE6c7a55JI6j89FQNous615uSvWgOCtw+1zO1q4J"}}},"version":"v1"}