{"_sessions":{"BfVbhmxv/UVsyES4zNuPES7MQJmNRKL4+jtLV6gAfC42":{"registrationId":532996498,"currentRatchet":{"ephemeralKeyPair":{"pubKey":"BboMal0LCQ6UO1skSQL16RhF62QlG+ID/3z+YfmOf3VC","privKey":"2LQWxQcdR1MlSROd8+4mn5SdkVOE2BU+C1kDvF9z+Fc="},"lastRemoteEphemeralKey":"BfcbMDYMl4Az3gVGVXn+IstaISUfPGH8KbsOOGaZtypz","previousCounter":0,"rootKey":"XPFSAeptckaDRa6RDTOEbr3TfaL+3YjNZElaRw5cYLI="},"indexInfo":{"baseKey":"BfVbhmxv/UVsyES4zNuPES7MQJmNRKL4+jtLV6gAfC42","baseKeyType":1,"closed":1763718470644,"used":1763718469740,"created":1763718469740,"remoteIdentityKey":"BaFaiMxyw8TrTGjFizGjj4simrdU5LR/RGpnHHHv7hNY"},"_chains":{"BboMal0LCQ6UO1skSQL16RhF62QlG+ID/3z+YfmOf3VC":{"chainKey":{"counter":-1,"key":"aoO60tdgIClcj+9HQ9DcDQEFleZqFKPApaF0Y9yiUGs="},"chainType":1,"messageKeys":{}}},"pendingPreKey":{"signedKeyId":10356149,"baseKey":"BfVbhmxv/UVsyES4zNuPES7MQJmNRKL4+jtLV6gAfC42","preKeyId":12341298}},"Bdy3rSdiEBpYb1pn1M0IMFSt2h3GjLIebLeRGz1psoto":{"registrationId":532996498,"currentRatchet":{"ephemeralKeyPair":{"pubKey":"BXTtoH7aQWUNNkHID9dPzO5RM68ifKGhfm2OPewLwQhz","privKey":"oJBZwIS9PJT+XkU8wSR4dWelDQacRZY98gRJmPhwuVU="},"lastRemoteEphemeralKey":"BfcbMDYMl4Az3gVGVXn+IstaISUfPGH8KbsOOGaZtypz","previousCounter":0,"rootKey":"7meh8kvudMh7xh2Nexe/22akea64J8nUa3TPyH3KG30="},"indexInfo":{"baseKey":"Bdy3rSdiEBpYb1pn1M0IMFSt2h3GjLIebLeRGz1psoto","baseKeyType":1,"closed":-1,"used":1763718470641,"created":1763718470641,"remoteIdentityKey":"BaFaiMxyw8TrTGjFizGjj4simrdU5LR/RGpnHHHv7hNY"},"_chains":{"BXTtoH7aQWUNNkHID9dPzO5RM68ifKGhfm2OPewLwQhz":{"chainKey":{"counter":145,"key":"OWSEu1GDOtYeDVIcCYkzGMZRV5A98wD+e967fdszZu4="},"chainType":1,"messageKeys":{}}},"pendingPreKey":{"signedKeyId":10356149,"baseKey":"Bdy3rSdiEBpYb1pn1M0IMFSt2h3GjLIebLeRGz1psoto","preKeyId":12341382}}},"version":"v1"}