{"_sessions":{"BZSYiDdo5zQUq44NtxtaeZtBHE2s+nYgLFsV5TjCmow9":{"registrationId":769628196,"currentRatchet":{"ephemeralKeyPair":{"pubKey":"BTpj6aMhlQvgUQT+8dvMYzh+M695MVRr8vjQxhafxZxS","privKey":"ILnpLwPA01+b+5/jGTD8J8tWqTk2+x3v24XxGoaCdnk="},"lastRemoteEphemeralKey":"BRRi8gJaWbnW0I350FCIk5k4+AYeJCjMuHhfnPvol7ln","previousCounter":0,"rootKey":"BRJPqSXSccK+SVcVUpcoRJcAOTNi2ZNvYkT5wLRAtkY="},"indexInfo":{"baseKey":"BZSYiDdo5zQUq44NtxtaeZtBHE2s+nYgLFsV5TjCmow9","baseKeyType":1,"closed":1763718472454,"used":1763718471697,"created":1763718471697,"remoteIdentityKey":"BVMaA1Klc4oEzZU9YHmFUHz7BJ7LkvJxYuc5vsGR+0kA"},"_chains":{"BTpj6aMhlQvgUQT+8dvMYzh+M695MVRr8vjQxhafxZxS":{"chainKey":{"counter":-1,"key":"0cufmR9EAIs5DU66VKDp11J1utaSrKT81ZLgZgoIgPI="},"chainType":1,"messageKeys":{}}},"pendingPreKey":{"signedKeyId":26,"baseKey":"BZSYiDdo5zQUq44NtxtaeZtBHE2s+nYgLFsV5TjCmow9","preKeyId":7458474}},"BabmxK978lezm4KwZ/O03gJg7S/W+CL7mafFlXEQaFRC":{"registrationId":769628196,"currentRatchet":{"ephemeralKeyPair":{"pubKey":"BUGJYVqSqAqSVx2y/GED8SZImCuBjQQGEncBEBcH3BlH","privKey":"AB8FUc5uZ/QHIndtGPxm7NTTn9j/fWQrmJLi1LSJWkQ="},"lastRemoteEphemeralKey":"BRRi8gJaWbnW0I350FCIk5k4+AYeJCjMuHhfnPvol7ln","previousCounter":0,"rootKey":"aG5rYISPFgGm5Ggf3HJKp/wKcrhrDZ6PFSuUiYu+yF0="},"indexInfo":{"baseKey":"BabmxK978lezm4KwZ/O03gJg7S/W+CL7mafFlXEQaFRC","baseKeyType":1,"closed":-1,"used":1763718472451,"created":1763718472451,"remoteIdentityKey":"BVMaA1Klc4oEzZU9YHmFUHz7BJ7LkvJxYuc5vsGR+0kA"},"_chains":{"BUGJYVqSqAqSVx2y/GED8SZImCuBjQQGEncBEBcH3BlH":{"chainKey":{"counter":145,"key":"/r7m1Nml0jvrFPcGnSCfrYKEuARUdFz5P0qiJcqKe7E="},"chainType":1,"messageKeys":{}}},"pendingPreKey":{"signedKeyId":26,"baseKey":"BabmxK978lezm4KwZ/O03gJg7S/W+CL7mafFlXEQaFRC","preKeyId":7458529}}},"version":"v1"}