{"_sessions":{"BWM05BUpI/zgd3Q3DrUNVC7T9c6ky93uc46sf50fKv1I":{"registrationId":1544172096,"currentRatchet":{"ephemeralKeyPair":{"pubKey":"BfZuTWn4/I4ueO+AtcDWjKkMUFnouPPMLvYqRbHsCf9e","privKey":"sLI3Iy6LyJApHiF5m5YmuNtk9JMlD8f9ggVWj9Xv+Ws="},"lastRemoteEphemeralKey":"Bf1ENWZYFghKrVhVegX+FrQTi/7dqFoPW9i3hyD2uJoz","previousCounter":0,"rootKey":"x/5T+oysi1CV9sJ0RZl0AT3hKb0V03cTYkWr0yDO7/E="},"indexInfo":{"baseKey":"BWM05BUpI/zgd3Q3DrUNVC7T9c6ky93uc46sf50fKv1I","baseKeyType":1,"closed":1763718478547,"used":1763718477562,"created":1763718477562,"remoteIdentityKey":"BQ1GM1VwiAfEeobpv8smz7rm7OJrVGMrrMtzswVr13oD"},"_chains":{"BfZuTWn4/I4ueO+AtcDWjKkMUFnouPPMLvYqRbHsCf9e":{"chainKey":{"counter":-1,"key":"G5V1WlzUxz2LJgYumdHmD977UbnXvVcoOFO1eBZNCOU="},"chainType":1,"messageKeys":{}}},"pendingPreKey":{"signedKeyId":15215630,"baseKey":"BWM05BUpI/zgd3Q3DrUNVC7T9c6ky93uc46sf50fKv1I","preKeyId":6632117}},"BQtImfoLK/V+cLoZKaJA8Wn8dJC0n/umR3SHPaFhg9p+":{"registrationId":1544172096,"currentRatchet":{"ephemeralKeyPair":{"pubKey":"Bc3YJkyc12SByGT0Ike2AgGzyZJtkZrgxeLnXw0fQOxJ","privKey":"sINHVf4WmB84PwhTRbPd9qRr6NJelQw7Oa59+QNr2WE="},"lastRemoteEphemeralKey":"Bf1ENWZYFghKrVhVegX+FrQTi/7dqFoPW9i3hyD2uJoz","previousCounter":0,"rootKey":"+0hSDPo+ej/1OEn1ryAEsmpAyWEncrYYOLawvLrw56U="},"indexInfo":{"baseKey":"BQtImfoLK/V+cLoZKaJA8Wn8dJC0n/umR3SHPaFhg9p+","baseKeyType":1,"closed":-1,"used":1763718478544,"created":1763718478544,"remoteIdentityKey":"BQ1GM1VwiAfEeobpv8smz7rm7OJrVGMrrMtzswVr13oD"},"_chains":{"Bc3YJkyc12SByGT0Ike2AgGzyZJtkZrgxeLnXw0fQOxJ":{"chainKey":{"counter":145,"key":"poHApWL20zF6PqDEaM9ZlAd4Zb2VAQ6R3vpOF200sdA="},"chainType":1,"messageKeys":{}}},"pendingPreKey":{"signedKeyId":15215630,"baseKey":"BQtImfoLK/V+cLoZKaJA8Wn8dJC0n/umR3SHPaFhg9p+","preKeyId":6631780}}},"version":"v1"}