{"_sessions":{"BaOW6RTYCrewPDr3VjUgnMG9Fb0IUZrn8G8hx9WAewNz":{"registrationId":1354602539,"currentRatchet":{"ephemeralKeyPair":{"pubKey":"BToCh6EVuKp3617FPbp+9EwT9Lr6NsArCo6VU6nNwTYR","privKey":"AC3/mOWm9GN2tZ1k0Ae736DpT4cC2DKy8s6guSbILHg="},"lastRemoteEphemeralKey":"BXoPyuWmEYbnDDNtvGu5n816EETGs3f6vfFcNMuD+0Jp","previousCounter":0,"rootKey":"1c5mn6SkZFXfzjcSFadlcclmRPpkaQ7FGwZvfGM8wEg="},"indexInfo":{"baseKey":"BaOW6RTYCrewPDr3VjUgnMG9Fb0IUZrn8G8hx9WAewNz","baseKeyType":1,"closed":1763718471141,"used":1763718470027,"created":1763718470027,"remoteIdentityKey":"BQy/l7+oTAlwupEtT97oYvTNUG1UGHhB8MRIFwVV3VxV"},"_chains":{"BToCh6EVuKp3617FPbp+9EwT9Lr6NsArCo6VU6nNwTYR":{"chainKey":{"counter":-1,"key":"SAFVO9AytPOL72u1tvCeFT0Gwmn4wXgUbnSeAhzNV14="},"chainType":1,"messageKeys":{}}},"pendingPreKey":{"signedKeyId":11935903,"baseKey":"BaOW6RTYCrewPDr3VjUgnMG9Fb0IUZrn8G8hx9WAewNz","preKeyId":22436}},"BTy1na/683JuQm8ROeDaUhJPpzXM4rt9znkU0Xcb0oQR":{"registrationId":1354602539,"currentRatchet":{"ephemeralKeyPair":{"pubKey":"BbbB+arPaNjflsBxrwIt5RZ8hYZofXlDPyebd44j2K8Z","privKey":"4Hl97EJTRIEwDQmdRyz6VjiidDZAh71htCvdfGz0oUw="},"lastRemoteEphemeralKey":"BXoPyuWmEYbnDDNtvGu5n816EETGs3f6vfFcNMuD+0Jp","previousCounter":0,"rootKey":"CCSSpFFrHsHJJFDFhDZlqQ/xzUSGEmHVDhnbeSr+ZeY="},"indexInfo":{"baseKey":"BTy1na/683JuQm8ROeDaUhJPpzXM4rt9znkU0Xcb0oQR","baseKeyType":1,"closed":-1,"used":1763718471138,"created":1763718471138,"remoteIdentityKey":"BQy/l7+oTAlwupEtT97oYvTNUG1UGHhB8MRIFwVV3VxV"},"_chains":{"BbbB+arPaNjflsBxrwIt5RZ8hYZofXlDPyebd44j2K8Z":{"chainKey":{"counter":145,"key":"0Uyc8IEJLk1PPGVIIoeq5OQ8xeJrSxxVc8iIpnbNe0o="},"chainType":1,"messageKeys":{}}},"pendingPreKey":{"signedKeyId":11935903,"baseKey":"BTy1na/683JuQm8ROeDaUhJPpzXM4rt9znkU0Xcb0oQR","preKeyId":22450}}},"version":"v1"}