{"_sessions":{"BaonwbW3eObQW1DSon4k/u6ZSKuq4+F7oKcAcvqKtzce":{"registrationId":280929013,"currentRatchet":{"ephemeralKeyPair":{"pubKey":"BXvumQ3MMk4grI42n41aS/6PHgPq+setI7i97FpJE0hf","privKey":"WFwVwKgrhmviZU2kijcCY+iRr9O/M56F2MmnksxUoXk="},"lastRemoteEphemeralKey":"BauoHz/HCyEAWRmRDZt/02ClVp1j8c6T4UDWr1swzhUn","previousCounter":0,"rootKey":"b9ZoA1nKRYoE0GXR3DwYD8/CoSmdB3cjW5UCPBjwH9Y="},"indexInfo":{"baseKey":"BaonwbW3eObQW1DSon4k/u6ZSKuq4+F7oKcAcvqKtzce","baseKeyType":1,"closed":1763718473044,"used":1763718472023,"created":1763718472023,"remoteIdentityKey":"BZdNtyr695O/QW9ABTl/bL58g/gRv8wYYQhR/r7FG4tC"},"_chains":{"BXvumQ3MMk4grI42n41aS/6PHgPq+setI7i97FpJE0hf":{"chainKey":{"counter":-1,"key":"/zOTXohcizHgrfwSZx7Ym5KHC/VpwQNGMJUdjkqyZwk="},"chainType":1,"messageKeys":{}}},"pendingPreKey":{"signedKeyId":12,"baseKey":"BaonwbW3eObQW1DSon4k/u6ZSKuq4+F7oKcAcvqKtzce","preKeyId":10741073}},"BfLleB79fEeAn3fOjle2DOZQmmcRzQa2ttozXmi153sK":{"registrationId":280929013,"currentRatchet":{"ephemeralKeyPair":{"pubKey":"BYyCJ1zv3SLc36oPcAa+LRVaIkgD0tyc29207loRsJBY","privKey":"iPCBzwanYuRVXWI0cbKl8oY7TAYfXxAhaKWDFgj+UGc="},"lastRemoteEphemeralKey":"BauoHz/HCyEAWRmRDZt/02ClVp1j8c6T4UDWr1swzhUn","previousCounter":0,"rootKey":"GLLyaEHmoBNwMIbBj5tK2qFwKE1SDDx/rAComGi467w="},"indexInfo":{"baseKey":"BfLleB79fEeAn3fOjle2DOZQmmcRzQa2ttozXmi153sK","baseKeyType":1,"closed":-1,"used":1763718473041,"created":1763718473041,"remoteIdentityKey":"BZdNtyr695O/QW9ABTl/bL58g/gRv8wYYQhR/r7FG4tC"},"_chains":{"BYyCJ1zv3SLc36oPcAa+LRVaIkgD0tyc29207loRsJBY":{"chainKey":{"counter":145,"key":"VdzrAilgE4YBKHYYlrHY7otJ89r8Y3/CBvC6AJz7JhU="},"chainType":1,"messageKeys":{}}},"pendingPreKey":{"signedKeyId":12,"baseKey":"BfLleB79fEeAn3fOjle2DOZQmmcRzQa2ttozXmi153sK","preKeyId":10741768}}},"version":"v1"}