{"_sessions":{"BesLseNA9jH0Hs4MJWCzn2/gGVZ9yPrOSFUuHl4J9PUl":{"registrationId":1063777574,"currentRatchet":{"ephemeralKeyPair":{"pubKey":"BS6hRtbijkURYu7hjW79/aMk5XfprWrmfpYp3yg9Q59B","privKey":"6NXRINjf9bezS8+LHbn7LDD9j7HVIQYacpkZDQZKokI="},"lastRemoteEphemeralKey":"BemIpZolwv6dcn19N8zXIXsw78rFW7U9u/QaNyBaYHxe","previousCounter":0,"rootKey":"CuV7zlucOO+lJS/6H0yvEyB/gcSxnLH1j12UZoofTEE="},"indexInfo":{"baseKey":"BesLseNA9jH0Hs4MJWCzn2/gGVZ9yPrOSFUuHl4J9PUl","baseKeyType":1,"closed":1763718472932,"used":1763718471957,"created":1763718471957,"remoteIdentityKey":"BQ8x9JoFcFjQeLDflEq6LIvy+f4BGyPMSTcR4qYmP3cn"},"_chains":{"BS6hRtbijkURYu7hjW79/aMk5XfprWrmfpYp3yg9Q59B":{"chainKey":{"counter":-1,"key":"4DznTk1uD3A1P+Zl0Gs0tXF9yx12MsNZ+O2yYROAwW4="},"chainType":1,"messageKeys":{}}},"pendingPreKey":{"signedKeyId":5,"baseKey":"BesLseNA9jH0Hs4MJWCzn2/gGVZ9yPrOSFUuHl4J9PUl","preKeyId":14982335}},"BdSoVc0q5Rsq+R+MrzarS1IV1SQwD0mUtZZx8n7ke4dT":{"registrationId":1063777574,"currentRatchet":{"ephemeralKeyPair":{"pubKey":"BRSkOzYRj4HO0WYMpJqiuxgpVMMRUTx0HpkJ0JGsYpxT","privKey":"AI8NjHWZpuolIuR+KfIttcOYT3IUtyCPkikO6gfTuVc="},"lastRemoteEphemeralKey":"BemIpZolwv6dcn19N8zXIXsw78rFW7U9u/QaNyBaYHxe","previousCounter":0,"rootKey":"TSq6scNYlD+VXlaShWLglvcTRfyw1Gfupo5MV/OUMKQ="},"indexInfo":{"baseKey":"BdSoVc0q5Rsq+R+MrzarS1IV1SQwD0mUtZZx8n7ke4dT","baseKeyType":1,"closed":-1,"used":1763718472929,"created":1763718472929,"remoteIdentityKey":"BQ8x9JoFcFjQeLDflEq6LIvy+f4BGyPMSTcR4qYmP3cn"},"_chains":{"BRSkOzYRj4HO0WYMpJqiuxgpVMMRUTx0HpkJ0JGsYpxT":{"chainKey":{"counter":145,"key":"wKaNcnpW9WuvFcGF7bFfEHetSc5iwU/9wp72W9sUntc="},"chainType":1,"messageKeys":{}}},"pendingPreKey":{"signedKeyId":5,"baseKey":"BdSoVc0q5Rsq+R+MrzarS1IV1SQwD0mUtZZx8n7ke4dT","preKeyId":14982832}}},"version":"v1"}