{"_sessions":{"BWzBPCHBTbJkwrRhQZpbai8hF5GdD0vgwWkqb/GH7JUo":{"registrationId":307673094,"currentRatchet":{"ephemeralKeyPair":{"pubKey":"BXqd0Hpm9MrQcxmzKuSYeusY+o5f5gyNJCCLWHmah0Jx","privKey":"oNj4GImaalZTvoj/IUsboqRw8bFWEQx5IIN1ZhYdHXc="},"lastRemoteEphemeralKey":"BYZvYeOPcsO5KDJmlZZ/phW6dTTT2JgPMkNbw7jjkspS","previousCounter":0,"rootKey":"kbSf9IFUV6XrqsSaqIfPoGMihQDOnht59GbJluG2dFQ="},"indexInfo":{"baseKey":"BWzBPCHBTbJkwrRhQZpbai8hF5GdD0vgwWkqb/GH7JUo","baseKeyType":1,"closed":1763718475087,"used":1763718474088,"created":1763718474088,"remoteIdentityKey":"BTpae7olqpX0c4Dlfs3eg7ftCOLCAn1W/WE+iehJUXEr"},"_chains":{"BXqd0Hpm9MrQcxmzKuSYeusY+o5f5gyNJCCLWHmah0Jx":{"chainKey":{"counter":-1,"key":"qsTFdF52QsOs98hdiA9oMRz2n0K9WPXMQb7xMZte27Y="},"chainType":1,"messageKeys":{}}},"pendingPreKey":{"signedKeyId":6,"baseKey":"BWzBPCHBTbJkwrRhQZpbai8hF5GdD0vgwWkqb/GH7JUo","preKeyId":5677720}},"Ba/7oE+pGRAsoAsu4gbdH71olWiVwNoiBLTW7ATcMFZC":{"registrationId":307673094,"currentRatchet":{"ephemeralKeyPair":{"pubKey":"Bf7w8cb/QsKh4WLdZdmEdWyoy8YnsjggYWtktGHTCHMz","privKey":"AN6fPJ4NOPZ3196IR6M/ZRwenlulfWPprE46LKzIClY="},"lastRemoteEphemeralKey":"BYZvYeOPcsO5KDJmlZZ/phW6dTTT2JgPMkNbw7jjkspS","previousCounter":0,"rootKey":"ppRIvByn4qPr10uASzlrNpQTk1eotUqDZjHrBNdZznU="},"indexInfo":{"baseKey":"Ba/7oE+pGRAsoAsu4gbdH71olWiVwNoiBLTW7ATcMFZC","baseKeyType":1,"closed":-1,"used":1763718475084,"created":1763718475084,"remoteIdentityKey":"BTpae7olqpX0c4Dlfs3eg7ftCOLCAn1W/WE+iehJUXEr"},"_chains":{"Bf7w8cb/QsKh4WLdZdmEdWyoy8YnsjggYWtktGHTCHMz":{"chainKey":{"counter":145,"key":"gqcxOdxLG/PUxkLDADR0GTmdR9Mi7hKYyOuVQaQpj9c="},"chainType":1,"messageKeys":{}}},"pendingPreKey":{"signedKeyId":6,"baseKey":"Ba/7oE+pGRAsoAsu4gbdH71olWiVwNoiBLTW7ATcMFZC","preKeyId":5677660}}},"version":"v1"}