{"_sessions":{"Bb0bPGa/LjygssRhCwYUrZYPhuj0Wb+x/KTPUFsXeI1R":{"registrationId":1676349227,"currentRatchet":{"ephemeralKeyPair":{"pubKey":"BYFeOxm6cBRnRF+JvpM+IKWr2gm2hKZn/TvKFOSYJaVp","privKey":"0OO9upav+BzpWNmMWEa7jYi3WS91tY2yHXjSMHTXhEI="},"lastRemoteEphemeralKey":"BacmTBYmi8ByKvQ1wpoPJne3H+d6qO67gBz1bzV5vXMV","previousCounter":0,"rootKey":"XZuaU6nOfUEiRo3opeIYzGCv4+Qdg+CkANkwvBi7cDg="},"indexInfo":{"baseKey":"Bb0bPGa/LjygssRhCwYUrZYPhuj0Wb+x/KTPUFsXeI1R","baseKeyType":1,"closed":1763718473165,"used":1763718472096,"created":1763718472096,"remoteIdentityKey":"BZU2PYrdQCwgg8tQPyB2GMoeND3rksOoKjtvwNEuAS5S"},"_chains":{"BYFeOxm6cBRnRF+JvpM+IKWr2gm2hKZn/TvKFOSYJaVp":{"chainKey":{"counter":-1,"key":"iKAqs4trVhGqJEcHMkoytOmFEAuMrK35e35iB/L16dw="},"chainType":1,"messageKeys":{}}},"pendingPreKey":{"signedKeyId":24,"baseKey":"Bb0bPGa/LjygssRhCwYUrZYPhuj0Wb+x/KTPUFsXeI1R","preKeyId":4403084}},"BdnBCWUb2H3jtESISyTZwZEQ55zUCal4Vyvkn3YopNVt":{"registrationId":1676349227,"currentRatchet":{"ephemeralKeyPair":{"pubKey":"BWkahZOD25Ma6qzLER1gcuV4Wzb3gg+OAITFavmuxNQZ","privKey":"UJxmnp2lxO0P8FaWxLaTbuIR+Hw3WRI+AaQWguKjW1c="},"lastRemoteEphemeralKey":"BacmTBYmi8ByKvQ1wpoPJne3H+d6qO67gBz1bzV5vXMV","previousCounter":0,"rootKey":"hcyKlgdGGwFqD68hrHDp3+XC11nl8fizdhA0+NbekhQ="},"indexInfo":{"baseKey":"BdnBCWUb2H3jtESISyTZwZEQ55zUCal4Vyvkn3YopNVt","baseKeyType":1,"closed":-1,"used":1763718473162,"created":1763718473162,"remoteIdentityKey":"BZU2PYrdQCwgg8tQPyB2GMoeND3rksOoKjtvwNEuAS5S"},"_chains":{"BWkahZOD25Ma6qzLER1gcuV4Wzb3gg+OAITFavmuxNQZ":{"chainKey":{"counter":145,"key":"UxTS9qO1bYpCmRqGc/GeolcptjA2A4xb5DKJPyaMJgI="},"chainType":1,"messageKeys":{}}},"pendingPreKey":{"signedKeyId":24,"baseKey":"BdnBCWUb2H3jtESISyTZwZEQ55zUCal4Vyvkn3YopNVt","preKeyId":4403073}}},"version":"v1"}