{"_sessions":{"BR4+LoEcVcugZMhvLeBZGqUg30MCTU7+Ma2T8rPi1JAi":{"registrationId":117484922,"currentRatchet":{"ephemeralKeyPair":{"pubKey":"BfsZ0IJofgTqldu70bHy3PDOwvz/B53joqjFCIOXsg5Z","privKey":"qKwJN4Mp7gjpZdbjgF/9Md+mG0CG7EvsaRm+LIw9E2k="},"lastRemoteEphemeralKey":"Bbk8rU1gRw4J8wDOwgyahWUYt81AUjzA1IvtjIW1wjZH","previousCounter":0,"rootKey":"8lqZkCAukgyemLvBj4HQIEkjv/9cNZ/YY9gAIqsoSmQ="},"indexInfo":{"baseKey":"BR4+LoEcVcugZMhvLeBZGqUg30MCTU7+Ma2T8rPi1JAi","baseKeyType":1,"closed":1763718473154,"used":1763718472090,"created":1763718472090,"remoteIdentityKey":"BemzpHqyP3+ZSS08wbj72X2pLcHXhc0MT0HlBwHDYahc"},"_chains":{"BfsZ0IJofgTqldu70bHy3PDOwvz/B53joqjFCIOXsg5Z":{"chainKey":{"counter":-1,"key":"ttiIAL16Kl+9+QIgoaONhDdEjPWaBFaPsXZNePBSjVw="},"chainType":1,"messageKeys":{}}},"pendingPreKey":{"signedKeyId":49,"baseKey":"BR4+LoEcVcugZMhvLeBZGqUg30MCTU7+Ma2T8rPi1JAi","preKeyId":5364981}},"BduPt6M8HwyniFht4ErmX8QpBUJctgjxbnXaP0fz54Nr":{"registrationId":117484922,"currentRatchet":{"ephemeralKeyPair":{"pubKey":"BWXB8bfAhqAejQnuWZ7ppi5Iot8vGUYCGyTCy4Y1GJcj","privKey":"kIuBhfJaF5o6nsfv1aAAnZT8T/KBPgfm62jf9NFwg1g="},"lastRemoteEphemeralKey":"Bbk8rU1gRw4J8wDOwgyahWUYt81AUjzA1IvtjIW1wjZH","previousCounter":0,"rootKey":"cOpnZOO/LeSEMGguqMc3SWOvAkz9zT5cdwWKR85IgtU="},"indexInfo":{"baseKey":"BduPt6M8HwyniFht4ErmX8QpBUJctgjxbnXaP0fz54Nr","baseKeyType":1,"closed":-1,"used":1763718473151,"created":1763718473151,"remoteIdentityKey":"BemzpHqyP3+ZSS08wbj72X2pLcHXhc0MT0HlBwHDYahc"},"_chains":{"BWXB8bfAhqAejQnuWZ7ppi5Iot8vGUYCGyTCy4Y1GJcj":{"chainKey":{"counter":145,"key":"xAaCce2icHlPWlT9kyB9NsZvExCOLfTqdw1S+vc2H50="},"chainType":1,"messageKeys":{}}},"pendingPreKey":{"signedKeyId":49,"baseKey":"BduPt6M8HwyniFht4ErmX8QpBUJctgjxbnXaP0fz54Nr","preKeyId":5364911}}},"version":"v1"}