{"_sessions":{"BeGPABFGs8sRQMSiA7GA2lgGYd0OOiG2Y+JWMSBt9+0M":{"registrationId":17029724,"currentRatchet":{"ephemeralKeyPair":{"pubKey":"BVUApFXeVLKzNattglQJTzxcrkIIY4jRbnsLrprlfToS","privKey":"0KY+lkMTVX83s7xQETWhrw511tbJn7h/rSnr52H7MVw="},"lastRemoteEphemeralKey":"BXmB8/40nQ44zymFwt+pjbyU+MFyHbqrG8lqZa63UDJz","previousCounter":0,"rootKey":"6P0J0+IKKaihApidPQXkrzrKDpKYWjOsoEyrUu4NMYI="},"indexInfo":{"baseKey":"BeGPABFGs8sRQMSiA7GA2lgGYd0OOiG2Y+JWMSBt9+0M","baseKeyType":1,"closed":1763718478706,"used":1763718477662,"created":1763718477662,"remoteIdentityKey":"BevXW+cR9GCDiZ9hje57XnqiZRu4v6iGJ9bBRnM3vL0X"},"_chains":{"BVUApFXeVLKzNattglQJTzxcrkIIY4jRbnsLrprlfToS":{"chainKey":{"counter":-1,"key":"z1KYVMgzLGWb+GcZvLl5krED97H8gIgwVV36X49abrA="},"chainType":1,"messageKeys":{}}},"pendingPreKey":{"signedKeyId":5,"baseKey":"BeGPABFGs8sRQMSiA7GA2lgGYd0OOiG2Y+JWMSBt9+0M","preKeyId":3010500}},"BY9kqGgBsT40gkVymrTt7pzNBMtgHjB9kIOi7Dkg/wdH":{"registrationId":17029724,"currentRatchet":{"ephemeralKeyPair":{"pubKey":"BXlDXQEl6BJtgT7yRZXc7DjlUXVthRQq1wlHpApzgToJ","privKey":"4LqBna3cFVaRYDVqCYD2dKgQKUtv79+VX3w2BG05ykE="},"lastRemoteEphemeralKey":"BXmB8/40nQ44zymFwt+pjbyU+MFyHbqrG8lqZa63UDJz","previousCounter":0,"rootKey":"WoHB1mxsfgyskS8oPDdLy0bTf3qGj/0n6bELcqR7fNY="},"indexInfo":{"baseKey":"BY9kqGgBsT40gkVymrTt7pzNBMtgHjB9kIOi7Dkg/wdH","baseKeyType":1,"closed":-1,"used":1763718478703,"created":1763718478703,"remoteIdentityKey":"BevXW+cR9GCDiZ9hje57XnqiZRu4v6iGJ9bBRnM3vL0X"},"_chains":{"BXlDXQEl6BJtgT7yRZXc7DjlUXVthRQq1wlHpApzgToJ":{"chainKey":{"counter":145,"key":"l51LNVPg0V390K3HmCiGaU3SWo0UunK+oj+7OTc8vE4="},"chainType":1,"messageKeys":{}}},"pendingPreKey":{"signedKeyId":5,"baseKey":"BY9kqGgBsT40gkVymrTt7pzNBMtgHjB9kIOi7Dkg/wdH","preKeyId":3010104}}},"version":"v1"}