{"_sessions":{"BfDK2BAuhkGPjHrkochgDWMt7t7vXHb6YbLpDpZ4Szhw":{"registrationId":141053788,"currentRatchet":{"ephemeralKeyPair":{"pubKey":"BRewIq0tXMQs0KFiVn0uJRTou4R2DDQwdYY26+BYS1Ng","privKey":"sDr87eXaCLs2jMX9j80g4TEt9GqTBao/kvbuYWKHsEY="},"lastRemoteEphemeralKey":"BRcuQKRoVSgwZG8pPbX0kC+eEOqAik9ahyfWYJVjhNsX","previousCounter":0,"rootKey":"4SmzLMNuPOqY0S9/qXA5WpvdAQWINagmI55tF2i2fKk="},"indexInfo":{"baseKey":"BfDK2BAuhkGPjHrkochgDWMt7t7vXHb6YbLpDpZ4Szhw","baseKeyType":1,"closed":1763718470813,"used":1763718469846,"created":1763718469846,"remoteIdentityKey":"BRaPEQT7IJl6S5FvzTxafMVnZbF8sO9GUBt+jlAzgEBk"},"_chains":{"BRewIq0tXMQs0KFiVn0uJRTou4R2DDQwdYY26+BYS1Ng":{"chainKey":{"counter":-1,"key":"TgNF5+jxKGRuvfOxFAisFpkheT82lRPo7nIdmAelfxM="},"chainType":1,"messageKeys":{}}},"pendingPreKey":{"signedKeyId":3,"baseKey":"BfDK2BAuhkGPjHrkochgDWMt7t7vXHb6YbLpDpZ4Szhw","preKeyId":4086494}},"BXu0TzGvjilybm19Y0Mdj+eb/koq1EwBjOD+vv6RGpNK":{"registrationId":141053788,"currentRatchet":{"ephemeralKeyPair":{"pubKey":"BQyZeKtjkNcwR9zTydkBYDHhYUWnvu2EZC0d949ASLof","privKey":"oGlQibj/q2+GvM5e27uN/0fnnvPunzoJXRNZcvuu2WU="},"lastRemoteEphemeralKey":"BRcuQKRoVSgwZG8pPbX0kC+eEOqAik9ahyfWYJVjhNsX","previousCounter":0,"rootKey":"ujLLImZf6fwxersCjMI3kFLzz1nzNU3LEnmd3Ga1FPk="},"indexInfo":{"baseKey":"BXu0TzGvjilybm19Y0Mdj+eb/koq1EwBjOD+vv6RGpNK","baseKeyType":1,"closed":-1,"used":1763718470810,"created":1763718470810,"remoteIdentityKey":"BRaPEQT7IJl6S5FvzTxafMVnZbF8sO9GUBt+jlAzgEBk"},"_chains":{"BQyZeKtjkNcwR9zTydkBYDHhYUWnvu2EZC0d949ASLof":{"chainKey":{"counter":145,"key":"rlN+x2rmXr2rJ2BVta+2otth2GHxpHxhZNFNhQmMjdI="},"chainType":1,"messageKeys":{}}},"pendingPreKey":{"signedKeyId":3,"baseKey":"BXu0TzGvjilybm19Y0Mdj+eb/koq1EwBjOD+vv6RGpNK","preKeyId":4086598}}},"version":"v1"}