{"_sessions":{"Ba1M9NbVF01D6w1Qk64/ia6TKkqUmt/Hkvffag9baioy":{"registrationId":40411276,"currentRatchet":{"ephemeralKeyPair":{"pubKey":"Bddm/tY/GxCOWdLtirq5FoJikIXFrtuWvKfzB8GZzG9k","privKey":"sGtwwmcy61eIJC1KUu/RIsy9qXf5tt5ReZVInhLpCVU="},"lastRemoteEphemeralKey":"BWtTXj+sRSIUvo0YvVS51vrfe/ZdPxjverq1BguS0WlX","previousCounter":0,"rootKey":"ZgFOeogF8G+IiDetMvLKgDrrXZAeqD6e2g6F3mrSzHw="},"indexInfo":{"baseKey":"Ba1M9NbVF01D6w1Qk64/ia6TKkqUmt/Hkvffag9baioy","baseKeyType":1,"closed":1763718471048,"used":1763718469977,"created":1763718469977,"remoteIdentityKey":"BU7OZgs0Hviq3SZ6cbk9zO2xaTOSc15DeewQ5oFxDYcQ"},"_chains":{"Bddm/tY/GxCOWdLtirq5FoJikIXFrtuWvKfzB8GZzG9k":{"chainKey":{"counter":-1,"key":"TfEkqBcZOj6b+XWhGRJBT25e62PWResho4OKoF8dG0o="},"chainType":1,"messageKeys":{}}},"pendingPreKey":{"signedKeyId":12,"baseKey":"Ba1M9NbVF01D6w1Qk64/ia6TKkqUmt/Hkvffag9baioy","preKeyId":15815023}},"BSrNRQvHLuDTAfu10+cP8ES9XpeguBlBWbU6jNBULOgh":{"registrationId":40411276,"currentRatchet":{"ephemeralKeyPair":{"pubKey":"BQYLKoZybp99983GMr0Sv7aZqxkYLB2+oukebYSDdt5n","privKey":"WHaX+7Fxg33AzH8Vb6bKW28o1V9nzPeq+fA6jil3s0s="},"lastRemoteEphemeralKey":"BWtTXj+sRSIUvo0YvVS51vrfe/ZdPxjverq1BguS0WlX","previousCounter":0,"rootKey":"EyF7qyW7tjTTplmPnfXFtfNIB/mumk2MS2IcFd9kQ9w="},"indexInfo":{"baseKey":"BSrNRQvHLuDTAfu10+cP8ES9XpeguBlBWbU6jNBULOgh","baseKeyType":1,"closed":-1,"used":1763718471045,"created":1763718471045,"remoteIdentityKey":"BU7OZgs0Hviq3SZ6cbk9zO2xaTOSc15DeewQ5oFxDYcQ"},"_chains":{"BQYLKoZybp99983GMr0Sv7aZqxkYLB2+oukebYSDdt5n":{"chainKey":{"counter":145,"key":"vb5mYXsR59i9thshx3Q/E8dshRuG5G7DyM5+GMne6uY="},"chainType":1,"messageKeys":{}}},"pendingPreKey":{"signedKeyId":12,"baseKey":"BSrNRQvHLuDTAfu10+cP8ES9XpeguBlBWbU6jNBULOgh","preKeyId":15815119}}},"version":"v1"}