{"_sessions":{"BVG80steozjzmq6vn/iAjlrD/JIPc6ckRDZTOyUdMw5q":{"registrationId":1354093444,"currentRatchet":{"ephemeralKeyPair":{"pubKey":"Bd2JhQQX6u02+vOeW0GocETAllQT/sc6dwt4YjwuKX08","privKey":"KKJaetz+hmRnQ6AQWFoPPaNfrQHQDkLflPJhaWlPPm0="},"lastRemoteEphemeralKey":"BQ1a6XkYDMD/ElSykze7DtcjkNUFu/d2KKtAvV4pLIQb","previousCounter":0,"rootKey":"fViVWXdTM9vUHa6l5TTtbPGoXk8+sxCI2R3vsurl9v8="},"indexInfo":{"baseKey":"BVG80steozjzmq6vn/iAjlrD/JIPc6ckRDZTOyUdMw5q","baseKeyType":1,"closed":1763718477886,"used":1763718477167,"created":1763718477167,"remoteIdentityKey":"BeO4VT++6qPLjCm+yugSTyVk8LoPySzAfXJ5WYK7zVV7"},"_chains":{"Bd2JhQQX6u02+vOeW0GocETAllQT/sc6dwt4YjwuKX08":{"chainKey":{"counter":-1,"key":"55/KphFK3SfICM4nvPG6v8LBgoWHiyhTI7oEbyL41WA="},"chainType":1,"messageKeys":{}}},"pendingPreKey":{"signedKeyId":16,"baseKey":"BVG80steozjzmq6vn/iAjlrD/JIPc6ckRDZTOyUdMw5q","preKeyId":13201835}},"BRHp8vywgIWL8bPAI3qdPPJ9lr1MctaD8+OfDPqW3M0N":{"registrationId":1354093444,"currentRatchet":{"ephemeralKeyPair":{"pubKey":"Bdn0aHZUZ9WUsNp29LCCI9dKMwSEW7RzueFOjEqZdd8E","privKey":"0DbOSSJ7hzqyEf/MfjCJ51Nmab3+9oBf/fXELd15fE8="},"lastRemoteEphemeralKey":"BQ1a6XkYDMD/ElSykze7DtcjkNUFu/d2KKtAvV4pLIQb","previousCounter":0,"rootKey":"dL7Fd0WhZW/Yw9DQw/5KIWpG9ReV0Uiz5r6Tub/wT9A="},"indexInfo":{"baseKey":"BRHp8vywgIWL8bPAI3qdPPJ9lr1MctaD8+OfDPqW3M0N","baseKeyType":1,"closed":-1,"used":1763718477883,"created":1763718477883,"remoteIdentityKey":"BeO4VT++6qPLjCm+yugSTyVk8LoPySzAfXJ5WYK7zVV7"},"_chains":{"Bdn0aHZUZ9WUsNp29LCCI9dKMwSEW7RzueFOjEqZdd8E":{"chainKey":{"counter":145,"key":"NNZiYIuxKZHwCMB+K2Gl1O0k0bqShT8Lo63ZysYEGZ4="},"chainType":1,"messageKeys":{}}},"pendingPreKey":{"signedKeyId":16,"baseKey":"BRHp8vywgIWL8bPAI3qdPPJ9lr1MctaD8+OfDPqW3M0N","preKeyId":13201860}}},"version":"v1"}