{"_sessions":{"BSLwKnwnw6Q2ELGmheVbPeQWN+1mc+qr6O6h9rd+vPFX":{"registrationId":1681587392,"currentRatchet":{"ephemeralKeyPair":{"pubKey":"BamLW2yL+ZmwWdm9P8HS7o+JdeKg3gzi2sDcFqVRwbdG","privKey":"6DAMTZOEuCKq4XwvAqr5KzU9Rew8O3vlKyF8BG7ymXw="},"lastRemoteEphemeralKey":"BfrOdFer5ZCBU3sPSWqdgq0S9dMUyVKHNuoEOpXNQREb","previousCounter":0,"rootKey":"Is7PYGmThVTKtXO8Mf6YEi9K2FmuiXmcMXKcVL/8ces="},"indexInfo":{"baseKey":"BSLwKnwnw6Q2ELGmheVbPeQWN+1mc+qr6O6h9rd+vPFX","baseKeyType":1,"closed":1763718474807,"used":1763718473883,"created":1763718473883,"remoteIdentityKey":"BU3spViOfMzuyWc7yoYS8UYELlaRttgNtViwvctoiwgK"},"_chains":{"BamLW2yL+ZmwWdm9P8HS7o+JdeKg3gzi2sDcFqVRwbdG":{"chainKey":{"counter":-1,"key":"x8wuapVpen6qtYKgm95IZxTrscbKPM7qZElHHgJ60PQ="},"chainType":1,"messageKeys":{}}},"pendingPreKey":{"signedKeyId":13,"baseKey":"BSLwKnwnw6Q2ELGmheVbPeQWN+1mc+qr6O6h9rd+vPFX","preKeyId":11974252}},"BcU6FBGyP26o7+JrwEyQOWLncGhfiOXSRFNxpjq2DvRQ":{"registrationId":1681587392,"currentRatchet":{"ephemeralKeyPair":{"pubKey":"BT8BlSba32xMBIXrovscoSr6bUVCbHBZmG1qw8+aKuxe","privKey":"OB+sVOUpi02Q4WBMvUQUg6ZNsIY3QkvWr8F/MegPBkI="},"lastRemoteEphemeralKey":"BfrOdFer5ZCBU3sPSWqdgq0S9dMUyVKHNuoEOpXNQREb","previousCounter":0,"rootKey":"6vTkXObPiyXfdExvs3MxDD3rN2Tdmnrb+AHvRTZYboY="},"indexInfo":{"baseKey":"BcU6FBGyP26o7+JrwEyQOWLncGhfiOXSRFNxpjq2DvRQ","baseKeyType":1,"closed":-1,"used":1763718474803,"created":1763718474803,"remoteIdentityKey":"BU3spViOfMzuyWc7yoYS8UYELlaRttgNtViwvctoiwgK"},"_chains":{"BT8BlSba32xMBIXrovscoSr6bUVCbHBZmG1qw8+aKuxe":{"chainKey":{"counter":145,"key":"59Se1ntxXi/RiYQ4ACyvpqJG5r10kA3L0QOFg32it6Q="},"chainType":1,"messageKeys":{}}},"pendingPreKey":{"signedKeyId":13,"baseKey":"BcU6FBGyP26o7+JrwEyQOWLncGhfiOXSRFNxpjq2DvRQ","preKeyId":11974088}}},"version":"v1"}