{"_sessions":{"BR9ug27yqyc/g3ws58cycAcwtNEJhsOwCFh5KSIZX1Fy":{"registrationId":1782866178,"currentRatchet":{"ephemeralKeyPair":{"pubKey":"BX5WwlxN+pfUqChwzALbWFkGiZC8itdo36UOSyCzaoJY","privKey":"6J6G1klMP8b49DAktTrJvR+QoSHzFU8dOrJA1TSsuVE="},"lastRemoteEphemeralKey":"Bdf2THx0XFJplKQ3GBM+0+bGPK3woWiWxn7hdU+3fhQu","previousCounter":0,"rootKey":"VVHgNCSU4yIfZ2ZlN4qvpVBXHdgw9lk4tSvfcXKyF2M="},"indexInfo":{"baseKey":"BR9ug27yqyc/g3ws58cycAcwtNEJhsOwCFh5KSIZX1Fy","baseKeyType":1,"closed":1763718472911,"used":1763718471946,"created":1763718471946,"remoteIdentityKey":"BcHq6gM4feC6X1s1He+ZyrFsim+cHnidqLV/edSCCMoO"},"_chains":{"BX5WwlxN+pfUqChwzALbWFkGiZC8itdo36UOSyCzaoJY":{"chainKey":{"counter":-1,"key":"5A9jQ7OH1WY1xsrT8GJKXgAksm99PM6On5vkv2sTuhI="},"chainType":1,"messageKeys":{}}},"pendingPreKey":{"signedKeyId":14442275,"baseKey":"BR9ug27yqyc/g3ws58cycAcwtNEJhsOwCFh5KSIZX1Fy","preKeyId":11089132}},"BRLV102EtOzRcw508CHSxj73fWWGqooHNkKrubNyA9NI":{"registrationId":1782866178,"currentRatchet":{"ephemeralKeyPair":{"pubKey":"BXKyA95P0wXutDzsd5sBJerz5GEvSrG3KHgdB6k3SQ8l","privKey":"MCubb04ya3VMesK6OlcD3f87hNzQUrHUHK36t5Dm02A="},"lastRemoteEphemeralKey":"Bdf2THx0XFJplKQ3GBM+0+bGPK3woWiWxn7hdU+3fhQu","previousCounter":0,"rootKey":"iIfn9ePWTkPdScBdqEUnZLWczSnTYlEzLOu0VqgZMHI="},"indexInfo":{"baseKey":"BRLV102EtOzRcw508CHSxj73fWWGqooHNkKrubNyA9NI","baseKeyType":1,"closed":-1,"used":1763718472908,"created":1763718472908,"remoteIdentityKey":"BcHq6gM4feC6X1s1He+ZyrFsim+cHnidqLV/edSCCMoO"},"_chains":{"BXKyA95P0wXutDzsd5sBJerz5GEvSrG3KHgdB6k3SQ8l":{"chainKey":{"counter":145,"key":"nPmqq7ZOzN4e8khKeKVvfru6vSJccLtx5kR0j9McshQ="},"chainType":1,"messageKeys":{}}},"pendingPreKey":{"signedKeyId":14442275,"baseKey":"BRLV102EtOzRcw508CHSxj73fWWGqooHNkKrubNyA9NI","preKeyId":11088364}}},"version":"v1"}