{"_sessions":{"BWJZCQ38wVcs3N2pvba2JGTELipxFMhKXW2i6FN/ORgr":{"registrationId":1768172865,"currentRatchet":{"ephemeralKeyPair":{"pubKey":"BUd3iK8kZ7GuNHSpY3GVkYOPJeC6eZJXULCYW5U6I6V7","privKey":"CBvA2XOevmZtLfi4UQvuoDUwGTnZP5SKbf5fuLSfjVs="},"lastRemoteEphemeralKey":"BWfjo7JbEb5vW6OdUvnYFpB6MosDAvIb93TFkjLmJJov","previousCounter":0,"rootKey":"t1w+xHe7PlkUDBPsbU4bI9wKLuw8Q6p5kM90BXzusnw="},"indexInfo":{"baseKey":"BWJZCQ38wVcs3N2pvba2JGTELipxFMhKXW2i6FN/ORgr","baseKeyType":1,"closed":1763718475117,"used":1763718474110,"created":1763718474110,"remoteIdentityKey":"BVt1YQAHSaoydM35coUwv7Uvd8NZ0HfVWxBW/jVduURa"},"_chains":{"BUd3iK8kZ7GuNHSpY3GVkYOPJeC6eZJXULCYW5U6I6V7":{"chainKey":{"counter":-1,"key":"1nioVwGbADMWxXVkoIRA8M5y5mn8iMEPBfo9wnS9Hjk="},"chainType":1,"messageKeys":{}}},"pendingPreKey":{"signedKeyId":2173697,"baseKey":"BWJZCQ38wVcs3N2pvba2JGTELipxFMhKXW2i6FN/ORgr","preKeyId":1176307}},"BZ7xjJXp37wNt8wA1DbW3iAT1xdZXFGMN/FbZLrg5X4K":{"registrationId":1768172865,"currentRatchet":{"ephemeralKeyPair":{"pubKey":"BVVxDmidI6e1QHJDu4aGdmrxKr22vHgkWJ4VADj90LJ1","privKey":"8F+WoEiJ/pfbcIh494r8hcRcwpP34FzGUwVPtO6yh1U="},"lastRemoteEphemeralKey":"BWfjo7JbEb5vW6OdUvnYFpB6MosDAvIb93TFkjLmJJov","previousCounter":0,"rootKey":"M/tXXYF0Dx/7oatKQFPEBt2oc7hp61fdCmk9RFVEUcc="},"indexInfo":{"baseKey":"BZ7xjJXp37wNt8wA1DbW3iAT1xdZXFGMN/FbZLrg5X4K","baseKeyType":1,"closed":-1,"used":1763718475114,"created":1763718475114,"remoteIdentityKey":"BVt1YQAHSaoydM35coUwv7Uvd8NZ0HfVWxBW/jVduURa"},"_chains":{"BVVxDmidI6e1QHJDu4aGdmrxKr22vHgkWJ4VADj90LJ1":{"chainKey":{"counter":145,"key":"Qla5y9vlGNNBI6hVcLXcTCnhrpvFY3MwPoN3o9pnpnA="},"chainType":1,"messageKeys":{}}},"pendingPreKey":{"signedKeyId":2173697,"baseKey":"BZ7xjJXp37wNt8wA1DbW3iAT1xdZXFGMN/FbZLrg5X4K","preKeyId":1176135}}},"version":"v1"}