{"_sessions":{"BczbzY8IHZ6IFJ1PE/dHrDqDL/30r3cem/Qa0GCcyHUQ":{"registrationId":1774370420,"currentRatchet":{"ephemeralKeyPair":{"pubKey":"Bf2oNYBM+VrNhV2a2nuAhmBJU6JpVLl9ZyguxjqUqblO","privKey":"eKDjElrXDhy7E0GPYbHp9FZgidkcs4pZarZP52RqXGQ="},"lastRemoteEphemeralKey":"BcfKDQ/sjRcxgJTTzuBY7prYrZpe6nNigX31ywomqiVa","previousCounter":0,"rootKey":"jGPhOCpN5uANZ2Y/t5IBl2nSy19XmfuQuDxLZVVw/u0="},"indexInfo":{"baseKey":"BczbzY8IHZ6IFJ1PE/dHrDqDL/30r3cem/Qa0GCcyHUQ","baseKeyType":1,"closed":1763718472755,"used":1763718471850,"created":1763718471850,"remoteIdentityKey":"BcOaU9q38PhMymbuL+HW3HTlXWu7t4UNoMDGqaqs7z9g"},"_chains":{"Bf2oNYBM+VrNhV2a2nuAhmBJU6JpVLl9ZyguxjqUqblO":{"chainKey":{"counter":-1,"key":"bX5eDfYXAmUDcY1qaPzjJD4xXA/H86lp38kLUaxLP7c="},"chainType":1,"messageKeys":{}}},"pendingPreKey":{"signedKeyId":25,"baseKey":"BczbzY8IHZ6IFJ1PE/dHrDqDL/30r3cem/Qa0GCcyHUQ","preKeyId":2158796}},"BX8FMHM/S7uJI24BmapaCLMY8lmmsPPorg/FnV8gfah3":{"registrationId":1774370420,"currentRatchet":{"ephemeralKeyPair":{"pubKey":"BeBs696BMDPkFLWe3Gfp5QdEZabu0W53bvOz0MVJRN0h","privKey":"uEfTlgdpyFIvpjR1OY/JaAtxCdZbx/n9PUwVZzAXUlk="},"lastRemoteEphemeralKey":"BcfKDQ/sjRcxgJTTzuBY7prYrZpe6nNigX31ywomqiVa","previousCounter":0,"rootKey":"NpZF9Ttce7LKxYmyrqpDkRpOlx8ibAnZgDCBOdspM3o="},"indexInfo":{"baseKey":"BX8FMHM/S7uJI24BmapaCLMY8lmmsPPorg/FnV8gfah3","baseKeyType":1,"closed":-1,"used":1763718472753,"created":1763718472753,"remoteIdentityKey":"BcOaU9q38PhMymbuL+HW3HTlXWu7t4UNoMDGqaqs7z9g"},"_chains":{"BeBs696BMDPkFLWe3Gfp5QdEZabu0W53bvOz0MVJRN0h":{"chainKey":{"counter":145,"key":"xZAZnbdBuIdk40/Neq2mbDg6gwvZGsRJGMBdJtn4/II="},"chainType":1,"messageKeys":{}}},"pendingPreKey":{"signedKeyId":25,"baseKey":"BX8FMHM/S7uJI24BmapaCLMY8lmmsPPorg/FnV8gfah3","preKeyId":2158555}}},"version":"v1"}