{"_sessions":{"BQ4+Wc/Fu+sfXG/QlG7kyuOWEGf+BS2zauEhXpT3Wr55":{"registrationId":615446992,"currentRatchet":{"ephemeralKeyPair":{"pubKey":"BaYoud04QDbboWHEtuYCJOxdcTF0sXxiuzRmEcZdE21s","privKey":"CKDhjemj0R+w/H/y/Qi1m5yzzfOHlhaMn5NfLrqsd2Y="},"lastRemoteEphemeralKey":"BfOKjrekDCwY8WmFjkVDwKFRG1XGeLhgUiJ/qdpzZVN/","previousCounter":0,"rootKey":"NyuAwD2weKOzHu87kEwO2JzTUoG9uD8WLQFlNRxM3Fc="},"indexInfo":{"baseKey":"BQ4+Wc/Fu+sfXG/QlG7kyuOWEGf+BS2zauEhXpT3Wr55","baseKeyType":1,"closed":1763718476774,"used":1763718475905,"created":1763718475905,"remoteIdentityKey":"BY5048GULKFo00E2Z1GpHwdf8TgdsFT2a/8N40xYRegy"},"_chains":{"BaYoud04QDbboWHEtuYCJOxdcTF0sXxiuzRmEcZdE21s":{"chainKey":{"counter":-1,"key":"v0Dn1FPvweN7H1z8pCtVrGY4n4x7v3pe1By/eCyQ6rY="},"chainType":1,"messageKeys":{}}},"pendingPreKey":{"signedKeyId":6,"baseKey":"BQ4+Wc/Fu+sfXG/QlG7kyuOWEGf+BS2zauEhXpT3Wr55","preKeyId":13358911}},"BcasuG5EzzX3++E12i03Dh4n3Ym2nr7R7+drg259gVZ/":{"registrationId":615446992,"currentRatchet":{"ephemeralKeyPair":{"pubKey":"Bd8N0ePMNvSVeK0+QHEbw8Gpn3TvkyLKqOKJqzpmicRT","privKey":"SKFSArIW1LZdkGRBt8UZTOJvcLv+N4NgZBfyTPDMbXw="},"lastRemoteEphemeralKey":"BfOKjrekDCwY8WmFjkVDwKFRG1XGeLhgUiJ/qdpzZVN/","previousCounter":0,"rootKey":"mFBqjSE2g2vohKe5jnyAtjSupp8pztK4Bx6cgajASkw="},"indexInfo":{"baseKey":"BcasuG5EzzX3++E12i03Dh4n3Ym2nr7R7+drg259gVZ/","baseKeyType":1,"closed":-1,"used":1763718476771,"created":1763718476771,"remoteIdentityKey":"BY5048GULKFo00E2Z1GpHwdf8TgdsFT2a/8N40xYRegy"},"_chains":{"Bd8N0ePMNvSVeK0+QHEbw8Gpn3TvkyLKqOKJqzpmicRT":{"chainKey":{"counter":145,"key":"lEgzte0MIQwoO9jTZnP6TYERqgQ8+mFSXHmOaF5yKe0="},"chainType":1,"messageKeys":{}}},"pendingPreKey":{"signedKeyId":6,"baseKey":"BcasuG5EzzX3++E12i03Dh4n3Ym2nr7R7+drg259gVZ/","preKeyId":13359387}}},"version":"v1"}