{"_sessions":{"BUVAo8A7QwSF8Pz+B9QakpInsjypnJ1PCCI2HfYSwGc4":{"registrationId":1760979962,"currentRatchet":{"ephemeralKeyPair":{"pubKey":"BYo28W7nPCqAUS+ZQDlLXPRQsJPx9p1JEa3AlGXmhxIi","privKey":"6HKyk3Jnd1qzKGPVjjnxxy/9d2BsbXA1jhtmjDwOL3c="},"lastRemoteEphemeralKey":"BdYOcQc5Z1RFmIco/DXJ+lGc7APPxLEmqnkWobiul4A8","previousCounter":0,"rootKey":"wU6fNQd+0V1b2ZkYyXU/5U8ijdxs6ipr+LpI56RoPc0="},"indexInfo":{"baseKey":"BUVAo8A7QwSF8Pz+B9QakpInsjypnJ1PCCI2HfYSwGc4","baseKeyType":1,"closed":1763718472850,"used":1763718471911,"created":1763718471911,"remoteIdentityKey":"BUlauPRrHEHWbgJWSKFvfnvTcM/LedM6Pwt2H+itpo4X"},"_chains":{"BYo28W7nPCqAUS+ZQDlLXPRQsJPx9p1JEa3AlGXmhxIi":{"chainKey":{"counter":-1,"key":"B1Wm+TNnNJ/hR0XIJlOkmT0ydphQJWhmTl74rxRxpzQ="},"chainType":1,"messageKeys":{}}},"pendingPreKey":{"signedKeyId":34,"baseKey":"BUVAo8A7QwSF8Pz+B9QakpInsjypnJ1PCCI2HfYSwGc4","preKeyId":11521727}},"BUoiBOc5O//06dJ4djTIraWfZx8IfaT+7kqnYKzU4okA":{"registrationId":1760979962,"currentRatchet":{"ephemeralKeyPair":{"pubKey":"BURR995TSkU9WJgnDqLk0oVqUP+ZvjPu4mtANYkcPwIw","privKey":"aNWAe8wqhpgyOLGlGusQBeUBIeojM8LvRjzB7zAYw1Q="},"lastRemoteEphemeralKey":"BdYOcQc5Z1RFmIco/DXJ+lGc7APPxLEmqnkWobiul4A8","previousCounter":0,"rootKey":"MATx11vap4tME9edWgqR85TngnXcLw3BxTxQzFNEAYA="},"indexInfo":{"baseKey":"BUoiBOc5O//06dJ4djTIraWfZx8IfaT+7kqnYKzU4okA","baseKeyType":1,"closed":-1,"used":1763718472847,"created":1763718472847,"remoteIdentityKey":"BUlauPRrHEHWbgJWSKFvfnvTcM/LedM6Pwt2H+itpo4X"},"_chains":{"BURR995TSkU9WJgnDqLk0oVqUP+ZvjPu4mtANYkcPwIw":{"chainKey":{"counter":145,"key":"JP1vSTarDMgeR8cYyb1RZ84ZV5BbFS4cyh1wVOMj9m8="},"chainType":1,"messageKeys":{}}},"pendingPreKey":{"signedKeyId":34,"baseKey":"BUoiBOc5O//06dJ4djTIraWfZx8IfaT+7kqnYKzU4okA","preKeyId":11521276}}},"version":"v1"}