{"_sessions":{"BRWKe36vZiwx/TDZzseGEe7uym+oiNDxo3PMdEAfyLwx":{"registrationId":234875397,"currentRatchet":{"ephemeralKeyPair":{"pubKey":"BS/9y3VrepsYy/BG703Qsz7gEhYxtHGpHNsdTyVL+n1h","privKey":"QGQfZkFUNVJiebUjDDxSWlb8TrNQF0r1TuZO2uENYGQ="},"lastRemoteEphemeralKey":"Bfd/638ozDOlmLpJN/iENboxS6oYmsM+zjhpxxwr8Mdy","previousCounter":0,"rootKey":"Jzc6nfOKpVlik+n8y7JPUFH37ZdjgDjv4hCnZbcd+Qk="},"indexInfo":{"baseKey":"BRWKe36vZiwx/TDZzseGEe7uym+oiNDxo3PMdEAfyLwx","baseKeyType":1,"closed":1763718474764,"used":1763718473855,"created":1763718473855,"remoteIdentityKey":"BcdaklJkME/KsGhYu5242tMOFfI9eX1tZTonYEQ3Wh1z"},"_chains":{"BS/9y3VrepsYy/BG703Qsz7gEhYxtHGpHNsdTyVL+n1h":{"chainKey":{"counter":-1,"key":"FVftRm1NC7ej3WmmWAHqxwmO9a+WQ5R4PjmLMPsMhsQ="},"chainType":1,"messageKeys":{}}},"pendingPreKey":{"signedKeyId":21,"baseKey":"BRWKe36vZiwx/TDZzseGEe7uym+oiNDxo3PMdEAfyLwx","preKeyId":8265719}},"BcdLFiIgUK8ei2pznVj4Jc6649YS86GdUhbskTImqzBd":{"registrationId":234875397,"currentRatchet":{"ephemeralKeyPair":{"pubKey":"BYqWnh0gIHF1NLn+pUUahmlXxxiVvoDAzEEuSzOsmuoQ","privKey":"8DpIzUQMgiCaVhBXi9Pbcmq1j8aZR0jBa1EbgEkW9Wo="},"lastRemoteEphemeralKey":"Bfd/638ozDOlmLpJN/iENboxS6oYmsM+zjhpxxwr8Mdy","previousCounter":0,"rootKey":"eY17C5S0EUVxYtLdkz8MEz15diI+jSQqL+v0kDWrvyg="},"indexInfo":{"baseKey":"BcdLFiIgUK8ei2pznVj4Jc6649YS86GdUhbskTImqzBd","baseKeyType":1,"closed":-1,"used":1763718474762,"created":1763718474762,"remoteIdentityKey":"BcdaklJkME/KsGhYu5242tMOFfI9eX1tZTonYEQ3Wh1z"},"_chains":{"BYqWnh0gIHF1NLn+pUUahmlXxxiVvoDAzEEuSzOsmuoQ":{"chainKey":{"counter":145,"key":"01go3ig6C46641FmNpppnduUrA1IthUsqlehhUAZxiM="},"chainType":1,"messageKeys":{}}},"pendingPreKey":{"signedKeyId":21,"baseKey":"BcdLFiIgUK8ei2pznVj4Jc6649YS86GdUhbskTImqzBd","preKeyId":8265720}}},"version":"v1"}