{"_sessions":{"BezqRnXf/8cpdVELiJHe36qz5+dswwa1bmeMC6gqIPUA":{"registrationId":1737292445,"currentRatchet":{"ephemeralKeyPair":{"pubKey":"BUyABRXIjPevgp9ve+G8kZAoMjrG/eZftxkxa90LlZ8r","privKey":"eAEoTxVYBd9cK8MsFTzXbl5BERICQQFrfPOsWdHM1Eg="},"lastRemoteEphemeralKey":"BegRaDZ8nvZgTBINCnVKITF6FgS9s7vQ6MVHuGGBuNNp","previousCounter":0,"rootKey":"1KFD5udehFyjKeepDvGi4cTOcM8YuU7Uob9n9fx1Y/g="},"indexInfo":{"baseKey":"BezqRnXf/8cpdVELiJHe36qz5+dswwa1bmeMC6gqIPUA","baseKeyType":1,"closed":1763718472662,"used":1763718471785,"created":1763718471785,"remoteIdentityKey":"BfUa1tCyv8XQLluFfYT9cJUqCLv5MYVSaf+ZTEPe8xwV"},"_chains":{"BUyABRXIjPevgp9ve+G8kZAoMjrG/eZftxkxa90LlZ8r":{"chainKey":{"counter":-1,"key":"NWgRunMVEg2wkwB/o1Mfz/8lH5b/mla4wuqQheqUMog="},"chainType":1,"messageKeys":{}}},"pendingPreKey":{"signedKeyId":1,"baseKey":"BezqRnXf/8cpdVELiJHe36qz5+dswwa1bmeMC6gqIPUA","preKeyId":6500310}},"BRqdYSjhveuhht1GdVgj8M+s1KqYCGRVnJnmQe7oT/tj":{"registrationId":1737292445,"currentRatchet":{"ephemeralKeyPair":{"pubKey":"Bfk4rwMpEGoPAzkQ3EKw8zIs9F7j9xh4aPuWon+Bv4c2","privKey":"qHZ+2DPbHUm8+mILpszuiJMUdXkNMf1FjqSEj1fjyFo="},"lastRemoteEphemeralKey":"BegRaDZ8nvZgTBINCnVKITF6FgS9s7vQ6MVHuGGBuNNp","previousCounter":0,"rootKey":"pBd8ocp3bJFiSVogKrS3H+fZqoQdrUaa9PtNrVBDJPw="},"indexInfo":{"baseKey":"BRqdYSjhveuhht1GdVgj8M+s1KqYCGRVnJnmQe7oT/tj","baseKeyType":1,"closed":-1,"used":1763718472659,"created":1763718472659,"remoteIdentityKey":"BfUa1tCyv8XQLluFfYT9cJUqCLv5MYVSaf+ZTEPe8xwV"},"_chains":{"Bfk4rwMpEGoPAzkQ3EKw8zIs9F7j9xh4aPuWon+Bv4c2":{"chainKey":{"counter":145,"key":"2vr5ImwE5Exhk5TOXv79gGIKqq7u6p/7U3tON9aSsyQ="},"chainType":1,"messageKeys":{}}},"pendingPreKey":{"signedKeyId":1,"baseKey":"BRqdYSjhveuhht1GdVgj8M+s1KqYCGRVnJnmQe7oT/tj","preKeyId":6500308}}},"version":"v1"}