{"_sessions":{"BZuNaqzXKBfLuOYdTrts3z0GC1sFUR6CMSsnZWAk/TNk":{"registrationId":1280579889,"currentRatchet":{"ephemeralKeyPair":{"pubKey":"Bdpddba1+s3aj/6h78Kj4qvzPbh5PIhiSAUhL5e+3h8R","privKey":"YPliBFd7KUTV9M4X5RmQ5qOBzGfpbhyBtnI0I0Mb5W8="},"lastRemoteEphemeralKey":"BSA9LpsJKcGhwg+JCctnYgnWelFVwTE0rQADkpeBkYc5","previousCounter":0,"rootKey":"O4y7ykGxd3bjM7Emxj1LvdPYGjDEMrh8vVCxmQ02K2s="},"indexInfo":{"baseKey":"BZuNaqzXKBfLuOYdTrts3z0GC1sFUR6CMSsnZWAk/TNk","baseKeyType":1,"closed":1763718472975,"used":1763718471981,"created":1763718471981,"remoteIdentityKey":"BdjEhRZ0YXaNpn85lGc3V0kNq6pcKPGRcdkDs5mYC+YX"},"_chains":{"Bdpddba1+s3aj/6h78Kj4qvzPbh5PIhiSAUhL5e+3h8R":{"chainKey":{"counter":-1,"key":"ktYLyYNcQgd4F3KuOT9SP0yMUNWKG1Xy5q/YO991nn4="},"chainType":1,"messageKeys":{}}},"pendingPreKey":{"signedKeyId":7,"baseKey":"BZuNaqzXKBfLuOYdTrts3z0GC1sFUR6CMSsnZWAk/TNk","preKeyId":12694012}},"BYySwvzvNrmlgms1XM3tL8pSPqFiLJnjPDbNcGMiMOwx":{"registrationId":1280579889,"currentRatchet":{"ephemeralKeyPair":{"pubKey":"BSberKVolglqvWd4YU83jak8iPamwEV3pjW6MJz6rA0F","privKey":"gNPl/5sS+AndgQAqFoLWzBecnSLTE2YeLK34noEqwXw="},"lastRemoteEphemeralKey":"BSA9LpsJKcGhwg+JCctnYgnWelFVwTE0rQADkpeBkYc5","previousCounter":0,"rootKey":"H8gj4uvxDPq7QKh2GRkDa9X7pofGEBAJUHf4dTAO54k="},"indexInfo":{"baseKey":"BYySwvzvNrmlgms1XM3tL8pSPqFiLJnjPDbNcGMiMOwx","baseKeyType":1,"closed":-1,"used":1763718472972,"created":1763718472972,"remoteIdentityKey":"BdjEhRZ0YXaNpn85lGc3V0kNq6pcKPGRcdkDs5mYC+YX"},"_chains":{"BSberKVolglqvWd4YU83jak8iPamwEV3pjW6MJz6rA0F":{"chainKey":{"counter":145,"key":"gSOfrW0GVP+CKz4S7B/yVn806SOvDr6jqj03kfltTAI="},"chainType":1,"messageKeys":{}}},"pendingPreKey":{"signedKeyId":7,"baseKey":"BYySwvzvNrmlgms1XM3tL8pSPqFiLJnjPDbNcGMiMOwx","preKeyId":12693723}}},"version":"v1"}