{"_sessions":{"BY8pxs8Ubj1YiH7nTWGsQoIjcJYiq2UlxfqbNuncGOMl":{"registrationId":834091696,"currentRatchet":{"ephemeralKeyPair":{"pubKey":"BV5acMVzDKuoLPO9GQd/hN0l1waIJvsSYWi4aGkpncAI","privKey":"QDHvDXuwdpsqahd1W1pkkBbJQG/reRp+0ZnFQjSyeEE="},"lastRemoteEphemeralKey":"BfdLkj/zHfs/tCPi/liaeCjx8irUHrBzGEGjFKow7jkb","previousCounter":0,"rootKey":"AXzf+IGAox5R59sSVBy8Z6czn6JDfYBB/WnoReUZ9jM="},"indexInfo":{"baseKey":"BY8pxs8Ubj1YiH7nTWGsQoIjcJYiq2UlxfqbNuncGOMl","baseKeyType":1,"closed":1763718475258,"used":1763718474210,"created":1763718474210,"remoteIdentityKey":"Bc1vrFp7qwtD7xQOr3sIXxIKNeTvUo5m8aolA1pfobom"},"_chains":{"BV5acMVzDKuoLPO9GQd/hN0l1waIJvsSYWi4aGkpncAI":{"chainKey":{"counter":-1,"key":"neJyIp6N36Bygw1nyD6M7iq5AdWDM7zeSgaECe6pqoE="},"chainType":1,"messageKeys":{}}},"pendingPreKey":{"signedKeyId":3873344,"baseKey":"BY8pxs8Ubj1YiH7nTWGsQoIjcJYiq2UlxfqbNuncGOMl","preKeyId":7216495}},"Bb3O5bqQi+9T87iJkYgDW2PA6Um6zKWpN9sz9Tdqdrtg":{"registrationId":834091696,"currentRatchet":{"ephemeralKeyPair":{"pubKey":"Bep6zSa/BzxvXmVSDMYPiAdzIScwYjSwK0OF/JJv8iB+","privKey":"mHJMQhGZg44tUXwNS/oZlQlqNIo0KRTdS1AoIRJXTEo="},"lastRemoteEphemeralKey":"BfdLkj/zHfs/tCPi/liaeCjx8irUHrBzGEGjFKow7jkb","previousCounter":0,"rootKey":"/edgWcV6hoRWwoIkBhI7zPULwyCTs0UmUAy232cz1PY="},"indexInfo":{"baseKey":"Bb3O5bqQi+9T87iJkYgDW2PA6Um6zKWpN9sz9Tdqdrtg","baseKeyType":1,"closed":-1,"used":1763718475255,"created":1763718475255,"remoteIdentityKey":"Bc1vrFp7qwtD7xQOr3sIXxIKNeTvUo5m8aolA1pfobom"},"_chains":{"Bep6zSa/BzxvXmVSDMYPiAdzIScwYjSwK0OF/JJv8iB+":{"chainKey":{"counter":145,"key":"UcOezrZRd9+4QOL/x845XHRThE3M+Zc9Nclv63d4aoQ="},"chainType":1,"messageKeys":{}}},"pendingPreKey":{"signedKeyId":3873344,"baseKey":"Bb3O5bqQi+9T87iJkYgDW2PA6Um6zKWpN9sz9Tdqdrtg","preKeyId":7216709}}},"version":"v1"}