{"_sessions":{"BYmr/was7yZV6i1h7DIoN0lt1DzA1OxinLNa2O3Dfyk/":{"registrationId":1575911633,"currentRatchet":{"ephemeralKeyPair":{"pubKey":"BQpUxv+sPXVSFMs8iKFUpFjcMYVsTM3KUyikzufRcqhh","privKey":"GJDg4pa1aAZs1phZ3DbH4xLsnQLFaTdRTh5lxveTbX0="},"lastRemoteEphemeralKey":"BRnwkhAFwiyALbeClaiCGL+T7uMnM2fMhhlLfqH9bM9u","previousCounter":0,"rootKey":"W6XSf5R263tD6ztdhon3dJeOCHfXxR9UZ7n5ngZRGas="},"indexInfo":{"baseKey":"BYmr/was7yZV6i1h7DIoN0lt1DzA1OxinLNa2O3Dfyk/","baseKeyType":1,"closed":1763718474674,"used":1763718473795,"created":1763718473795,"remoteIdentityKey":"BTulEGuGmN2wq1jDhvz2n9abKAWZK2nCYbSuP8Mfo3ct"},"_chains":{"BQpUxv+sPXVSFMs8iKFUpFjcMYVsTM3KUyikzufRcqhh":{"chainKey":{"counter":-1,"key":"dcGF7tKlKyQQlgn279EZ6Z/zUqMard6wsKZJ/duTX68="},"chainType":1,"messageKeys":{}}},"pendingPreKey":{"signedKeyId":5,"baseKey":"BYmr/was7yZV6i1h7DIoN0lt1DzA1OxinLNa2O3Dfyk/","preKeyId":7906703}},"BZaEvFKPeR/hgfuMkBRhA4rzejvgKli0mK2kd8K5M0N+":{"registrationId":1575911633,"currentRatchet":{"ephemeralKeyPair":{"pubKey":"BadtJyjkhXngC5FgGVsKq+l3qV7/n378Ln6YfXzv/5MA","privKey":"QLlmraVue2icIuwTOECvlXHWicxSc3oVcXX/635nUFQ="},"lastRemoteEphemeralKey":"BRnwkhAFwiyALbeClaiCGL+T7uMnM2fMhhlLfqH9bM9u","previousCounter":0,"rootKey":"BPIS7y/6SbZDUwDI0H0oQ3mp/diZjWoasQhnnJ//P1k="},"indexInfo":{"baseKey":"BZaEvFKPeR/hgfuMkBRhA4rzejvgKli0mK2kd8K5M0N+","baseKeyType":1,"closed":-1,"used":1763718474671,"created":1763718474671,"remoteIdentityKey":"BTulEGuGmN2wq1jDhvz2n9abKAWZK2nCYbSuP8Mfo3ct"},"_chains":{"BadtJyjkhXngC5FgGVsKq+l3qV7/n378Ln6YfXzv/5MA":{"chainKey":{"counter":145,"key":"cp1I3Qfn1DNzZ5Soy4dz4EGFa68JP3WEUnNKKEhgsYA="},"chainType":1,"messageKeys":{}}},"pendingPreKey":{"signedKeyId":5,"baseKey":"BZaEvFKPeR/hgfuMkBRhA4rzejvgKli0mK2kd8K5M0N+","preKeyId":7906699}}},"version":"v1"}