{"_sessions":{"BQATDTh8mImjs4v4hdrRgy90V7NvWcfxJO1mxZzlghZE":{"registrationId":547605864,"currentRatchet":{"ephemeralKeyPair":{"pubKey":"Bc/q84KXiRlHjD9JgXxgg31z9cJeHo7HZDPyPWBEeYcq","privKey":"WNyAv0UqTVkvz4U5DY4tDLo60bxhyDDHmPY13OFmE3g="},"lastRemoteEphemeralKey":"BdPw5/pnBl2AEloNDaOyWHL6SN7avWg5yr/cnwNtPjx7","previousCounter":0,"rootKey":"l6hQaT7EV+b8rMqt6X7bMwX4BPc2Hhzhna3jDLz5ofY="},"indexInfo":{"baseKey":"BQATDTh8mImjs4v4hdrRgy90V7NvWcfxJO1mxZzlghZE","baseKeyType":1,"closed":1763718478305,"used":1763718477409,"created":1763718477409,"remoteIdentityKey":"BaYMp5g+MTKBdATQAsTY1r2JoUsaGDeYr92/BDSuSUA6"},"_chains":{"Bc/q84KXiRlHjD9JgXxgg31z9cJeHo7HZDPyPWBEeYcq":{"chainKey":{"counter":-1,"key":"LH6y+puJc97TKw3JM44bUBlWlxzq7IjgYnmqdGwqXFE="},"chainType":1,"messageKeys":{}}},"pendingPreKey":{"signedKeyId":2,"baseKey":"BQATDTh8mImjs4v4hdrRgy90V7NvWcfxJO1mxZzlghZE","preKeyId":1207543}},"Bc2dRitHaNGgdsIxSjdlWRx7uHC7NG+L1mSSdRHA2z1K":{"registrationId":547605864,"currentRatchet":{"ephemeralKeyPair":{"pubKey":"BTDRnoWIXRuMYx9QFqWu6FoWn0WJdKVYd28uGZmOb70y","privKey":"8MJhNStTa2B4Wxu5gVpituQVV+aHqYJ0L5BnNUCjiVk="},"lastRemoteEphemeralKey":"BdPw5/pnBl2AEloNDaOyWHL6SN7avWg5yr/cnwNtPjx7","previousCounter":0,"rootKey":"XArv0wmxCC3Md9nfCpU/wE0yR45OjpXEjKs8tExe3rg="},"indexInfo":{"baseKey":"Bc2dRitHaNGgdsIxSjdlWRx7uHC7NG+L1mSSdRHA2z1K","baseKeyType":1,"closed":-1,"used":1763718478302,"created":1763718478302,"remoteIdentityKey":"BaYMp5g+MTKBdATQAsTY1r2JoUsaGDeYr92/BDSuSUA6"},"_chains":{"BTDRnoWIXRuMYx9QFqWu6FoWn0WJdKVYd28uGZmOb70y":{"chainKey":{"counter":145,"key":"myaaBBD4bFPN30vP1bxCYlk+0KRp8julGjF/c8RJD+M="},"chainType":1,"messageKeys":{}}},"pendingPreKey":{"signedKeyId":2,"baseKey":"Bc2dRitHaNGgdsIxSjdlWRx7uHC7NG+L1mSSdRHA2z1K","preKeyId":1207700}}},"version":"v1"}