{"_sessions":{"Bbbbj/41KR5oo8t3fYv4taPSBupvEiFBQV/JVI3M0b4w":{"registrationId":1929337682,"currentRatchet":{"ephemeralKeyPair":{"pubKey":"BZ8vjGYZikbqiJTjqvyq9P5PtAIfaWAIoPHsRSC3ZjRo","privKey":"APbhkKmGjdqd0rUDcNQiMEIfgIgtADV4aDakAVhcXlA="},"lastRemoteEphemeralKey":"BTaMxidaK2UT8boK9SBlLeEssH8dZwguK3MrGVz6AyEs","previousCounter":0,"rootKey":"1TULSzXjGjNst5ICUJdvvCyTQ5BUERqZh6IP0t2/WWE="},"indexInfo":{"baseKey":"Bbbbj/41KR5oo8t3fYv4taPSBupvEiFBQV/JVI3M0b4w","baseKeyType":1,"closed":1763718478716,"used":1763718477668,"created":1763718477668,"remoteIdentityKey":"BX/n0o5XkvGeg4eEA9heFmrw6NMKJLmKppOqihGOLl4d"},"_chains":{"BZ8vjGYZikbqiJTjqvyq9P5PtAIfaWAIoPHsRSC3ZjRo":{"chainKey":{"counter":-1,"key":"0RJiR6c2mww4ex4e4xoZmbviP2LiZCrUoOwLHH1GR6k="},"chainType":1,"messageKeys":{}}},"pendingPreKey":{"signedKeyId":2,"baseKey":"Bbbbj/41KR5oo8t3fYv4taPSBupvEiFBQV/JVI3M0b4w","preKeyId":680437}},"Bevp0wyDkLU8Hm5w02qLwsvRfpwDWQImsSXEe07pI2U/":{"registrationId":1929337682,"currentRatchet":{"ephemeralKeyPair":{"pubKey":"BdSGabK1i+W23TdTzpB2bBYnTgx9Es2oiuGheJdhrhcF","privKey":"qEG4w8St3I5JEfiSF+hj76ytKLufq7gR9MdBWJBOyWw="},"lastRemoteEphemeralKey":"BTaMxidaK2UT8boK9SBlLeEssH8dZwguK3MrGVz6AyEs","previousCounter":0,"rootKey":"rbTsgI4+3hZYF2Ms1KB4cRRpVu4DJCHObsnV0L8vnLc="},"indexInfo":{"baseKey":"Bevp0wyDkLU8Hm5w02qLwsvRfpwDWQImsSXEe07pI2U/","baseKeyType":1,"closed":-1,"used":1763718478713,"created":1763718478713,"remoteIdentityKey":"BX/n0o5XkvGeg4eEA9heFmrw6NMKJLmKppOqihGOLl4d"},"_chains":{"BdSGabK1i+W23TdTzpB2bBYnTgx9Es2oiuGheJdhrhcF":{"chainKey":{"counter":145,"key":"t0VU25C3esM8tH+jHtiVRm/tZxhbWNcmOcELM+T9494="},"chainType":1,"messageKeys":{}}},"pendingPreKey":{"signedKeyId":2,"baseKey":"Bevp0wyDkLU8Hm5w02qLwsvRfpwDWQImsSXEe07pI2U/","preKeyId":680489}}},"version":"v1"}