{"_sessions":{"BX1nHACfFFr5AepWNmAjhy9ux7/wRiZkBTnt/bMuvQt/":{"registrationId":441988596,"currentRatchet":{"ephemeralKeyPair":{"pubKey":"BVwD7aYIPoIqopkJEdMtWK3EZBOhVFQgWBzXR/DLbzQY","privKey":"iGddx4ozSSenigreKV+2kDL8kWRjKP9X2gWJtllMg1s="},"lastRemoteEphemeralKey":"BXKpAZIFXm1ucD/CR9o1v3znOutExxz8LsrwXTGljhZK","previousCounter":0,"rootKey":"+o7v7xVHU7PpixnMYYaZCGr5Myy7NbBeJ+kz7sGelB8="},"indexInfo":{"baseKey":"BX1nHACfFFr5AepWNmAjhy9ux7/wRiZkBTnt/bMuvQt/","baseKeyType":1,"closed":1763718475032,"used":1763718474049,"created":1763718474049,"remoteIdentityKey":"Bcwxp1xfe6ftOeQXZOKU8jY3UtmYAHgCqfhkvF+kANJt"},"_chains":{"BVwD7aYIPoIqopkJEdMtWK3EZBOhVFQgWBzXR/DLbzQY":{"chainKey":{"counter":-1,"key":"t/6QhRFq9q7+azapGdbDp5S9BWKUwOuJhxqpeSYG4Rk="},"chainType":1,"messageKeys":{}}},"pendingPreKey":{"signedKeyId":120,"baseKey":"BX1nHACfFFr5AepWNmAjhy9ux7/wRiZkBTnt/bMuvQt/","preKeyId":6636376}},"Bd1laR6P1UHOBQKki+K/fWSdFrgkbqEjMBQ5Vv9fUKZR":{"registrationId":441988596,"currentRatchet":{"ephemeralKeyPair":{"pubKey":"BWmgPMPYTBmXX+23mKHb/aSuOLuPqnYi8NDugiEhltZ1","privKey":"CANUmTwG7SG602pQ846wbgcO4Q2IUShNUV4CiaS/AW4="},"lastRemoteEphemeralKey":"BXKpAZIFXm1ucD/CR9o1v3znOutExxz8LsrwXTGljhZK","previousCounter":0,"rootKey":"4RaSdubkX3NVWkDarMWjf1Ohl+PQCxLNhabCwHxOggM="},"indexInfo":{"baseKey":"Bd1laR6P1UHOBQKki+K/fWSdFrgkbqEjMBQ5Vv9fUKZR","baseKeyType":1,"closed":-1,"used":1763718475028,"created":1763718475028,"remoteIdentityKey":"Bcwxp1xfe6ftOeQXZOKU8jY3UtmYAHgCqfhkvF+kANJt"},"_chains":{"BWmgPMPYTBmXX+23mKHb/aSuOLuPqnYi8NDugiEhltZ1":{"chainKey":{"counter":145,"key":"M0hOE15TtC9u8YHzOmqehsy2oH4tJL3/kz/tqe+++2A="},"chainType":1,"messageKeys":{}}},"pendingPreKey":{"signedKeyId":120,"baseKey":"Bd1laR6P1UHOBQKki+K/fWSdFrgkbqEjMBQ5Vv9fUKZR","preKeyId":6635665}}},"version":"v1"}