{"_sessions":{"BXnLUBFZbHfkZUHLj23PNuKs/0lJQCDdGa+MFSBWmc8G":{"registrationId":1484571379,"currentRatchet":{"ephemeralKeyPair":{"pubKey":"BUHgGE3rf2uV24NAc+3H4U1dryhc3IklLwU31yCpBS0W","privKey":"ePM7VzXhDVRZs620bLZ6GNXaF1FXAMxwW0wh2xodj2w="},"lastRemoteEphemeralKey":"BWAhXwdPgXriTqQTgwyCeXJ33QpstUz5aa8QnWFgioAb","previousCounter":0,"rootKey":"2wgIPlv5k0i47mV+U70vI6YHEyTMxfQjmLgXHQEQexw="},"indexInfo":{"baseKey":"BXnLUBFZbHfkZUHLj23PNuKs/0lJQCDdGa+MFSBWmc8G","baseKeyType":1,"closed":1763718481807,"used":1763718481045,"created":1763718481045,"remoteIdentityKey":"Bd8pSH4eUCrHnMgq4yOgE9KadN0UUwr/cDQcO+LW7egr"},"_chains":{"BUHgGE3rf2uV24NAc+3H4U1dryhc3IklLwU31yCpBS0W":{"chainKey":{"counter":-1,"key":"tFQdWh1vN4JNU9CRRy2PFnYQNCN/Jx62tmOu4zVJfTM="},"chainType":1,"messageKeys":{}}},"pendingPreKey":{"signedKeyId":11,"baseKey":"BXnLUBFZbHfkZUHLj23PNuKs/0lJQCDdGa+MFSBWmc8G","preKeyId":10112684}},"BXl1qoYSoPIML4sQrr+cNDJ4rVatZmnkuw8kS1idSgtM":{"registrationId":1484571379,"currentRatchet":{"ephemeralKeyPair":{"pubKey":"BbA6LuqmGaR4KdNdGuXvwa47wQryQqct8B4zkcUvgfcV","privKey":"MPulEIG7dQ1T70jUyw72tO2LFfIGAMdr4Kf2KvcYaXQ="},"lastRemoteEphemeralKey":"BWAhXwdPgXriTqQTgwyCeXJ33QpstUz5aa8QnWFgioAb","previousCounter":0,"rootKey":"iavduxb4GWDnB13NTF1eAI3GTzymIF7x5lK6CwOHLEA="},"indexInfo":{"baseKey":"BXl1qoYSoPIML4sQrr+cNDJ4rVatZmnkuw8kS1idSgtM","baseKeyType":1,"closed":-1,"used":1763718481805,"created":1763718481805,"remoteIdentityKey":"Bd8pSH4eUCrHnMgq4yOgE9KadN0UUwr/cDQcO+LW7egr"},"_chains":{"BbA6LuqmGaR4KdNdGuXvwa47wQryQqct8B4zkcUvgfcV":{"chainKey":{"counter":145,"key":"w6MKAyzzHbiD/fITKT4C7ou3i7lnZW+IzNeWA+gsvSQ="},"chainType":1,"messageKeys":{}}},"pendingPreKey":{"signedKeyId":11,"baseKey":"BXl1qoYSoPIML4sQrr+cNDJ4rVatZmnkuw8kS1idSgtM","preKeyId":10112946}}},"version":"v1"}