{"_sessions":{"BcxNlXt7eP5QqBfA10wxy5emL/tSlX1C6oJI+11UGegX":{"registrationId":1835058854,"currentRatchet":{"ephemeralKeyPair":{"pubKey":"BVcDYIPL7m3kkreUBgHp7s8eWV7B0cbMaNXf0ExYLlND","privKey":"KCHiGH7J0xu+8C382FhEdfSqjzFCSYMykvyxryau5ks="},"lastRemoteEphemeralKey":"BWKxKmu4BgNeLHhk1rw3rGKbOBE99m7eqDDlT5gc4lt9","previousCounter":0,"rootKey":"VckuL04VeHbfi0l1t84AUfU9MnmCTfB3wJiIaOriDAk="},"indexInfo":{"baseKey":"BcxNlXt7eP5QqBfA10wxy5emL/tSlX1C6oJI+11UGegX","baseKeyType":1,"closed":1763718474435,"used":1763718473638,"created":1763718473638,"remoteIdentityKey":"BTsvfZ0NxZMsBEHroowZP9FfUchBw/DxvmIROWt20F9k"},"_chains":{"BVcDYIPL7m3kkreUBgHp7s8eWV7B0cbMaNXf0ExYLlND":{"chainKey":{"counter":-1,"key":"kuW2spPo1vQOZBi8wYCKTgNU8f4KhLKdTa4HYm3JojA="},"chainType":1,"messageKeys":{}}},"pendingPreKey":{"signedKeyId":17,"baseKey":"BcxNlXt7eP5QqBfA10wxy5emL/tSlX1C6oJI+11UGegX","preKeyId":15111665}},"BQCP+x+IHFKEQBl+UyCX/DCtOnf7lu5jhNhGqR2LIetW":{"registrationId":1835058854,"currentRatchet":{"ephemeralKeyPair":{"pubKey":"BT1xOAjzwjUUHTGH6zUL9sYcf8c054jQ+O5XP1NioqZU","privKey":"aANPr2cOiQX2WyIqozsw2WMCBun1nsKWL2v44iToO3A="},"lastRemoteEphemeralKey":"BWKxKmu4BgNeLHhk1rw3rGKbOBE99m7eqDDlT5gc4lt9","previousCounter":0,"rootKey":"uPHNyv+iglTKd7SS7xHEpS82LZvaV/a/5G0gLsLc4G0="},"indexInfo":{"baseKey":"BQCP+x+IHFKEQBl+UyCX/DCtOnf7lu5jhNhGqR2LIetW","baseKeyType":1,"closed":-1,"used":1763718474432,"created":1763718474432,"remoteIdentityKey":"BTsvfZ0NxZMsBEHroowZP9FfUchBw/DxvmIROWt20F9k"},"_chains":{"BT1xOAjzwjUUHTGH6zUL9sYcf8c054jQ+O5XP1NioqZU":{"chainKey":{"counter":145,"key":"KRZSdcFaTLw5RJL+z/jGDjqqMBXcsQJVYF0N5AS+Bvg="},"chainType":1,"messageKeys":{}}},"pendingPreKey":{"signedKeyId":17,"baseKey":"BQCP+x+IHFKEQBl+UyCX/DCtOnf7lu5jhNhGqR2LIetW","preKeyId":15111779}}},"version":"v1"}