{"_sessions":{"BeFNh/+HTP0JnMl37h7wK6rmz0EYYSg9jy15n5bix51k":{"registrationId":668603551,"currentRatchet":{"ephemeralKeyPair":{"pubKey":"BWztdpJIxTgQDCXJefwr3vc1+/xnp2eEa8xWy6X13utW","privKey":"ILQio/BHFpkyqiuq7R/8ZZYpremCcBbKbflwbq5j3Vk="},"lastRemoteEphemeralKey":"Bewix/VqmEgqFx7vRrrEw1+iMCvI7sLKQxupDfH+Pw12","previousCounter":0,"rootKey":"qMPdUagVxF5Ay7wFNxXnj16NUqdDg4Ne+AXtQ7y+PIE="},"indexInfo":{"baseKey":"BeFNh/+HTP0JnMl37h7wK6rmz0EYYSg9jy15n5bix51k","baseKeyType":1,"closed":1763718471058,"used":1763718469983,"created":1763718469983,"remoteIdentityKey":"BdXiEQ2z3Ds9JR0Im1AKnC0v12ODoEffYkqSDRS23a5j"},"_chains":{"BWztdpJIxTgQDCXJefwr3vc1+/xnp2eEa8xWy6X13utW":{"chainKey":{"counter":-1,"key":"7Wov41HPFATndqraMQC/xuU+VQb+ck3zWHiOLz7WvgM="},"chainType":1,"messageKeys":{}}},"pendingPreKey":{"signedKeyId":27,"baseKey":"BeFNh/+HTP0JnMl37h7wK6rmz0EYYSg9jy15n5bix51k","preKeyId":7165662}},"BckRHOsjDRZZ52qgRO4ckNtMbMZtkq8aM+nTCHf6DgEu":{"registrationId":668603551,"currentRatchet":{"ephemeralKeyPair":{"pubKey":"BRPX/okegZ+6wvlbTUeEVEoYg3l0GH+7YHk0RX0TShUj","privKey":"YPJwXjAOR9cUMgWPUSEpVV2SkTITlutf/GX9JXHYnWY="},"lastRemoteEphemeralKey":"Bewix/VqmEgqFx7vRrrEw1+iMCvI7sLKQxupDfH+Pw12","previousCounter":0,"rootKey":"PkgBOezDb72pNn2nhDzr1bQNGDJVXFb7FZ+kOH4kVo0="},"indexInfo":{"baseKey":"BckRHOsjDRZZ52qgRO4ckNtMbMZtkq8aM+nTCHf6DgEu","baseKeyType":1,"closed":-1,"used":1763718471055,"created":1763718471055,"remoteIdentityKey":"BdXiEQ2z3Ds9JR0Im1AKnC0v12ODoEffYkqSDRS23a5j"},"_chains":{"BRPX/okegZ+6wvlbTUeEVEoYg3l0GH+7YHk0RX0TShUj":{"chainKey":{"counter":145,"key":"4PoaB3SGQA64JFSJlGgWkzU0MO1+xblQnGjiWETgQxs="},"chainType":1,"messageKeys":{}}},"pendingPreKey":{"signedKeyId":27,"baseKey":"BckRHOsjDRZZ52qgRO4ckNtMbMZtkq8aM+nTCHf6DgEu","preKeyId":7165627}}},"version":"v1"}