{"_sessions":{"BdAJOo/8hrWDlLwCVdif3RZDauRKfGxMSZdMh8F5HfRb":{"registrationId":1968343753,"currentRatchet":{"ephemeralKeyPair":{"pubKey":"BdKnofSFSqn0+eY/He8Fixu/Mh0rvGxG5TiBtYKatYwp","privKey":"YO8pcTbKKpOGvKrLwvxiXQxJkhXFWSPnyTWGN/V48VY="},"lastRemoteEphemeralKey":"BbsCiN8P/n02VfxE11BD+4ICbsczM8MHJRPUKqHa1WR/","previousCounter":0,"rootKey":"p68LJFNYA8SOk0W5HARAM4Q9+d71PWAes1k1UyMSjaM="},"indexInfo":{"baseKey":"BdAJOo/8hrWDlLwCVdif3RZDauRKfGxMSZdMh8F5HfRb","baseKeyType":1,"closed":1763718475222,"used":1763718474177,"created":1763718474177,"remoteIdentityKey":"BdOid1wARUR9/fhRlYnS5b6E3epk1s8Kywe3AHtWfjZi"},"_chains":{"BdKnofSFSqn0+eY/He8Fixu/Mh0rvGxG5TiBtYKatYwp":{"chainKey":{"counter":-1,"key":"9vpCkXN8xOhdQmkjyN7wyZ4WotX+onNtr1VTxknV1u8="},"chainType":1,"messageKeys":{}}},"pendingPreKey":{"signedKeyId":2540301,"baseKey":"BdAJOo/8hrWDlLwCVdif3RZDauRKfGxMSZdMh8F5HfRb","preKeyId":3065568}},"BWYVCQUsHEUZtDHfM1o+HQiU0y1mT3so5i7/XSHGHFpO":{"registrationId":1968343753,"currentRatchet":{"ephemeralKeyPair":{"pubKey":"BZ/ADCWlKJkCLfMfgKJHykTIkKhE8eon9FCJEP7mkhs9","privKey":"0P78XWTyKoTti94tSmrj1VXmOxTtgwf8um+YnlUBoEI="},"lastRemoteEphemeralKey":"BbsCiN8P/n02VfxE11BD+4ICbsczM8MHJRPUKqHa1WR/","previousCounter":0,"rootKey":"c1Wmt6uWTUZ1TXeRJpu4fHt4TpLqi3pqUMhNHrUiKKc="},"indexInfo":{"baseKey":"BWYVCQUsHEUZtDHfM1o+HQiU0y1mT3so5i7/XSHGHFpO","baseKeyType":1,"closed":-1,"used":1763718475219,"created":1763718475219,"remoteIdentityKey":"BdOid1wARUR9/fhRlYnS5b6E3epk1s8Kywe3AHtWfjZi"},"_chains":{"BZ/ADCWlKJkCLfMfgKJHykTIkKhE8eon9FCJEP7mkhs9":{"chainKey":{"counter":145,"key":"qLSxWY/73BK3/mZpi1ojTVWZ3sADPbtCa4FyneAbr4c="},"chainType":1,"messageKeys":{}}},"pendingPreKey":{"signedKeyId":2540301,"baseKey":"BWYVCQUsHEUZtDHfM1o+HQiU0y1mT3so5i7/XSHGHFpO","preKeyId":3065299}}},"version":"v1"}