{"_sessions":{"BSzknCA9iLbqiL9fqbcIoCM3x/MB5wP7nos/c+I6qoZm":{"registrationId":209093078,"currentRatchet":{"ephemeralKeyPair":{"pubKey":"BXuvaDiofJoDKqAfBbCYBQAvIpDs5k+5hsgSlBk6y2A/","privKey":"oMRsglHv4Mt4tfIzSnVs/mNK63cppRmfWK4jXRrvrkY="},"lastRemoteEphemeralKey":"BdL5aq/1d7hnFWqsLutQldlrUTliCsQrG66x0kF+hQV/","previousCounter":0,"rootKey":"D7OWzyzMbNyyuq1E1irdjvEzlKgK4cLut/IKirNwnxE="},"indexInfo":{"baseKey":"BSzknCA9iLbqiL9fqbcIoCM3x/MB5wP7nos/c+I6qoZm","baseKeyType":1,"closed":1763718473431,"used":1763718472230,"created":1763718472230,"remoteIdentityKey":"BX48mBjD8OFEKEfD1FIZZHn5vIO4xmtZAL/BXVj6MK1v"},"_chains":{"BXuvaDiofJoDKqAfBbCYBQAvIpDs5k+5hsgSlBk6y2A/":{"chainKey":{"counter":-1,"key":"N+BlvuFPXzPlDOKcSoRlZ4WoSGwkcTHLcbw+dCYewhg="},"chainType":1,"messageKeys":{}}},"pendingPreKey":{"signedKeyId":8,"baseKey":"BSzknCA9iLbqiL9fqbcIoCM3x/MB5wP7nos/c+I6qoZm","preKeyId":4742391}},"BXLpwziL8nlRqoKwC8yUKDrZn5TeAepfBv+9YrEZI6pw":{"registrationId":209093078,"currentRatchet":{"ephemeralKeyPair":{"pubKey":"BUNkGut0A38Pfo63phJeGjQDdrQMmG+2ODc7dmZHUFwa","privKey":"IBQbRAIl2DlQ5lCtgZY4W+1m7VqXfO0jfRAQ/+uaMkk="},"lastRemoteEphemeralKey":"BdL5aq/1d7hnFWqsLutQldlrUTliCsQrG66x0kF+hQV/","previousCounter":0,"rootKey":"gMKSS6plAkkt6u1+69823ZAQ38vY9D4eeGTkmfkZeqw="},"indexInfo":{"baseKey":"BXLpwziL8nlRqoKwC8yUKDrZn5TeAepfBv+9YrEZI6pw","baseKeyType":1,"closed":-1,"used":1763718473426,"created":1763718473426,"remoteIdentityKey":"BX48mBjD8OFEKEfD1FIZZHn5vIO4xmtZAL/BXVj6MK1v"},"_chains":{"BUNkGut0A38Pfo63phJeGjQDdrQMmG+2ODc7dmZHUFwa":{"chainKey":{"counter":145,"key":"Yz/cV1bd+UTgedgcqMOmmw1JelatAz21D7HZ6UqGuas="},"chainType":1,"messageKeys":{}}},"pendingPreKey":{"signedKeyId":8,"baseKey":"BXLpwziL8nlRqoKwC8yUKDrZn5TeAepfBv+9YrEZI6pw","preKeyId":4742491}}},"version":"v1"}