{"_sessions":{"BUPFlgLvFxr/EcTm90GcWLiea1WtQKuNYqMsC1kQcEVl":{"registrationId":1681016240,"currentRatchet":{"ephemeralKeyPair":{"pubKey":"BcGwUAU6E4A3qK9zPHamcff5/yeOitBRAycvblsefQhl","privKey":"yMAKVZm1zBpX4dVDIv8WfjX2dbt5OLWtEZ1uLE8JQXU="},"lastRemoteEphemeralKey":"BTgBgECUaw/7ZBxZ4Dn1x/RbZgJjnWOYofFTv9AAoiNu","previousCounter":0,"rootKey":"VKn7lAWpTPtGmpE3n/ZRTTsDU5grFoQRlBXHvG38SlM="},"indexInfo":{"baseKey":"BUPFlgLvFxr/EcTm90GcWLiea1WtQKuNYqMsC1kQcEVl","baseKeyType":1,"closed":1763718471534,"used":1763718470270,"created":1763718470270,"remoteIdentityKey":"BVA/wG1lvMiZ9Ebo6iLZkLQxfQ+WfihXZE/7qdSNjswr"},"_chains":{"BcGwUAU6E4A3qK9zPHamcff5/yeOitBRAycvblsefQhl":{"chainKey":{"counter":-1,"key":"p8exssJEjLim7994um1mi3eGADmM7PjlJvbGjrT0Fsc="},"chainType":1,"messageKeys":{}}},"pendingPreKey":{"signedKeyId":42,"baseKey":"BUPFlgLvFxr/EcTm90GcWLiea1WtQKuNYqMsC1kQcEVl","preKeyId":12847782}},"BfEsVdb1PsBsSltbxA32yfbJmNwXkgGtxh9A9UEVNZFl":{"registrationId":1681016240,"currentRatchet":{"ephemeralKeyPair":{"pubKey":"BdWkbj0M4JBoe3iBTzU009rhNyQeHkADltpQtWHYmQZF","privKey":"AN8DVSPe+c++R/Jm0GSbtigvpAF3p9OnanAjer11vkU="},"lastRemoteEphemeralKey":"BTgBgECUaw/7ZBxZ4Dn1x/RbZgJjnWOYofFTv9AAoiNu","previousCounter":0,"rootKey":"FoZUyvQji+qxaq3eurqIoZj3ekpQ+bkJbPDx5SiFB2c="},"indexInfo":{"baseKey":"BfEsVdb1PsBsSltbxA32yfbJmNwXkgGtxh9A9UEVNZFl","baseKeyType":1,"closed":-1,"used":1763718471531,"created":1763718471531,"remoteIdentityKey":"BVA/wG1lvMiZ9Ebo6iLZkLQxfQ+WfihXZE/7qdSNjswr"},"_chains":{"BdWkbj0M4JBoe3iBTzU009rhNyQeHkADltpQtWHYmQZF":{"chainKey":{"counter":145,"key":"SDEwm8ufSIXeF0JgwTRW7mr+y5EZGCEj4Kk2mKwCxgs="},"chainType":1,"messageKeys":{}}},"pendingPreKey":{"signedKeyId":42,"baseKey":"BfEsVdb1PsBsSltbxA32yfbJmNwXkgGtxh9A9UEVNZFl","preKeyId":12847682}}},"version":"v1"}