{"_sessions":{"BQWrn7KfJVaMjBJ/qcN6BRE5mTxYWHHof4pJlOQYJMZ4":{"registrationId":1647653266,"currentRatchet":{"ephemeralKeyPair":{"pubKey":"BZfUxyNULb1PSO3nfgpsLu7rLf7kutJGRH8Ts6c3vVd3","privKey":"mBNo90CWpNSPe+9BUsW3l7jPAV3S1wMrGVKdC4o/QH4="},"lastRemoteEphemeralKey":"BfJcizMPRni448izLQ/D8faZYDTgtIqZrePdb0ANAbF4","previousCounter":0,"rootKey":"21ly4pwcg64hH+qxqv3gVDyPNdBBm+S2/euMfRUbH+8="},"indexInfo":{"baseKey":"BQWrn7KfJVaMjBJ/qcN6BRE5mTxYWHHof4pJlOQYJMZ4","baseKeyType":1,"closed":1763718472464,"used":1763718471703,"created":1763718471703,"remoteIdentityKey":"BfahcncZZxM5NTXa0/6zniuqtelyCzYGZP8j4xU9qe9l"},"_chains":{"BZfUxyNULb1PSO3nfgpsLu7rLf7kutJGRH8Ts6c3vVd3":{"chainKey":{"counter":-1,"key":"oghyjMGDLS0wKFbiq6IuCdVtTgK4U9ySZ6fcRHqSBXY="},"chainType":1,"messageKeys":{}}},"pendingPreKey":{"signedKeyId":6261111,"baseKey":"BQWrn7KfJVaMjBJ/qcN6BRE5mTxYWHHof4pJlOQYJMZ4","preKeyId":3293261}},"BatkEx+PjDQOQYyT+qDAQGx1NBFObO9DS+8XgANEQgQM":{"registrationId":1647653266,"currentRatchet":{"ephemeralKeyPair":{"pubKey":"BQ3T7Yli4RTgEusO22lh2ITrs9yCXko+n+qNYFZSgh8p","privKey":"gC3e10paklC6la9udKyRyBs0eUGgCiG8+XITi102UkA="},"lastRemoteEphemeralKey":"BfJcizMPRni448izLQ/D8faZYDTgtIqZrePdb0ANAbF4","previousCounter":0,"rootKey":"pr8scX0bard8GnKI6+tykIBhXnvCQRUndGnGYJc4Q/I="},"indexInfo":{"baseKey":"BatkEx+PjDQOQYyT+qDAQGx1NBFObO9DS+8XgANEQgQM","baseKeyType":1,"closed":-1,"used":1763718472460,"created":1763718472460,"remoteIdentityKey":"BfahcncZZxM5NTXa0/6zniuqtelyCzYGZP8j4xU9qe9l"},"_chains":{"BQ3T7Yli4RTgEusO22lh2ITrs9yCXko+n+qNYFZSgh8p":{"chainKey":{"counter":145,"key":"L+RZXE+RrB3ee4n/Uu01h2JiPwbY4lXxtIAACleoxY8="},"chainType":1,"messageKeys":{}}},"pendingPreKey":{"signedKeyId":6261111,"baseKey":"BatkEx+PjDQOQYyT+qDAQGx1NBFObO9DS+8XgANEQgQM","preKeyId":3293579}}},"version":"v1"}