{"_sessions":{"BfOsIHGxS+KqbV65thOCtLRSS0aZ5NmjU76tUKA4wdoW":{"registrationId":762245049,"currentRatchet":{"ephemeralKeyPair":{"pubKey":"BR4vE/QHVzJ/Rg6il5saDLS4D1hnq77QmHDZYxkkXEJe","privKey":"MBRW97b0sFALKJOOFCaCOxwKVAuKE5Wlsy7lCOFQekY="},"lastRemoteEphemeralKey":"BfQHABaaQ+c7PovoZhQtYVLhwPWu8fA+Rd6FdN3cr5cL","previousCounter":0,"rootKey":"oT64dKmmr2Hze/bE36RtglXcqtNE/OvRNvkQBWIpO30="},"indexInfo":{"baseKey":"BfOsIHGxS+KqbV65thOCtLRSS0aZ5NmjU76tUKA4wdoW","baseKeyType":1,"closed":1763718476867,"used":1763718475963,"created":1763718475963,"remoteIdentityKey":"BeKRm/uXNLOqYx59dIl6vdLsqkZ6b3KaLdYlWmJ/C24s"},"_chains":{"BR4vE/QHVzJ/Rg6il5saDLS4D1hnq77QmHDZYxkkXEJe":{"chainKey":{"counter":-1,"key":"h7PyTvXrArxPY7v+uru6GhIaurq1++McfpSRV9J3Y0A="},"chainType":1,"messageKeys":{}}},"pendingPreKey":{"signedKeyId":4,"baseKey":"BfOsIHGxS+KqbV65thOCtLRSS0aZ5NmjU76tUKA4wdoW","preKeyId":329366}},"BbAhAHF8nGCXATI020eZIos/9UbYmMRw4ApdBYOI/QIc":{"registrationId":762245049,"currentRatchet":{"ephemeralKeyPair":{"pubKey":"BcUmwJKIRcDVtvOVhxDtbBJNYicx8bT51gIaurdTgMob","privKey":"oMNiyku1V+xnb5fWlgS2ZMxRyiTznUn1mqqkKZQ/D3Q="},"lastRemoteEphemeralKey":"BfQHABaaQ+c7PovoZhQtYVLhwPWu8fA+Rd6FdN3cr5cL","previousCounter":0,"rootKey":"QTjGpfi0nh4T4HbgtkFB0PXwW+uA7oFqjFAMO2UDO3g="},"indexInfo":{"baseKey":"BbAhAHF8nGCXATI020eZIos/9UbYmMRw4ApdBYOI/QIc","baseKeyType":1,"closed":-1,"used":1763718476864,"created":1763718476864,"remoteIdentityKey":"BeKRm/uXNLOqYx59dIl6vdLsqkZ6b3KaLdYlWmJ/C24s"},"_chains":{"BcUmwJKIRcDVtvOVhxDtbBJNYicx8bT51gIaurdTgMob":{"chainKey":{"counter":145,"key":"wFHOPB3wZ7+Z9I5CebKFszAWi6cKKBT5mdFzVp7NmA4="},"chainType":1,"messageKeys":{}}},"pendingPreKey":{"signedKeyId":4,"baseKey":"BbAhAHF8nGCXATI020eZIos/9UbYmMRw4ApdBYOI/QIc","preKeyId":329126}}},"version":"v1"}