{"_sessions":{"BY+5hxeNBnvyBWc5czICHvtQ1KxxmuEd0Z9Sf3VI5O8o":{"registrationId":909541132,"currentRatchet":{"ephemeralKeyPair":{"pubKey":"BTV8hegx1y/zS/XaSZH5O1Cs1F/ZloNlRIfH+QbbbHJo","privKey":"kHICouvJRO6wcC7VgI97ky96WuDu7m0MAAS/ZTnRj2I="},"lastRemoteEphemeralKey":"BW7HXrzIHO1UhwD5oNNmMrwqOUXVn4Y6n59n4OdBFVFs","previousCounter":0,"rootKey":"EBv+p6VYM2NazF1f0mONHzJVrlnDkmodR0nUQPOnUxA="},"indexInfo":{"baseKey":"BY+5hxeNBnvyBWc5czICHvtQ1KxxmuEd0Z9Sf3VI5O8o","baseKeyType":1,"closed":1763718470581,"used":1763718469701,"created":1763718469701,"remoteIdentityKey":"BW+pBd45KEAkI+O55hJvZogvqaj07eXXTJ5kk5XmNs9a"},"_chains":{"BTV8hegx1y/zS/XaSZH5O1Cs1F/ZloNlRIfH+QbbbHJo":{"chainKey":{"counter":-1,"key":"MywQx+Qhl9G5dAEAsQz4yBGGfuGg8Mstfpxrs3LvVSk="},"chainType":1,"messageKeys":{}}},"pendingPreKey":{"signedKeyId":2,"baseKey":"BY+5hxeNBnvyBWc5czICHvtQ1KxxmuEd0Z9Sf3VI5O8o","preKeyId":1421074}},"BX8nmwE7ijxwJonsfDpfMzgac8uWrxt022aTzlKlOPYU":{"registrationId":909541132,"currentRatchet":{"ephemeralKeyPair":{"pubKey":"Bcl6EERYWHOCiG1W29uzY9kkYXkRRq+EJlOcl0rDq3BV","privKey":"+D4coyg3VNBcXrLfVBKpMfiogqvXiUKm+ja7MM7Vy2Y="},"lastRemoteEphemeralKey":"BW7HXrzIHO1UhwD5oNNmMrwqOUXVn4Y6n59n4OdBFVFs","previousCounter":0,"rootKey":"4dLW79Mb2mHUCsn/1ukWtCdU8EtIAlo48UE24dq9Le4="},"indexInfo":{"baseKey":"BX8nmwE7ijxwJonsfDpfMzgac8uWrxt022aTzlKlOPYU","baseKeyType":1,"closed":-1,"used":1763718470576,"created":1763718470576,"remoteIdentityKey":"BW+pBd45KEAkI+O55hJvZogvqaj07eXXTJ5kk5XmNs9a"},"_chains":{"Bcl6EERYWHOCiG1W29uzY9kkYXkRRq+EJlOcl0rDq3BV":{"chainKey":{"counter":145,"key":"lfK7YmESTibwjmqaTLSebNYDfjpCNmKqTdCFXaoFcRs="},"chainType":1,"messageKeys":{}}},"pendingPreKey":{"signedKeyId":2,"baseKey":"BX8nmwE7ijxwJonsfDpfMzgac8uWrxt022aTzlKlOPYU","preKeyId":1420676}}},"version":"v1"}