{"_sessions":{"BfjI4/+LRjgQInZ68TdnCM2tBap7aqGDiR9ei3p7QVQ7":{"registrationId":1369314597,"currentRatchet":{"ephemeralKeyPair":{"pubKey":"BUxuhgua5Yf2GwxrENkdBikCJ0yh4/3hcRm/HLyU4ZNx","privKey":"wMrmKHZUYxxDBwyteXaZPAHruordKetaUiJ8NLa+Ong="},"lastRemoteEphemeralKey":"BQL3T189ikibbAuZ4d44HlbzKXaIq7M6kFBgu3aa+6Mp","previousCounter":0,"rootKey":"lZjSfHkpdyRVo7B9mJludHLUedrIV9PY7mGMNjbqe80="},"indexInfo":{"baseKey":"BfjI4/+LRjgQInZ68TdnCM2tBap7aqGDiR9ei3p7QVQ7","baseKeyType":1,"closed":1763718476978,"used":1763718476035,"created":1763718476035,"remoteIdentityKey":"BUunhgaR+2ZmvReEC1lmmUsVp5FecETtrC4raH6MpJR/"},"_chains":{"BUxuhgua5Yf2GwxrENkdBikCJ0yh4/3hcRm/HLyU4ZNx":{"chainKey":{"counter":-1,"key":"WoivLtqpPeAf5PGLOmyGBLb0KkY+YLQHXDlsUKn+APw="},"chainType":1,"messageKeys":{}}},"pendingPreKey":{"signedKeyId":11,"baseKey":"BfjI4/+LRjgQInZ68TdnCM2tBap7aqGDiR9ei3p7QVQ7","preKeyId":1776643}},"Bcf/Nr0wM7ozNnsdJl07W+vLSyBBFpXLFPEUVcKQ1mcd":{"registrationId":1369314597,"currentRatchet":{"ephemeralKeyPair":{"pubKey":"BZ8KlABV1vvtd1lZBHas3YDhEUEDSsVKf+tA/2CsXTxp","privKey":"qP8wCkkBVb9/xh/YRrNBzbM+eTYaRuHaePkJ5eGoR2k="},"lastRemoteEphemeralKey":"BQL3T189ikibbAuZ4d44HlbzKXaIq7M6kFBgu3aa+6Mp","previousCounter":0,"rootKey":"/VX43Yh0aCOyTDos2Hc1mNpTr8ltg3GOIxfLWNwgUMM="},"indexInfo":{"baseKey":"Bcf/Nr0wM7ozNnsdJl07W+vLSyBBFpXLFPEUVcKQ1mcd","baseKeyType":1,"closed":-1,"used":1763718476976,"created":1763718476976,"remoteIdentityKey":"BUunhgaR+2ZmvReEC1lmmUsVp5FecETtrC4raH6MpJR/"},"_chains":{"BZ8KlABV1vvtd1lZBHas3YDhEUEDSsVKf+tA/2CsXTxp":{"chainKey":{"counter":145,"key":"6qQva3Wku7w5XME2Nq5JlYJjQS7eAbhWaCoLWfosSN0="},"chainType":1,"messageKeys":{}}},"pendingPreKey":{"signedKeyId":11,"baseKey":"Bcf/Nr0wM7ozNnsdJl07W+vLSyBBFpXLFPEUVcKQ1mcd","preKeyId":1776633}}},"version":"v1"}