{"_sessions":{"BRFo5K/iYT7s6J4GCndNO7NUeFG2PYzWGUQJmhvb1Pl0":{"registrationId":1307281908,"currentRatchet":{"ephemeralKeyPair":{"pubKey":"BUhFLhxqPW3TCz7+aW663hPdXIJXF51zdvb6YXTvdTYp","privKey":"wBrmrf7cWXX8oLyootfBiJJW/37m/EI9kfx2E29Of38="},"lastRemoteEphemeralKey":"BZwC+hk9VRJ3UyZZq5YxmZ0h+uYGRwCBVNen5OaTja4y","previousCounter":0,"rootKey":"tmyMwLThS1mRr9E3F8M2D+ZCDwXM1ud5fGmM6NExlTo="},"indexInfo":{"baseKey":"BRFo5K/iYT7s6J4GCndNO7NUeFG2PYzWGUQJmhvb1Pl0","baseKeyType":1,"closed":1763718471163,"used":1763718470039,"created":1763718470039,"remoteIdentityKey":"BRPzAk9XwaxmfDemkwt2yB+2RhxXL9tod3hDgKbRvoh1"},"_chains":{"BUhFLhxqPW3TCz7+aW663hPdXIJXF51zdvb6YXTvdTYp":{"chainKey":{"counter":-1,"key":"riz1WccR9TkSYVVDMgyXS9LxI+NCRglPW/P8LFc1vZE="},"chainType":1,"messageKeys":{}}},"pendingPreKey":{"signedKeyId":74,"baseKey":"BRFo5K/iYT7s6J4GCndNO7NUeFG2PYzWGUQJmhvb1Pl0","preKeyId":9171018}},"BRfb8VCL+K9Axbi+5FmTu1coclhvn1IXMWn/7FzfOGsj":{"registrationId":1307281908,"currentRatchet":{"ephemeralKeyPair":{"pubKey":"BZPK7AjIfpveDniT/TUF35n5Skjhi76duFgmhgpY5tUU","privKey":"kI5rVP9D2A6CKbc4sxROaULxa7f4O3gdTy90yu4fOEc="},"lastRemoteEphemeralKey":"BZwC+hk9VRJ3UyZZq5YxmZ0h+uYGRwCBVNen5OaTja4y","previousCounter":0,"rootKey":"NKoYiY5BO0Ec9wfXxRcxwpV3+fYlSRtnj4BF9N6FKKA="},"indexInfo":{"baseKey":"BRfb8VCL+K9Axbi+5FmTu1coclhvn1IXMWn/7FzfOGsj","baseKeyType":1,"closed":-1,"used":1763718471159,"created":1763718471159,"remoteIdentityKey":"BRPzAk9XwaxmfDemkwt2yB+2RhxXL9tod3hDgKbRvoh1"},"_chains":{"BZPK7AjIfpveDniT/TUF35n5Skjhi76duFgmhgpY5tUU":{"chainKey":{"counter":145,"key":"Q/jQsm5yim0bVL3E8iDcw0NButFrIo7oU/j0ZCC+rzU="},"chainType":1,"messageKeys":{}}},"pendingPreKey":{"signedKeyId":74,"baseKey":"BRfb8VCL+K9Axbi+5FmTu1coclhvn1IXMWn/7FzfOGsj","preKeyId":9170460}}},"version":"v1"}