{"_sessions":{"BXMzAKmb5q23AW2ld+h3vndg0xGFF0xmC65IVSlIe0hE":{"registrationId":942835421,"currentRatchet":{"ephemeralKeyPair":{"pubKey":"BUDO6nsCZUKvcA45+4F996dM1igj/gCfGmYEYAFbD8tG","privKey":"oJJnYcUrqxsbJLaOf9rGNB9R3MeS+BPMiS1UxxnPBVg="},"lastRemoteEphemeralKey":"Bfzx/z6rYVhYE77fbrkQpso0GI/d5CT3ZNXKhnGfJXde","previousCounter":0,"rootKey":"ZZH1vupTBUJHNe7cIZgMSQXejM7ysk0kT0tDXp8b5w8="},"indexInfo":{"baseKey":"BXMzAKmb5q23AW2ld+h3vndg0xGFF0xmC65IVSlIe0hE","baseKeyType":1,"closed":1763718474518,"used":1763718473692,"created":1763718473692,"remoteIdentityKey":"BZFzaTfDWWjkwZIxl2FtMyU1yuc7Hkzc0b5bwWcgmhl8"},"_chains":{"BUDO6nsCZUKvcA45+4F996dM1igj/gCfGmYEYAFbD8tG":{"chainKey":{"counter":-1,"key":"CdxcDrwL8gxVXxOa06zzFdoqOE0wVnQcIryOcyBx+mU="},"chainType":1,"messageKeys":{}}},"pendingPreKey":{"signedKeyId":2623849,"baseKey":"BXMzAKmb5q23AW2ld+h3vndg0xGFF0xmC65IVSlIe0hE","preKeyId":11680628}},"BQQ7jaXJlA8b0MYSutolIbyiRr5KguxpX0DHYkBmmA4T":{"registrationId":942835421,"currentRatchet":{"ephemeralKeyPair":{"pubKey":"BaAG7gqgmsfCAvfUDUTVozCYSC3xznx0/fH0pELpmKQ5","privKey":"KK/DpVCXeglYGxYWYR+qjtMgDf67o+1jtbhPoXNDQHk="},"lastRemoteEphemeralKey":"Bfzx/z6rYVhYE77fbrkQpso0GI/d5CT3ZNXKhnGfJXde","previousCounter":0,"rootKey":"Oxq5HppbEsuXm68odzLX+3N7B8lUm6GMom1FvQnrRH8="},"indexInfo":{"baseKey":"BQQ7jaXJlA8b0MYSutolIbyiRr5KguxpX0DHYkBmmA4T","baseKeyType":1,"closed":-1,"used":1763718474515,"created":1763718474515,"remoteIdentityKey":"BZFzaTfDWWjkwZIxl2FtMyU1yuc7Hkzc0b5bwWcgmhl8"},"_chains":{"BaAG7gqgmsfCAvfUDUTVozCYSC3xznx0/fH0pELpmKQ5":{"chainKey":{"counter":145,"key":"pqRMB+DJ5ekbZeukAxW4JwCfaLkVwHj37sgvM9e/Ze4="},"chainType":1,"messageKeys":{}}},"pendingPreKey":{"signedKeyId":2623849,"baseKey":"BQQ7jaXJlA8b0MYSutolIbyiRr5KguxpX0DHYkBmmA4T","preKeyId":11680486}}},"version":"v1"}