{"_sessions":{"BVidhn7Tute4cxhuiTsys0RNt4X75KNpqyyWEZZuRjlh":{"registrationId":862609114,"currentRatchet":{"ephemeralKeyPair":{"pubKey":"BYPjJqvBkXaEX9GGdUA0BQWFGnSJ3C1zjSsKOQ5IKHpm","privKey":"oEmlgiWAEjeJG+hDx3MOMEbelLYj2fsmdrsGml8yqVs="},"lastRemoteEphemeralKey":"Bec5V825BwwqAIS/hdbN/6PvmoIo6fI1IUI7kZa6Z3sH","previousCounter":0,"rootKey":"Syezo0TazSRQEPDIM+3/kL5KV8R1LOcwT6nh0Rqc4pY="},"indexInfo":{"baseKey":"BVidhn7Tute4cxhuiTsys0RNt4X75KNpqyyWEZZuRjlh","baseKeyType":1,"closed":1763725590032,"used":1763725586521,"created":1763725586521,"remoteIdentityKey":"BfmC+7Gag69GsI40pNO/xFk8OlTeRjpjIatq78KWEFw4"},"_chains":{"BYPjJqvBkXaEX9GGdUA0BQWFGnSJ3C1zjSsKOQ5IKHpm":{"chainKey":{"counter":0,"key":"Dx6LHwsjzpN54EaHU+ib4p16ATlEIsgz2B9HTNjf3ec="},"chainType":1,"messageKeys":{}}},"pendingPreKey":{"signedKeyId":12162323,"baseKey":"BVidhn7Tute4cxhuiTsys0RNt4X75KNpqyyWEZZuRjlh"}},"BfMY+URWW/tEGcreMJYh26+RYrszQRwTZJN0Ga2VFsN3":{"registrationId":862609114,"currentRatchet":{"ephemeralKeyPair":{"pubKey":"BQognhGKYj74yNDYcZtUjo//brdkOntNFiPvzQmLeAoU","privKey":"yMii/aOp/X6IM+F+ZuP5GOl7IZ++eIu5xIJrcJBs7lc="},"lastRemoteEphemeralKey":"Bec5V825BwwqAIS/hdbN/6PvmoIo6fI1IUI7kZa6Z3sH","previousCounter":0,"rootKey":"aO8wtK/kVCkG19wpr1LqfgygRlp8Zy+pfl5xgp2JcJY="},"indexInfo":{"baseKey":"BfMY+URWW/tEGcreMJYh26+RYrszQRwTZJN0Ga2VFsN3","baseKeyType":1,"closed":1763726400005,"used":1763725590026,"created":1763725590026,"remoteIdentityKey":"BfmC+7Gag69GsI40pNO/xFk8OlTeRjpjIatq78KWEFw4"},"_chains":{"BQognhGKYj74yNDYcZtUjo//brdkOntNFiPvzQmLeAoU":{"chainKey":{"counter":0,"key":"zsYu8U8j5jaB0wumJOKX7LKArMZdFz9Oktu+DtmhZ40="},"chainType":1,"messageKeys":{}}},"pendingPreKey":{"signedKeyId":12162323,"baseKey":"BfMY+URWW/tEGcreMJYh26+RYrszQRwTZJN0Ga2VFsN3"}},"BQfjMpF/UrxgLTgDnVmoFlPCoL3CmprbL/4/56xa0SgH":{"registrationId":862609114,"currentRatchet":{"ephemeralKeyPair":{"pubKey":"BQ2JuKkC9qIbiu/fO+0HE3OBgrJqWq3pqVXLtVuypFJ+","privKey":"2H/dVyvAW+JOyiR/hQT047qND+tCyKWZBi1BhzEEPUs="},"lastRemoteEphemeralKey":"Bec5V825BwwqAIS/hdbN/6PvmoIo6fI1IUI7kZa6Z3sH","previousCounter":0,"rootKey":"usdH8LKGk/8z6oS8woLjrbyPXWqNaPhU/dgug37UgB4="},"indexInfo":{"baseKey":"BQfjMpF/UrxgLTgDnVmoFlPCoL3CmprbL/4/56xa0SgH","baseKeyType":1,"closed":1763726406583,"used":1763726399948,"created":1763726399948,"remoteIdentityKey":"BfmC+7Gag69GsI40pNO/xFk8OlTeRjpjIatq78KWEFw4"},"_chains":{"BQ2JuKkC9qIbiu/fO+0HE3OBgrJqWq3pqVXLtVuypFJ+":{"chainKey":{"counter":0,"key":"MT5qHi0LRg0iMbzJwG4hIHJI9e0mZodNmIkb+bPcVCY="},"chainType":1,"messageKeys":{}}},"pendingPreKey":{"signedKeyId":12162323,"baseKey":"BQfjMpF/UrxgLTgDnVmoFlPCoL3CmprbL/4/56xa0SgH"}},"BUUx3oOq8JjS95JP0NXI96f+ZwZYWuINhUBkFHlSv4hb":{"registrationId":862609114,"currentRatchet":{"ephemeralKeyPair":{"pubKey":"BTiWtyKMiYIjc3HJ7sfK9C9ardpvPyhUxaX1ITSz5Kt4","privKey":"cIaojac3fFD2bIwbCrxKjvE7BTS0Et+luQ4QnFxdhlY="},"lastRemoteEphemeralKey":"Bec5V825BwwqAIS/hdbN/6PvmoIo6fI1IUI7kZa6Z3sH","previousCounter":0,"rootKey":"LG3hZpCQPczvPjNmxxMwt+bngyeocrLRfrYbIM8T86U="},"indexInfo":{"baseKey":"BUUx3oOq8JjS95JP0NXI96f+ZwZYWuINhUBkFHlSv4hb","baseKeyType":1,"closed":1763726410509,"used":1763726406573,"created":1763726406573,"remoteIdentityKey":"BfmC+7Gag69GsI40pNO/xFk8OlTeRjpjIatq78KWEFw4"},"_chains":{"BTiWtyKMiYIjc3HJ7sfK9C9ardpvPyhUxaX1ITSz5Kt4":{"chainKey":{"counter":0,"key":"yx0VFCyQ0bhUrOOTj09H2TyoqyjpBeeWfbf/SlHIjOA="},"chainType":1,"messageKeys":{}}},"pendingPreKey":{"signedKeyId":12162323,"baseKey":"BUUx3oOq8JjS95JP0NXI96f+ZwZYWuINhUBkFHlSv4hb"}},"BdxYtJIOO6hArhrN6mxfpn4rpd1Rm+PxCrRdFnOqAkkH":{"registrationId":862609114,"currentRatchet":{"ephemeralKeyPair":{"pubKey":"BTIVnhNj+Jv5sjldFTd0cJzDQ/iuSvlQGNes/0jAK3to","privKey":"sKxvceam92/z6WaVnC0Pn2/krKqSDcObwQVvroVKCGo="},"lastRemoteEphemeralKey":"Bec5V825BwwqAIS/hdbN/6PvmoIo6fI1IUI7kZa6Z3sH","previousCounter":0,"rootKey":"716tOBF/Yjvqu9g3Q3bAEwychtnxfOHxs/cT4vNniu0="},"indexInfo":{"baseKey":"BdxYtJIOO6hArhrN6mxfpn4rpd1Rm+PxCrRdFnOqAkkH","baseKeyType":1,"closed":1763726414421,"used":1763726410503,"created":1763726410503,"remoteIdentityKey":"BfmC+7Gag69GsI40pNO/xFk8OlTeRjpjIatq78KWEFw4"},"_chains":{"BTIVnhNj+Jv5sjldFTd0cJzDQ/iuSvlQGNes/0jAK3to":{"chainKey":{"counter":0,"key":"MknUU8S7n7hA20idyoyzYcnk0n9p3UkQBeglpcfWWvQ="},"chainType":1,"messageKeys":{}}},"pendingPreKey":{"signedKeyId":12162323,"baseKey":"BdxYtJIOO6hArhrN6mxfpn4rpd1Rm+PxCrRdFnOqAkkH"}},"BSsKfJSe6dP76rf+zeiPPr27H1pM4qYBLlRe7DYzRBgX":{"registrationId":862609114,"currentRatchet":{"ephemeralKeyPair":{"pubKey":"BUOK6l6Mpiv8nKw+7hl/QdRrnp7ibmVW2GE01bE7tVJw","privKey":"KF5VQD7xBv+/T9rVuPVQ2k2zHR7Fjyj8ttSqKUjXPXI="},"lastRemoteEphemeralKey":"Bec5V825BwwqAIS/hdbN/6PvmoIo6fI1IUI7kZa6Z3sH","previousCounter":0,"rootKey":"QZoXGy+XqbI0uJug75+fTfkAzDWLZfgl0UJrRT24jtM="},"indexInfo":{"baseKey":"BSsKfJSe6dP76rf+zeiPPr27H1pM4qYBLlRe7DYzRBgX","baseKeyType":1,"closed":1763726419140,"used":1763726414417,"created":1763726414417,"remoteIdentityKey":"BfmC+7Gag69GsI40pNO/xFk8OlTeRjpjIatq78KWEFw4"},"_chains":{"BUOK6l6Mpiv8nKw+7hl/QdRrnp7ibmVW2GE01bE7tVJw":{"chainKey":{"counter":0,"key":"xFS/hDtIM2sjoPVfVzo/t77FZKtYOApmiN5ykXcE7MI="},"chainType":1,"messageKeys":{}}},"pendingPreKey":{"signedKeyId":12162323,"baseKey":"BSsKfJSe6dP76rf+zeiPPr27H1pM4qYBLlRe7DYzRBgX"}},"BX8PfM5RvNs3k8SgPB2ZgCxfjjygDFK3PAQtACynj0JA":{"registrationId":862609114,"currentRatchet":{"ephemeralKeyPair":{"pubKey":"BWACZ6ygAyEKOEn0f7pjsl9DRTU6thet1GOoHyqpl6R2","privKey":"kA/RAFZ7UkFhUNQksV7kqPXnXpjnjkvw08DqCiDJ0mE="},"lastRemoteEphemeralKey":"Bec5V825BwwqAIS/hdbN/6PvmoIo6fI1IUI7kZa6Z3sH","previousCounter":0,"rootKey":"nyPlK1ZPCZpULmdmVv/MmX6swFTiwyXJPcIlRs144Tk="},"indexInfo":{"baseKey":"BX8PfM5RvNs3k8SgPB2ZgCxfjjygDFK3PAQtACynj0JA","baseKeyType":1,"closed":1763726422937,"used":1763726419135,"created":1763726419135,"remoteIdentityKey":"BfmC+7Gag69GsI40pNO/xFk8OlTeRjpjIatq78KWEFw4"},"_chains":{"BWACZ6ygAyEKOEn0f7pjsl9DRTU6thet1GOoHyqpl6R2":{"chainKey":{"counter":0,"key":"031uxrCJZ78yHIwDz/euch6IN29KgXZF5bBGIh5L1nM="},"chainType":1,"messageKeys":{}}},"pendingPreKey":{"signedKeyId":12162323,"baseKey":"BX8PfM5RvNs3k8SgPB2ZgCxfjjygDFK3PAQtACynj0JA"}},"BSjLN6t6qzSrC+Or54X4XBVBEQ6fOD+S5Jnf3IMqWjwb":{"registrationId":862609114,"currentRatchet":{"ephemeralKeyPair":{"pubKey":"BTRlkiM81C3Rocp8z5voDf4dRrTnkpehKbemAKpElnJ8","privKey":"gBPKgngNyPZ34N7F6S/YFJ4o8Gdp0LnWkmJ40msW5kU="},"lastRemoteEphemeralKey":"Bec5V825BwwqAIS/hdbN/6PvmoIo6fI1IUI7kZa6Z3sH","previousCounter":0,"rootKey":"wYJrZO7w7KwwYfucPUXn42YBKM05g+Y4/Ccen0GDjVw="},"indexInfo":{"baseKey":"BSjLN6t6qzSrC+Or54X4XBVBEQ6fOD+S5Jnf3IMqWjwb","baseKeyType":1,"closed":1763726426385,"used":1763726422927,"created":1763726422927,"remoteIdentityKey":"BfmC+7Gag69GsI40pNO/xFk8OlTeRjpjIatq78KWEFw4"},"_chains":{"BTRlkiM81C3Rocp8z5voDf4dRrTnkpehKbemAKpElnJ8":{"chainKey":{"counter":0,"key":"GFZOow6s9kIvicMyBd/QYcJ0k26J+HAUT7OcZaKH9i4="},"chainType":1,"messageKeys":{}}},"pendingPreKey":{"signedKeyId":12162323,"baseKey":"BSjLN6t6qzSrC+Or54X4XBVBEQ6fOD+S5Jnf3IMqWjwb"}},"BcsqQjQNdKGUXimw7CAiWUwkOnGBATmWCNIFRurcVlIm":{"registrationId":862609114,"currentRatchet":{"ephemeralKeyPair":{"pubKey":"BbRnAYyJbNLDFmanSRRfRp1Nf7365V+xi3Bu1XJWmskI","privKey":"QMaRkC8dKcE2VZuWdP2Zy8hK+6PSCX5oDi+ILBIZiWE="},"lastRemoteEphemeralKey":"Bec5V825BwwqAIS/hdbN/6PvmoIo6fI1IUI7kZa6Z3sH","previousCounter":0,"rootKey":"GWvVwacGWWcIRkTlOJLLPrMLu8cXrOFCas7wEdX3qQ8="},"indexInfo":{"baseKey":"BcsqQjQNdKGUXimw7CAiWUwkOnGBATmWCNIFRurcVlIm","baseKeyType":1,"closed":1763726430377,"used":1763726426382,"created":1763726426382,"remoteIdentityKey":"BfmC+7Gag69GsI40pNO/xFk8OlTeRjpjIatq78KWEFw4"},"_chains":{"BbRnAYyJbNLDFmanSRRfRp1Nf7365V+xi3Bu1XJWmskI":{"chainKey":{"counter":0,"key":"8lXt7okLhe2Tz1ruCwezuGJVuq7N6A29cunoxDyBL3o="},"chainType":1,"messageKeys":{}}},"pendingPreKey":{"signedKeyId":12162323,"baseKey":"BcsqQjQNdKGUXimw7CAiWUwkOnGBATmWCNIFRurcVlIm"}},"BZkEAP0a1k3NXfQJh+UTjPIyrAgLsiarx0OBfZVd0+Ui":{"registrationId":862609114,"currentRatchet":{"ephemeralKeyPair":{"pubKey":"BSzMJEhVnyUm7BCCvslAsTPyyGurmrvRZqX+WQUIwI1u","privKey":"+MnzCm67oMJNNRnBKY8MOPLdAQSIOJShAKBllzoGbkE="},"lastRemoteEphemeralKey":"Bec5V825BwwqAIS/hdbN/6PvmoIo6fI1IUI7kZa6Z3sH","previousCounter":0,"rootKey":"Yt5XIhLPRne9Sl3gSl91zaHK/GSO95gf66xzgjG0P/I="},"indexInfo":{"baseKey":"BZkEAP0a1k3NXfQJh+UTjPIyrAgLsiarx0OBfZVd0+Ui","baseKeyType":1,"closed":1763726434591,"used":1763726430372,"created":1763726430372,"remoteIdentityKey":"BfmC+7Gag69GsI40pNO/xFk8OlTeRjpjIatq78KWEFw4"},"_chains":{"BSzMJEhVnyUm7BCCvslAsTPyyGurmrvRZqX+WQUIwI1u":{"chainKey":{"counter":0,"key":"nn+TfDeX7vm+85/bbSylLe4lXldYeO02Iov1W1wBipk="},"chainType":1,"messageKeys":{}}},"pendingPreKey":{"signedKeyId":12162323,"baseKey":"BZkEAP0a1k3NXfQJh+UTjPIyrAgLsiarx0OBfZVd0+Ui"}},"BSbQRncSmFSWvT+YXIgoH7xKT7vM2ut2m2G8hiui4N80":{"registrationId":862609114,"currentRatchet":{"ephemeralKeyPair":{"pubKey":"BUF+obeXgyY+/nS6sRClmO92/uEpakI8D3tX/cYNqC9P","privKey":"MHi85CVwRigIoC9TKhrrT1i06czEA5m143zI2X1jk1E="},"lastRemoteEphemeralKey":"Bec5V825BwwqAIS/hdbN/6PvmoIo6fI1IUI7kZa6Z3sH","previousCounter":0,"rootKey":"FrFSbbIk2pdDynrpsoeo4lis+u0W+LTcu+4ZOi9Cwfk="},"indexInfo":{"baseKey":"BSbQRncSmFSWvT+YXIgoH7xKT7vM2ut2m2G8hiui4N80","baseKeyType":1,"closed":1763726438792,"used":1763726434587,"created":1763726434587,"remoteIdentityKey":"BfmC+7Gag69GsI40pNO/xFk8OlTeRjpjIatq78KWEFw4"},"_chains":{"BUF+obeXgyY+/nS6sRClmO92/uEpakI8D3tX/cYNqC9P":{"chainKey":{"counter":0,"key":"4jAbRDD766zax97RyXmQi+YFD3r4nQMykRDteTfoJZk="},"chainType":1,"messageKeys":{}}},"pendingPreKey":{"signedKeyId":12162323,"baseKey":"BSbQRncSmFSWvT+YXIgoH7xKT7vM2ut2m2G8hiui4N80"}},"BdUWMj8NRiLwKJPKDjuOE88V0BO2p4A6nHBMK0sdvU8y":{"registrationId":862609114,"currentRatchet":{"ephemeralKeyPair":{"pubKey":"BcCufeN/iSZfdmqxV+OjjeeHMyHdIRkQjcRk8808+ONS","privKey":"4CwszvPLIPBJemmQXbQURJgaXwQkGqPxrkW7AswYrHk="},"lastRemoteEphemeralKey":"Bec5V825BwwqAIS/hdbN/6PvmoIo6fI1IUI7kZa6Z3sH","previousCounter":0,"rootKey":"MOT2nZdU+Em/aCf8rF6dYixb+19JxLQk68wkVJhEnkA="},"indexInfo":{"baseKey":"BdUWMj8NRiLwKJPKDjuOE88V0BO2p4A6nHBMK0sdvU8y","baseKeyType":1,"closed":1763728016213,"used":1763726438783,"created":1763726438783,"remoteIdentityKey":"BfmC+7Gag69GsI40pNO/xFk8OlTeRjpjIatq78KWEFw4"},"_chains":{"BcCufeN/iSZfdmqxV+OjjeeHMyHdIRkQjcRk8808+ONS":{"chainKey":{"counter":0,"key":"wZ+K42SQTHj+bmXGt7MPFqXGvJDgXaV5ZXEsODkLQEc="},"chainType":1,"messageKeys":{}}},"pendingPreKey":{"signedKeyId":12162323,"baseKey":"BdUWMj8NRiLwKJPKDjuOE88V0BO2p4A6nHBMK0sdvU8y"}},"BU1exkO2GpROjbc8/nE7VKMCttgyPGLxr1jX7tcYWqFU":{"registrationId":862609114,"currentRatchet":{"ephemeralKeyPair":{"pubKey":"BcDsEA2v26D3D83k72HRqleXC60eDM6/QDTpu5Lhw812","privKey":"GM0tCqgv2eP3qQdy0Fffu0uh/1zM3MEMzkDnF2JbeWc="},"lastRemoteEphemeralKey":"Bec5V825BwwqAIS/hdbN/6PvmoIo6fI1IUI7kZa6Z3sH","previousCounter":0,"rootKey":"5bDuqXFSZqjNcOK7r9QJexE5I0a9sf0ekj7nvJhrJrM="},"indexInfo":{"baseKey":"BU1exkO2GpROjbc8/nE7VKMCttgyPGLxr1jX7tcYWqFU","baseKeyType":1,"closed":1763728024908,"used":1763728016163,"created":1763728016163,"remoteIdentityKey":"BfmC+7Gag69GsI40pNO/xFk8OlTeRjpjIatq78KWEFw4"},"_chains":{"BcDsEA2v26D3D83k72HRqleXC60eDM6/QDTpu5Lhw812":{"chainKey":{"counter":0,"key":"MF/7NDX6kymOtAxHknZi56sKptCW8Y62ppwuy5bQmLI="},"chainType":1,"messageKeys":{}}},"pendingPreKey":{"signedKeyId":12162323,"baseKey":"BU1exkO2GpROjbc8/nE7VKMCttgyPGLxr1jX7tcYWqFU"}},"BQB+ttVGsTjUA6ESrbykbRlScPognMkrnKx2jzUrA8M1":{"registrationId":862609114,"currentRatchet":{"ephemeralKeyPair":{"pubKey":"Bfi3eWcucsWSzYoWfd47ivIJ5ECjLVjUSjiAywuDsH1I","privKey":"IJX3O/v4BLPXOfq3z1iK+ivjfxR6Z4QFBoxe/Bi9EGs="},"lastRemoteEphemeralKey":"Bec5V825BwwqAIS/hdbN/6PvmoIo6fI1IUI7kZa6Z3sH","previousCounter":0,"rootKey":"CIPSZYUmFpTG9NuuHugTWANMa2sa7Zfp42D9l2WtSMs="},"indexInfo":{"baseKey":"BQB+ttVGsTjUA6ESrbykbRlScPognMkrnKx2jzUrA8M1","baseKeyType":1,"closed":1763728029697,"used":1763728024897,"created":1763728024897,"remoteIdentityKey":"BfmC+7Gag69GsI40pNO/xFk8OlTeRjpjIatq78KWEFw4"},"_chains":{"Bfi3eWcucsWSzYoWfd47ivIJ5ECjLVjUSjiAywuDsH1I":{"chainKey":{"counter":0,"key":"JU/8zDDmvktZe28IYnsPiSUPY+qGTjfxavCrbaTUdmw="},"chainType":1,"messageKeys":{}}},"pendingPreKey":{"signedKeyId":12162323,"baseKey":"BQB+ttVGsTjUA6ESrbykbRlScPognMkrnKx2jzUrA8M1"}},"BalkPZyFxOENoZwercCMzSRDR3syubsG87e6KMtiau0q":{"registrationId":862609114,"currentRatchet":{"ephemeralKeyPair":{"pubKey":"BUPoeWuyWr/nZyhPmR32ItTHnqn78GyiLULm+Gzu7vBy","privKey":"iA3tQPkz4gx9Z6+K7BcgASKy973OUh7zgPyDxruU518="},"lastRemoteEphemeralKey":"Bec5V825BwwqAIS/hdbN/6PvmoIo6fI1IUI7kZa6Z3sH","previousCounter":0,"rootKey":"WZAdnzYoLuLGeyAHhmHXPRk2AhNeKMSm7gUQ0F8+Oh4="},"indexInfo":{"baseKey":"BalkPZyFxOENoZwercCMzSRDR3syubsG87e6KMtiau0q","baseKeyType":1,"closed":1763728034573,"used":1763728029686,"created":1763728029686,"remoteIdentityKey":"BfmC+7Gag69GsI40pNO/xFk8OlTeRjpjIatq78KWEFw4"},"_chains":{"BUPoeWuyWr/nZyhPmR32ItTHnqn78GyiLULm+Gzu7vBy":{"chainKey":{"counter":0,"key":"ZEkWyg70lbws24iL/Bc+gyVre7PQApwbMSv6Hf1P9lA="},"chainType":1,"messageKeys":{}}},"pendingPreKey":{"signedKeyId":12162323,"baseKey":"BalkPZyFxOENoZwercCMzSRDR3syubsG87e6KMtiau0q"}},"BWsw1ai+BTdJYG8BAV9qh+SlqWvWc6zLY8q2OEL1yyVy":{"registrationId":862609114,"currentRatchet":{"ephemeralKeyPair":{"pubKey":"BRomeHziPbLZthnDuOxDVBq6f8kngauy/NO5Fe3KqqZ2","privKey":"cMzDorsSKYneShSSKZdJvZQ5tRJYAuS0wmVnW0arNk0="},"lastRemoteEphemeralKey":"Bec5V825BwwqAIS/hdbN/6PvmoIo6fI1IUI7kZa6Z3sH","previousCounter":0,"rootKey":"IAh/RkiF2U3jVOtHtnJ8vI2v0HtPTg/im0lH+L0qHsk="},"indexInfo":{"baseKey":"BWsw1ai+BTdJYG8BAV9qh+SlqWvWc6zLY8q2OEL1yyVy","baseKeyType":1,"closed":1763728039393,"used":1763728034568,"created":1763728034568,"remoteIdentityKey":"BfmC+7Gag69GsI40pNO/xFk8OlTeRjpjIatq78KWEFw4"},"_chains":{"BRomeHziPbLZthnDuOxDVBq6f8kngauy/NO5Fe3KqqZ2":{"chainKey":{"counter":0,"key":"3mRO6xxBhKxDVZTX6OBVeW/6PK0CH4Lit3daOutfkQY="},"chainType":1,"messageKeys":{}}},"pendingPreKey":{"signedKeyId":12162323,"baseKey":"BWsw1ai+BTdJYG8BAV9qh+SlqWvWc6zLY8q2OEL1yyVy"}},"BQtnVa59oViqoT5OJgBFv0bKCGbyq5sLnqh7rX6UsakO":{"registrationId":862609114,"currentRatchet":{"ephemeralKeyPair":{"pubKey":"BaN3kMnqH4PGp8CWnJ9QbEfowsJoMdkn8mVwTdePBiwa","privKey":"aDvvORamFWrfUR6qz8sknaoB5mF6YP6sK5CkpASK6Uk="},"lastRemoteEphemeralKey":"Bec5V825BwwqAIS/hdbN/6PvmoIo6fI1IUI7kZa6Z3sH","previousCounter":0,"rootKey":"0XNzn2DcpOdQHSUzOt1uuwGDU2iHNII5Kt9tjkmdFEs="},"indexInfo":{"baseKey":"BQtnVa59oViqoT5OJgBFv0bKCGbyq5sLnqh7rX6UsakO","baseKeyType":1,"closed":1763728044194,"used":1763728039384,"created":1763728039384,"remoteIdentityKey":"BfmC+7Gag69GsI40pNO/xFk8OlTeRjpjIatq78KWEFw4"},"_chains":{"BaN3kMnqH4PGp8CWnJ9QbEfowsJoMdkn8mVwTdePBiwa":{"chainKey":{"counter":0,"key":"H8g6vKVmVB6Gkok0RH+D/vbLigzVwtdzjShcxwXAw08="},"chainType":1,"messageKeys":{}}},"pendingPreKey":{"signedKeyId":12162323,"baseKey":"BQtnVa59oViqoT5OJgBFv0bKCGbyq5sLnqh7rX6UsakO"}},"BQ1IPKHw+INvZ/E4L7q3khj5w1htWrakN2sym1VQKq9j":{"registrationId":862609114,"currentRatchet":{"ephemeralKeyPair":{"pubKey":"BRyJ8fibtom8mQpuU5VodXO/4sr+iWPclM/bdMie6t4z","privKey":"WNuHTnDbcO3mN+4QncBT6hi82UZ+yCleKFUF90+hRFI="},"lastRemoteEphemeralKey":"Bec5V825BwwqAIS/hdbN/6PvmoIo6fI1IUI7kZa6Z3sH","previousCounter":0,"rootKey":"xkBtRIo+FdXb1mvALWYmZ70VEomy79N4WU+a1DhnEYw="},"indexInfo":{"baseKey":"BQ1IPKHw+INvZ/E4L7q3khj5w1htWrakN2sym1VQKq9j","baseKeyType":1,"closed":1763728049213,"used":1763728044190,"created":1763728044190,"remoteIdentityKey":"BfmC+7Gag69GsI40pNO/xFk8OlTeRjpjIatq78KWEFw4"},"_chains":{"BRyJ8fibtom8mQpuU5VodXO/4sr+iWPclM/bdMie6t4z":{"chainKey":{"counter":0,"key":"Tfknt/stLWCi/R7S84BSh+uqDGYv4lHV9Me9siEpzSI="},"chainType":1,"messageKeys":{}}},"pendingPreKey":{"signedKeyId":12162323,"baseKey":"BQ1IPKHw+INvZ/E4L7q3khj5w1htWrakN2sym1VQKq9j"}},"BVmEF7iVVYpzwUthoyi/RdzQSgonciTJKidTKx97qEAk":{"registrationId":862609114,"currentRatchet":{"ephemeralKeyPair":{"pubKey":"BfrufzQVjNCkQD01lcNCKm7HINgtUnIxbPZ4pzETB2ZS","privKey":"qBOIV+m2fd+SVrHreekbroCaQNWXqmXbOVYWtJe5am4="},"lastRemoteEphemeralKey":"Bec5V825BwwqAIS/hdbN/6PvmoIo6fI1IUI7kZa6Z3sH","previousCounter":0,"rootKey":"FDOCNfRD9KCWQeiOegJqM8Qrn0iPOL1foXXJ1yMNA2w="},"indexInfo":{"baseKey":"BVmEF7iVVYpzwUthoyi/RdzQSgonciTJKidTKx97qEAk","baseKeyType":1,"closed":1763728055746,"used":1763728049208,"created":1763728049208,"remoteIdentityKey":"BfmC+7Gag69GsI40pNO/xFk8OlTeRjpjIatq78KWEFw4"},"_chains":{"BfrufzQVjNCkQD01lcNCKm7HINgtUnIxbPZ4pzETB2ZS":{"chainKey":{"counter":0,"key":"4f/knl01yEVFBYCess92H/MBiJNXZDWMpxkBQCYgc80="},"chainType":1,"messageKeys":{}}},"pendingPreKey":{"signedKeyId":12162323,"baseKey":"BVmEF7iVVYpzwUthoyi/RdzQSgonciTJKidTKx97qEAk"}},"BWYgZAh+Hcao/V4CIjcRu6RQI9QwZfb5iQzgKV7mlXli":{"registrationId":862609114,"currentRatchet":{"ephemeralKeyPair":{"pubKey":"BfsWtRT2kpSsTVDTuLtuUfjUc6+IT8XGgR7Po21eFwpz","privKey":"OGtNpAv4XQjnxqfr/ISfX9lgib9TbMFyqawyRmueQkk="},"lastRemoteEphemeralKey":"Bec5V825BwwqAIS/hdbN/6PvmoIo6fI1IUI7kZa6Z3sH","previousCounter":0,"rootKey":"WyxAkh8v39cUbKEG/iW2YMnNdLsvQEy6fqiu2j2Iql8="},"indexInfo":{"baseKey":"BWYgZAh+Hcao/V4CIjcRu6RQI9QwZfb5iQzgKV7mlXli","baseKeyType":1,"closed":1763728060388,"used":1763728055732,"created":1763728055732,"remoteIdentityKey":"BfmC+7Gag69GsI40pNO/xFk8OlTeRjpjIatq78KWEFw4"},"_chains":{"BfsWtRT2kpSsTVDTuLtuUfjUc6+IT8XGgR7Po21eFwpz":{"chainKey":{"counter":0,"key":"p6om/xfXrsRNNdO1CWwAT1XWrYcrgccQklAas3RWxd0="},"chainType":1,"messageKeys":{}}},"pendingPreKey":{"signedKeyId":12162323,"baseKey":"BWYgZAh+Hcao/V4CIjcRu6RQI9QwZfb5iQzgKV7mlXli"}},"Bf6QGytqRFd5gOhD0qPs2OP6ArOZg1TY1IZg6AyWciUH":{"registrationId":862609114,"currentRatchet":{"ephemeralKeyPair":{"pubKey":"BdX4/Cg6NTVyN+MAHrtEUuTmP07uuQzjK9UMKeNpJbxR","privKey":"mP2jrMNio1FOFihpDS3zYrWSnKm2qHt9ybkN7ABEC3Q="},"lastRemoteEphemeralKey":"Bec5V825BwwqAIS/hdbN/6PvmoIo6fI1IUI7kZa6Z3sH","previousCounter":0,"rootKey":"6fbP/9iUrXsJV2MvphivWTMvrRnxVBsZ41ecJtT1ycw="},"indexInfo":{"baseKey":"Bf6QGytqRFd5gOhD0qPs2OP6ArOZg1TY1IZg6AyWciUH","baseKeyType":1,"closed":1763728065995,"used":1763728060383,"created":1763728060383,"remoteIdentityKey":"BfmC+7Gag69GsI40pNO/xFk8OlTeRjpjIatq78KWEFw4"},"_chains":{"BdX4/Cg6NTVyN+MAHrtEUuTmP07uuQzjK9UMKeNpJbxR":{"chainKey":{"counter":0,"key":"fNWM5wVCJK8VxjNFeiALhNMQiAWbSrZPWWlPbYm3kqI="},"chainType":1,"messageKeys":{}}},"pendingPreKey":{"signedKeyId":12162323,"baseKey":"Bf6QGytqRFd5gOhD0qPs2OP6ArOZg1TY1IZg6AyWciUH"}},"BRiV2lz4H5vLEuW63Twy1QQiNhG2J6AKj9qNEp7/9S8b":{"registrationId":862609114,"currentRatchet":{"ephemeralKeyPair":{"pubKey":"BSW/+uuyak3gV1pJSnZDJ/1w74WEe3vyWhnOHMvoepxG","privKey":"QOu6HO734QQgdDMD+19/QI7YIAyF/KABo/GmpqdegGY="},"lastRemoteEphemeralKey":"Bec5V825BwwqAIS/hdbN/6PvmoIo6fI1IUI7kZa6Z3sH","previousCounter":0,"rootKey":"g2e+DADWSVoaFkNhHAdo2g89ZBtCW3gf5wTKfoUQyk4="},"indexInfo":{"baseKey":"BRiV2lz4H5vLEuW63Twy1QQiNhG2J6AKj9qNEp7/9S8b","baseKeyType":1,"closed":1763728070310,"used":1763728065991,"created":1763728065991,"remoteIdentityKey":"BfmC+7Gag69GsI40pNO/xFk8OlTeRjpjIatq78KWEFw4"},"_chains":{"BSW/+uuyak3gV1pJSnZDJ/1w74WEe3vyWhnOHMvoepxG":{"chainKey":{"counter":0,"key":"i/4hpdzLbEw9xCtQdF++0r0b6pp8qrmfEgD70MMASsc="},"chainType":1,"messageKeys":{}}},"pendingPreKey":{"signedKeyId":12162323,"baseKey":"BRiV2lz4H5vLEuW63Twy1QQiNhG2J6AKj9qNEp7/9S8b"}},"BeTso3TOENiJz299ZeKjZMgbt1v662MURKAaxeEUyXEK":{"registrationId":862609114,"currentRatchet":{"ephemeralKeyPair":{"pubKey":"BblHTUYcBihivwIEf4kL87UoPHKsMsmOD9CAJnJttTR1","privKey":"WPdQQcRDc7hNs50NmqzXRtgi6+94W8W/bNICDSzezEU="},"lastRemoteEphemeralKey":"Bec5V825BwwqAIS/hdbN/6PvmoIo6fI1IUI7kZa6Z3sH","previousCounter":0,"rootKey":"v9Kk2/TVUDddb5Wc1GQg9TgaOO4BjHwxseCFosFex4U="},"indexInfo":{"baseKey":"BeTso3TOENiJz299ZeKjZMgbt1v662MURKAaxeEUyXEK","baseKeyType":1,"closed":1763728074679,"used":1763728070307,"created":1763728070307,"remoteIdentityKey":"BfmC+7Gag69GsI40pNO/xFk8OlTeRjpjIatq78KWEFw4"},"_chains":{"BblHTUYcBihivwIEf4kL87UoPHKsMsmOD9CAJnJttTR1":{"chainKey":{"counter":0,"key":"qx6h4NBqVwJMxD4Yl58vkXXJ7h/IZMjRdExCVa9yYm8="},"chainType":1,"messageKeys":{}}},"pendingPreKey":{"signedKeyId":12162323,"baseKey":"BeTso3TOENiJz299ZeKjZMgbt1v662MURKAaxeEUyXEK"}},"BUTVNeUaIOBRu+Le6eZKl1B+7bLCKQ+JKd0TWt4DA+NY":{"registrationId":862609114,"currentRatchet":{"ephemeralKeyPair":{"pubKey":"BVWnXsScyW3I1ApKUBISGsy0V8POFoWcNpifWSnI6X0O","privKey":"qNSrC2Y1ELjV/6YAD9pVTLpTVqdvDolVpg0KhynTCG8="},"lastRemoteEphemeralKey":"Bec5V825BwwqAIS/hdbN/6PvmoIo6fI1IUI7kZa6Z3sH","previousCounter":0,"rootKey":"kLMei6pTmA87LdHbYp7GotNuRRVlpx9gUttdXlG92GE="},"indexInfo":{"baseKey":"BUTVNeUaIOBRu+Le6eZKl1B+7bLCKQ+JKd0TWt4DA+NY","baseKeyType":1,"closed":1763728079366,"used":1763728074665,"created":1763728074665,"remoteIdentityKey":"BfmC+7Gag69GsI40pNO/xFk8OlTeRjpjIatq78KWEFw4"},"_chains":{"BVWnXsScyW3I1ApKUBISGsy0V8POFoWcNpifWSnI6X0O":{"chainKey":{"counter":0,"key":"nVRi8esaxJXD9g1m2jbheZU98cvPm4MbQa/EEBQwnp8="},"chainType":1,"messageKeys":{}}},"pendingPreKey":{"signedKeyId":12162323,"baseKey":"BUTVNeUaIOBRu+Le6eZKl1B+7bLCKQ+JKd0TWt4DA+NY"}},"BeCr6OAOcTZK6X4TGtFkW0n1JxpnWOr3pkgEz+PKAFM0":{"registrationId":862609114,"currentRatchet":{"ephemeralKeyPair":{"pubKey":"BcPe38Q005W67reatb7XYcgcIc1uPF6KwapFQxCXqgM9","privKey":"kM35tp317aiao1GTpB7HB/Rv/DQ+9sbM3FC0exZAz2Q="},"lastRemoteEphemeralKey":"Bec5V825BwwqAIS/hdbN/6PvmoIo6fI1IUI7kZa6Z3sH","previousCounter":0,"rootKey":"+DiZHj0HllCFJKJcHl13xBvUvInSXDyTupXq0Y6jAVs="},"indexInfo":{"baseKey":"BeCr6OAOcTZK6X4TGtFkW0n1JxpnWOr3pkgEz+PKAFM0","baseKeyType":1,"closed":1763728084256,"used":1763728079357,"created":1763728079357,"remoteIdentityKey":"BfmC+7Gag69GsI40pNO/xFk8OlTeRjpjIatq78KWEFw4"},"_chains":{"BcPe38Q005W67reatb7XYcgcIc1uPF6KwapFQxCXqgM9":{"chainKey":{"counter":0,"key":"p/UUpc0lEKMItzR59WMbwnvUO/cIzPxPpKYMAT53Dbw="},"chainType":1,"messageKeys":{}}},"pendingPreKey":{"signedKeyId":12162323,"baseKey":"BeCr6OAOcTZK6X4TGtFkW0n1JxpnWOr3pkgEz+PKAFM0"}},"BV2e4mWwrjbCoAaIxg07QpwSlqb1gppoOuS+wCV52+lg":{"registrationId":862609114,"currentRatchet":{"ephemeralKeyPair":{"pubKey":"BbqYSn8MagJolRolmNN5r0ES/hmpjZ+YXk+NYMgTJGNs","privKey":"0BdPWMCfqcHJMyMTRoZVgo9/z3HYHDBwIV6tdO+B614="},"lastRemoteEphemeralKey":"Bec5V825BwwqAIS/hdbN/6PvmoIo6fI1IUI7kZa6Z3sH","previousCounter":0,"rootKey":"FTMsBCkBKkieh1TP3HVVke3wjgVyEUmk7aFhQLukQV0="},"indexInfo":{"baseKey":"BV2e4mWwrjbCoAaIxg07QpwSlqb1gppoOuS+wCV52+lg","baseKeyType":1,"closed":1763728088899,"used":1763728084249,"created":1763728084249,"remoteIdentityKey":"BfmC+7Gag69GsI40pNO/xFk8OlTeRjpjIatq78KWEFw4"},"_chains":{"BbqYSn8MagJolRolmNN5r0ES/hmpjZ+YXk+NYMgTJGNs":{"chainKey":{"counter":0,"key":"pGXsI+b3/ng5sLkTgkcJ1mTHn7XbB79PQn/udHvZL1Q="},"chainType":1,"messageKeys":{}}},"pendingPreKey":{"signedKeyId":12162323,"baseKey":"BV2e4mWwrjbCoAaIxg07QpwSlqb1gppoOuS+wCV52+lg"}},"BZXqfGnvExt0EnoJbgmEgsTnrEHUdIaxWUDKniS33IFY":{"registrationId":862609114,"currentRatchet":{"ephemeralKeyPair":{"pubKey":"BU8u0ro9qh84xWpzWGx6OQcS3+KXZAO3nkQXsNkhN6kS","privKey":"aGhmt7AKj1xqxjBdgTo8VfjZHhJso+jKlObAOadBmUQ="},"lastRemoteEphemeralKey":"Bec5V825BwwqAIS/hdbN/6PvmoIo6fI1IUI7kZa6Z3sH","previousCounter":0,"rootKey":"dih4C6igq2Cm1fDtC3d3L40XZBGWl/Z41B0UifJyteQ="},"indexInfo":{"baseKey":"BZXqfGnvExt0EnoJbgmEgsTnrEHUdIaxWUDKniS33IFY","baseKeyType":1,"closed":1763728093430,"used":1763728088895,"created":1763728088895,"remoteIdentityKey":"BfmC+7Gag69GsI40pNO/xFk8OlTeRjpjIatq78KWEFw4"},"_chains":{"BU8u0ro9qh84xWpzWGx6OQcS3+KXZAO3nkQXsNkhN6kS":{"chainKey":{"counter":0,"key":"Wl4KQ5bEvk/j6+tyjzJVlsii9J0JmPqBNTSpUZZi/CM="},"chainType":1,"messageKeys":{}}},"pendingPreKey":{"signedKeyId":12162323,"baseKey":"BZXqfGnvExt0EnoJbgmEgsTnrEHUdIaxWUDKniS33IFY"}},"Bb1JEBe27IiAr6t1VPhh1cxyn6zp0uoXZxg/0P7o96xO":{"registrationId":862609114,"currentRatchet":{"ephemeralKeyPair":{"pubKey":"BSjNcP/47Vmsj7x1Z/ek1D6Z0ietHKYhzwLBI4rTwrk5","privKey":"+HWvbu/27I+LwUnSCL7OW7IYzfXyFDWQXqatOH6a1EQ="},"lastRemoteEphemeralKey":"Bec5V825BwwqAIS/hdbN/6PvmoIo6fI1IUI7kZa6Z3sH","previousCounter":0,"rootKey":"XEkRXaN6Yhg8OIm25nH/YXPNVpCII62BoRhbQ9d4LLA="},"indexInfo":{"baseKey":"Bb1JEBe27IiAr6t1VPhh1cxyn6zp0uoXZxg/0P7o96xO","baseKeyType":1,"closed":1763728097904,"used":1763728093427,"created":1763728093427,"remoteIdentityKey":"BfmC+7Gag69GsI40pNO/xFk8OlTeRjpjIatq78KWEFw4"},"_chains":{"BSjNcP/47Vmsj7x1Z/ek1D6Z0ietHKYhzwLBI4rTwrk5":{"chainKey":{"counter":0,"key":"1W17kblBOZaNwt7lrDgY0KWbWxF2wJmTa0vsRqQmutI="},"chainType":1,"messageKeys":{}}},"pendingPreKey":{"signedKeyId":12162323,"baseKey":"Bb1JEBe27IiAr6t1VPhh1cxyn6zp0uoXZxg/0P7o96xO"}},"BXnKBukOUe3EvBC3VuNa/GT+1EzIOzTxZgePsxWuAN5m":{"registrationId":862609114,"currentRatchet":{"ephemeralKeyPair":{"pubKey":"BRaik91ehjyJWDeCDUMaBm3hd057cOg9yVWUL5L5KPdq","privKey":"oFCiCrckUe2Z1KLiTkCYqkPezrsp2/UPIiVB8v1GEXk="},"lastRemoteEphemeralKey":"Bec5V825BwwqAIS/hdbN/6PvmoIo6fI1IUI7kZa6Z3sH","previousCounter":0,"rootKey":"o48jdtxudSypiJGJBxiSAT6TgYF/I2j4SxuMzSsgJvo="},"indexInfo":{"baseKey":"BXnKBukOUe3EvBC3VuNa/GT+1EzIOzTxZgePsxWuAN5m","baseKeyType":1,"closed":1763728102425,"used":1763728097895,"created":1763728097895,"remoteIdentityKey":"BfmC+7Gag69GsI40pNO/xFk8OlTeRjpjIatq78KWEFw4"},"_chains":{"BRaik91ehjyJWDeCDUMaBm3hd057cOg9yVWUL5L5KPdq":{"chainKey":{"counter":0,"key":"RK0+z5L4WgOcaseMTp75Ce+PxyocfJGC0+5KdrZN7pM="},"chainType":1,"messageKeys":{}}},"pendingPreKey":{"signedKeyId":12162323,"baseKey":"BXnKBukOUe3EvBC3VuNa/GT+1EzIOzTxZgePsxWuAN5m"}},"BXD7IIrv93Ns9yxSchR4rqtziI/vXnjuXwyaFzqQs7Ru":{"registrationId":862609114,"currentRatchet":{"ephemeralKeyPair":{"pubKey":"BUNbrHQNjafAiaukxHAbR/Suzn42th9ZI3zShcbt/XcB","privKey":"CP/4ZXwJ4DXuBhGI+lJkG3/tbKIc6FKqkJRdTFRLSHU="},"lastRemoteEphemeralKey":"Bec5V825BwwqAIS/hdbN/6PvmoIo6fI1IUI7kZa6Z3sH","previousCounter":0,"rootKey":"SYXouyTiOE/pg8Pt4uVEDZV1H1CgeFY7MP/pvLqejVQ="},"indexInfo":{"baseKey":"BXD7IIrv93Ns9yxSchR4rqtziI/vXnjuXwyaFzqQs7Ru","baseKeyType":1,"closed":1763728108379,"used":1763728102418,"created":1763728102418,"remoteIdentityKey":"BfmC+7Gag69GsI40pNO/xFk8OlTeRjpjIatq78KWEFw4"},"_chains":{"BUNbrHQNjafAiaukxHAbR/Suzn42th9ZI3zShcbt/XcB":{"chainKey":{"counter":0,"key":"2MnAd1WioDOjTgWoJWylrf4Kse0ldEAQ4qYT6S7dT4w="},"chainType":1,"messageKeys":{}}},"pendingPreKey":{"signedKeyId":12162323,"baseKey":"BXD7IIrv93Ns9yxSchR4rqtziI/vXnjuXwyaFzqQs7Ru"}},"BXKvHqYcof+swp/1dVhl8m7WHRBYpLD+GtKGWNsf6yhT":{"registrationId":862609114,"currentRatchet":{"ephemeralKeyPair":{"pubKey":"BbB5L5U29AAEqz8ijZcbe7CjabmcjmFPGriMOGZGDEh7","privKey":"yM6YJnwx+RMf7EH8OM7tFa2iVHUbd8I+B0IwKYbG8Xw="},"lastRemoteEphemeralKey":"Bec5V825BwwqAIS/hdbN/6PvmoIo6fI1IUI7kZa6Z3sH","previousCounter":0,"rootKey":"vjukd0fa9uKRfD4bDnx0dF83phQbCnTsuHVGiO7yPuY="},"indexInfo":{"baseKey":"BXKvHqYcof+swp/1dVhl8m7WHRBYpLD+GtKGWNsf6yhT","baseKeyType":1,"closed":1763735286830,"used":1763728108375,"created":1763728108375,"remoteIdentityKey":"BfmC+7Gag69GsI40pNO/xFk8OlTeRjpjIatq78KWEFw4"},"_chains":{"BbB5L5U29AAEqz8ijZcbe7CjabmcjmFPGriMOGZGDEh7":{"chainKey":{"counter":1,"key":"hUKOQ7L4/LtSX5MSvltrTsJfi19XEG4vvEC+tsG+92Q="},"chainType":1,"messageKeys":{}}},"pendingPreKey":{"signedKeyId":12162323,"baseKey":"BXKvHqYcof+swp/1dVhl8m7WHRBYpLD+GtKGWNsf6yhT"}},"BRQBamRqpBM31yWWQHZSvEmmKdYcuwzEGILudu5t1HsL":{"registrationId":862609114,"currentRatchet":{"ephemeralKeyPair":{"pubKey":"BXbLcI6EgFflTIQfIVuOFMWLxKIubGvO+YxQRlMJbdgQ","privKey":"mACHuKiwe+aW5GrUvaFA+J0fjM0icSxBhwRruhC7Ims="},"lastRemoteEphemeralKey":"Bec5V825BwwqAIS/hdbN/6PvmoIo6fI1IUI7kZa6Z3sH","previousCounter":0,"rootKey":"HLuCtLpI1V/qvnYcrakWYf/ct7PvtnvdMrBTRga0wk4="},"indexInfo":{"baseKey":"BRQBamRqpBM31yWWQHZSvEmmKdYcuwzEGILudu5t1HsL","baseKeyType":1,"closed":1763735293377,"used":1763735286815,"created":1763735286815,"remoteIdentityKey":"BfmC+7Gag69GsI40pNO/xFk8OlTeRjpjIatq78KWEFw4"},"_chains":{"BXbLcI6EgFflTIQfIVuOFMWLxKIubGvO+YxQRlMJbdgQ":{"chainKey":{"counter":0,"key":"sARSq+IBB+/dFczDkWcd9RbOWRQT6mcqyE/MbxotCnU="},"chainType":1,"messageKeys":{}}},"pendingPreKey":{"signedKeyId":12162323,"baseKey":"BRQBamRqpBM31yWWQHZSvEmmKdYcuwzEGILudu5t1HsL"}},"BcjZA08eS+ibIwp8EjkFRY2VF+LO5WaE6ENkH3LhyxYO":{"registrationId":862609114,"currentRatchet":{"ephemeralKeyPair":{"pubKey":"Bei9kQdq+Sn7Sd8w9IavFiAIt1HRAnYfjLrGRo6sabtS","privKey":"EL1gdhzF9jwOUnIxrgiMJUq897h6Vz7qg6kJdyKGFHw="},"lastRemoteEphemeralKey":"Bec5V825BwwqAIS/hdbN/6PvmoIo6fI1IUI7kZa6Z3sH","previousCounter":0,"rootKey":"l8Lo4R3Mq9euJjVEJzqEUPcxqW0iI6W1FY9cnd5LMew="},"indexInfo":{"baseKey":"BcjZA08eS+ibIwp8EjkFRY2VF+LO5WaE6ENkH3LhyxYO","baseKeyType":1,"closed":1763735298975,"used":1763735293369,"created":1763735293369,"remoteIdentityKey":"BfmC+7Gag69GsI40pNO/xFk8OlTeRjpjIatq78KWEFw4"},"_chains":{"Bei9kQdq+Sn7Sd8w9IavFiAIt1HRAnYfjLrGRo6sabtS":{"chainKey":{"counter":0,"key":"NUoH8c055DqQl0r4MJdTaK+5/S245JESXqjlN7s8Gmc="},"chainType":1,"messageKeys":{}}},"pendingPreKey":{"signedKeyId":12162323,"baseKey":"BcjZA08eS+ibIwp8EjkFRY2VF+LO5WaE6ENkH3LhyxYO"}},"BdH38hA8s4Zi2gdAGf8Hd3piYwubhsLKFXhUvf3BidkA":{"registrationId":862609114,"currentRatchet":{"ephemeralKeyPair":{"pubKey":"BdV1RwkowLbt4i/1XaOe4UaiHQiL1krVkjOy95L1Alo0","privKey":"4LInBbQ1E4IngMRQwaGUhxfwHuuKAbb2WjO33ufonm8="},"lastRemoteEphemeralKey":"Bec5V825BwwqAIS/hdbN/6PvmoIo6fI1IUI7kZa6Z3sH","previousCounter":0,"rootKey":"mUZzlXT2Ebc3yB8CE1BunDNFWG6DSYamApxZaRAz3Is="},"indexInfo":{"baseKey":"BdH38hA8s4Zi2gdAGf8Hd3piYwubhsLKFXhUvf3BidkA","baseKeyType":1,"closed":1763735304273,"used":1763735298969,"created":1763735298969,"remoteIdentityKey":"BfmC+7Gag69GsI40pNO/xFk8OlTeRjpjIatq78KWEFw4"},"_chains":{"BdV1RwkowLbt4i/1XaOe4UaiHQiL1krVkjOy95L1Alo0":{"chainKey":{"counter":0,"key":"p//x8722azgwLFB9+LCGjCH8g3UTUziPNvlvRveWYa0="},"chainType":1,"messageKeys":{}}},"pendingPreKey":{"signedKeyId":12162323,"baseKey":"BdH38hA8s4Zi2gdAGf8Hd3piYwubhsLKFXhUvf3BidkA"}},"BUqLrH23+wDK7YSOOCD1sGjnyZbL1251RllDLpS1VOoe":{"registrationId":862609114,"currentRatchet":{"ephemeralKeyPair":{"pubKey":"BVQjfeS/UvXRyjhfzcQTB7pJJGAUz71nRsssDSx1+kQ/","privKey":"0K/DAeUatPecWv/LXDrGDcPypFT9M8Yc/2YMAiSov0Q="},"lastRemoteEphemeralKey":"Bec5V825BwwqAIS/hdbN/6PvmoIo6fI1IUI7kZa6Z3sH","previousCounter":0,"rootKey":"3YbAloEgNGMB8wpup+ITuZq5bylKvUCMff3n8kCDVI8="},"indexInfo":{"baseKey":"BUqLrH23+wDK7YSOOCD1sGjnyZbL1251RllDLpS1VOoe","baseKeyType":1,"closed":1763735309721,"used":1763735304267,"created":1763735304267,"remoteIdentityKey":"BfmC+7Gag69GsI40pNO/xFk8OlTeRjpjIatq78KWEFw4"},"_chains":{"BVQjfeS/UvXRyjhfzcQTB7pJJGAUz71nRsssDSx1+kQ/":{"chainKey":{"counter":0,"key":"I9VL65GL+Tpmy/5QV1I2Sm9TxytNLFbR2qwSvH6ZKx4="},"chainType":1,"messageKeys":{}}},"pendingPreKey":{"signedKeyId":12162323,"baseKey":"BUqLrH23+wDK7YSOOCD1sGjnyZbL1251RllDLpS1VOoe"}},"BZSFc0dAkP9flFHmQFua6b9UOVYVzEMtRqEu2FtOLBN4":{"registrationId":862609114,"currentRatchet":{"ephemeralKeyPair":{"pubKey":"BerSUajhV971RTj5Y7cxSoIm6QPKM5fL51WlCVs9UGhE","privKey":"oPmwYphFi44ui9w7J1Ea7fiVUrFEE2xkp5N59nqiBkQ="},"lastRemoteEphemeralKey":"Bec5V825BwwqAIS/hdbN/6PvmoIo6fI1IUI7kZa6Z3sH","previousCounter":0,"rootKey":"yf98zWyBk8NWseWwv7GvBbqL3FFBvG3KP3MsZk3XQx8="},"indexInfo":{"baseKey":"BZSFc0dAkP9flFHmQFua6b9UOVYVzEMtRqEu2FtOLBN4","baseKeyType":1,"closed":1763735316819,"used":1763735309717,"created":1763735309717,"remoteIdentityKey":"BfmC+7Gag69GsI40pNO/xFk8OlTeRjpjIatq78KWEFw4"},"_chains":{"BerSUajhV971RTj5Y7cxSoIm6QPKM5fL51WlCVs9UGhE":{"chainKey":{"counter":0,"key":"EJCJNsxAENpKL4AW6DCiVWSIfOZMH8qpShMmVYOS2U0="},"chainType":1,"messageKeys":{}}},"pendingPreKey":{"signedKeyId":12162323,"baseKey":"BZSFc0dAkP9flFHmQFua6b9UOVYVzEMtRqEu2FtOLBN4"}},"BU9tQwqE6ddCi6oMG4AlyxnHXSCCJYHGFuwb13zyJ8MG":{"registrationId":862609114,"currentRatchet":{"ephemeralKeyPair":{"pubKey":"BdLE2Y9a1WWBXcBSYHi4b+Hdt4yB4b/tNLvuS27WmRd4","privKey":"qJXJAlbLfPocV8CgoMierVaXib3K9kqSdv7D1wOEamI="},"lastRemoteEphemeralKey":"Bec5V825BwwqAIS/hdbN/6PvmoIo6fI1IUI7kZa6Z3sH","previousCounter":0,"rootKey":"dXFgbhlgzHTGuJ86jM0CEFzC7C3D5Iuig4wRzbVa5DY="},"indexInfo":{"baseKey":"BU9tQwqE6ddCi6oMG4AlyxnHXSCCJYHGFuwb13zyJ8MG","baseKeyType":1,"closed":1763735324604,"used":1763735316808,"created":1763735316808,"remoteIdentityKey":"BfmC+7Gag69GsI40pNO/xFk8OlTeRjpjIatq78KWEFw4"},"_chains":{"BdLE2Y9a1WWBXcBSYHi4b+Hdt4yB4b/tNLvuS27WmRd4":{"chainKey":{"counter":0,"key":"XbQ1zR4kgO1Thdo8OExLd5UCfG76jkLrrExFTmYtnng="},"chainType":1,"messageKeys":{}}},"pendingPreKey":{"signedKeyId":12162323,"baseKey":"BU9tQwqE6ddCi6oMG4AlyxnHXSCCJYHGFuwb13zyJ8MG"}},"Bb1ky/QjLm5HSJE0Hf1E7eWmJioayRyF9+1SM6x2AOE7":{"registrationId":862609114,"currentRatchet":{"ephemeralKeyPair":{"pubKey":"BUF7qpUvbsriQbBGmudGETiympIpXyvsk3SVIB5woFYD","privKey":"+Hage6Ff58j8fN3bF0vJRkoJpaYDx07aEVfusXCQWFA="},"lastRemoteEphemeralKey":"Bec5V825BwwqAIS/hdbN/6PvmoIo6fI1IUI7kZa6Z3sH","previousCounter":0,"rootKey":"mNl6frD8MKpd691WokOjaCocig1OCpQMV6e6Ijitvjs="},"indexInfo":{"baseKey":"Bb1ky/QjLm5HSJE0Hf1E7eWmJioayRyF9+1SM6x2AOE7","baseKeyType":1,"closed":1763735333101,"used":1763735324598,"created":1763735324598,"remoteIdentityKey":"BfmC+7Gag69GsI40pNO/xFk8OlTeRjpjIatq78KWEFw4"},"_chains":{"BUF7qpUvbsriQbBGmudGETiympIpXyvsk3SVIB5woFYD":{"chainKey":{"counter":0,"key":"yp4mKYkJr14QFaR1vFoAI4KpZNa+mJIJm36NAfLBZgA="},"chainType":1,"messageKeys":{}}},"pendingPreKey":{"signedKeyId":12162323,"baseKey":"Bb1ky/QjLm5HSJE0Hf1E7eWmJioayRyF9+1SM6x2AOE7"}},"BegBiE3tiEjkvO4+VLMa0iF69HxXhQtdpOXUAATYoG1m":{"registrationId":862609114,"currentRatchet":{"ephemeralKeyPair":{"pubKey":"BQF2zqVFyEFBv4M1VULUC8z6L6eMUZ72tv9g9GK1caIY","privKey":"CHdgyMLEXQrgwHZi0CRNfAYBZdMIDJw/hOPG6y9USXQ="},"lastRemoteEphemeralKey":"Bec5V825BwwqAIS/hdbN/6PvmoIo6fI1IUI7kZa6Z3sH","previousCounter":0,"rootKey":"+p4ljKvj8UHlHpOaKKXUrx+MC4OtbO715BfwjIR/jB4="},"indexInfo":{"baseKey":"BegBiE3tiEjkvO4+VLMa0iF69HxXhQtdpOXUAATYoG1m","baseKeyType":1,"closed":1763735342079,"used":1763735333088,"created":1763735333088,"remoteIdentityKey":"BfmC+7Gag69GsI40pNO/xFk8OlTeRjpjIatq78KWEFw4"},"_chains":{"BQF2zqVFyEFBv4M1VULUC8z6L6eMUZ72tv9g9GK1caIY":{"chainKey":{"counter":0,"key":"OtmWaxJqaPA8WpoYL2QZzwzllzVedEv+58fz5+Kheng="},"chainType":1,"messageKeys":{}}},"pendingPreKey":{"signedKeyId":12162323,"baseKey":"BegBiE3tiEjkvO4+VLMa0iF69HxXhQtdpOXUAATYoG1m"}},"Bf+4yS8L8L1tvO99iBskaJ7H/3WZ2oXYXrJBMOWMWxsE":{"registrationId":862609114,"currentRatchet":{"ephemeralKeyPair":{"pubKey":"BXRD3C3258YvePgAFZ42llZoj/Fnnv5hWEevca0LW04c","privKey":"gFHoFhaCgyYU+k8UnMwKTmSl1gMkKFEWkuDd9CQ+oms="},"lastRemoteEphemeralKey":"Bec5V825BwwqAIS/hdbN/6PvmoIo6fI1IUI7kZa6Z3sH","previousCounter":0,"rootKey":"OHTCfur6boWEtzEfBX0siy+hhNdtUVtTsXYd2uZXJq0="},"indexInfo":{"baseKey":"Bf+4yS8L8L1tvO99iBskaJ7H/3WZ2oXYXrJBMOWMWxsE","baseKeyType":1,"closed":-1,"used":1763735342067,"created":1763735342067,"remoteIdentityKey":"BfmC+7Gag69GsI40pNO/xFk8OlTeRjpjIatq78KWEFw4"},"_chains":{"BXRD3C3258YvePgAFZ42llZoj/Fnnv5hWEevca0LW04c":{"chainKey":{"counter":0,"key":"yOP9BSwPN5PAd7Zfuw7qAVUjj9ypji96TUTL0L0AEgw="},"chainType":1,"messageKeys":{}}},"pendingPreKey":{"signedKeyId":12162323,"baseKey":"Bf+4yS8L8L1tvO99iBskaJ7H/3WZ2oXYXrJBMOWMWxsE"}}},"version":"v1"}