{"_sessions":{"BXT9PqVvZOax+aV6AmPaT7I1xAI4h6gcbMlmJ8R/rI0E":{"registrationId":827895244,"currentRatchet":{"ephemeralKeyPair":{"pubKey":"BRDVhDvdj4wfiTwy/xeU+hJlqEgTW2gfMYErnfF2OldP","privKey":"mIkolZQT/VB37Xx3UpU+9fiS0zR9QosPV+P+y78FAXo="},"lastRemoteEphemeralKey":"BdIj78RGHe1epCEFvRvSRo7L2+ZJt60q7APQaoYcRzIS","previousCounter":0,"rootKey":"UT53KI2D8qLcf0dXIEadU6AkVDytknmz4xpSGMJSXUY="},"indexInfo":{"baseKey":"BXT9PqVvZOax+aV6AmPaT7I1xAI4h6gcbMlmJ8R/rI0E","baseKeyType":1,"closed":1763718473468,"used":1763718472249,"created":1763718472249,"remoteIdentityKey":"BVd5JiM9S1pp864Jg1Lj3i7adgUyAOak6EVhooXW1v4E"},"_chains":{"BRDVhDvdj4wfiTwy/xeU+hJlqEgTW2gfMYErnfF2OldP":{"chainKey":{"counter":-1,"key":"XbaH4Qn8xLsF5Vh2uRYUaorYc+CqhDeBBRKQiO2Ixpw="},"chainType":1,"messageKeys":{}}},"pendingPreKey":{"signedKeyId":8,"baseKey":"BXT9PqVvZOax+aV6AmPaT7I1xAI4h6gcbMlmJ8R/rI0E","preKeyId":8470720}},"BVIpq6If1t36AqVLvNoiu9EHeFIuur9k2g/iIRYQYVFK":{"registrationId":827895244,"currentRatchet":{"ephemeralKeyPair":{"pubKey":"BU/Dd3lU50o+BGOL/MdlL0kNm/DMrZz8UbmfjJ1kaI9Z","privKey":"mB/v7mmsnq3QMB03XN+qtGTK0EfZVMpZHbTWj+at1U0="},"lastRemoteEphemeralKey":"BdIj78RGHe1epCEFvRvSRo7L2+ZJt60q7APQaoYcRzIS","previousCounter":0,"rootKey":"bzVB573sWjWkQUqAlccJBxArq8t/5s8vq6WrrcbnvWw="},"indexInfo":{"baseKey":"BVIpq6If1t36AqVLvNoiu9EHeFIuur9k2g/iIRYQYVFK","baseKeyType":1,"closed":-1,"used":1763718473464,"created":1763718473464,"remoteIdentityKey":"BVd5JiM9S1pp864Jg1Lj3i7adgUyAOak6EVhooXW1v4E"},"_chains":{"BU/Dd3lU50o+BGOL/MdlL0kNm/DMrZz8UbmfjJ1kaI9Z":{"chainKey":{"counter":145,"key":"PhMEVnL1UtgNj8Uy3pQLnP7RMhYuypmhOWj5z6iFXMc="},"chainType":1,"messageKeys":{}}},"pendingPreKey":{"signedKeyId":8,"baseKey":"BVIpq6If1t36AqVLvNoiu9EHeFIuur9k2g/iIRYQYVFK","preKeyId":8470576}}},"version":"v1"}