{"_sessions":{"BXwDvMfayUx3dKTY1d5fbq72TdFPMK6wT1GjejN7U5wL":{"registrationId":1273314837,"currentRatchet":{"ephemeralKeyPair":{"pubKey":"BSV5jgNFypouHjJlQiNCcn3X4KNhx1OIpdUdyz6wQyhN","privKey":"wGd2AZOYco2v070j1DrjgSSDxvU4koE9guprjmn7EU0="},"lastRemoteEphemeralKey":"BdT6yoJx0zJUfgBA7c5ymAdt/uQ4h5tWEkrT1sQwkN0R","previousCounter":0,"rootKey":"GMDbvSmm/YJmFVus606MFgKXNu1ytInIpO5/JHUHE6k="},"indexInfo":{"baseKey":"BXwDvMfayUx3dKTY1d5fbq72TdFPMK6wT1GjejN7U5wL","baseKeyType":1,"closed":1763718470707,"used":1763718469780,"created":1763718469780,"remoteIdentityKey":"BS5M6MMvJHxYCj/zXS3kKWnd/FLbVGRRJ/RifcaRODlg"},"_chains":{"BSV5jgNFypouHjJlQiNCcn3X4KNhx1OIpdUdyz6wQyhN":{"chainKey":{"counter":-1,"key":"tOsrqEIBKTh98DNglTCJDE/zzDrsycRiYU+xhOA6qeI="},"chainType":1,"messageKeys":{}}},"pendingPreKey":{"signedKeyId":23,"baseKey":"BXwDvMfayUx3dKTY1d5fbq72TdFPMK6wT1GjejN7U5wL","preKeyId":3051164}},"BbVnby1L/HeNgDQEVHtX/HfWTlmhJ0CQez0FFGMc82Nb":{"registrationId":1273314837,"currentRatchet":{"ephemeralKeyPair":{"pubKey":"BYzG9MeEOnnknMve1+OHf3C/9n4Saz1jW/svH7Cz0ERF","privKey":"GOg1S+RFDX+s/JNM1BT5xsEkFO/LlB1wu1EgNPsv7nw="},"lastRemoteEphemeralKey":"BdT6yoJx0zJUfgBA7c5ymAdt/uQ4h5tWEkrT1sQwkN0R","previousCounter":0,"rootKey":"cfCU2x75Rfqp2TOixWwRJ35f03olmQ7yh2EwQsNBajw="},"indexInfo":{"baseKey":"BbVnby1L/HeNgDQEVHtX/HfWTlmhJ0CQez0FFGMc82Nb","baseKeyType":1,"closed":-1,"used":1763718470704,"created":1763718470704,"remoteIdentityKey":"BS5M6MMvJHxYCj/zXS3kKWnd/FLbVGRRJ/RifcaRODlg"},"_chains":{"BYzG9MeEOnnknMve1+OHf3C/9n4Saz1jW/svH7Cz0ERF":{"chainKey":{"counter":145,"key":"dwxBCg0QYyQXuHUS+Wu58hcyHfyQAOJAgw7WbnpOkrY="},"chainType":1,"messageKeys":{}}},"pendingPreKey":{"signedKeyId":23,"baseKey":"BbVnby1L/HeNgDQEVHtX/HfWTlmhJ0CQez0FFGMc82Nb","preKeyId":3051067}}},"version":"v1"}