{"_sessions":{"BZAoF1/L6nmz0xsaCXDkOY4WI4FlSPNpulM1NbwE6T8U":{"registrationId":774920645,"currentRatchet":{"ephemeralKeyPair":{"pubKey":"BbLIo/4WHjGMpZldFPviAbQhpg5SwuB5XUcsDchJ7vA4","privKey":"6NAEkqaPF1Nu/n/6n66HGcKxIGcAQrZ59voRbWCIcXI="},"lastRemoteEphemeralKey":"BVZTOoLVo7ihF/3es/gJJWFznUoVGLW3xlIglIdxYjsl","previousCounter":0,"rootKey":"10Sc5CTl3isPNc6vGMJam2VB8BrA0jRy1bFqr4GJCdI="},"indexInfo":{"baseKey":"BZAoF1/L6nmz0xsaCXDkOY4WI4FlSPNpulM1NbwE6T8U","baseKeyType":1,"closed":1763718471077,"used":1763718469992,"created":1763718469992,"remoteIdentityKey":"BbO2gMdNoKAhmtpM85hBYTQ6Mg8kkfs04FCB+e8dikN7"},"_chains":{"BbLIo/4WHjGMpZldFPviAbQhpg5SwuB5XUcsDchJ7vA4":{"chainKey":{"counter":-1,"key":"ogJgNMe47P8xVtTBjLM7QRTm1Om7fpjeJagrf8hISss="},"chainType":1,"messageKeys":{}}},"pendingPreKey":{"signedKeyId":9,"baseKey":"BZAoF1/L6nmz0xsaCXDkOY4WI4FlSPNpulM1NbwE6T8U"}},"Bc1ieuKSLlr3TGA4wpJ6RRCLk/BwVBE3JkBqPdwQ034K":{"registrationId":774920645,"currentRatchet":{"ephemeralKeyPair":{"pubKey":"Bf02Jv04vv+FxLFQD00g5DOZbzzwuRKSDowjpL9mmaAL","privKey":"APM70NNUAri1Ht6dfH092rw7B+2/vFFprpbpOQKwfXQ="},"lastRemoteEphemeralKey":"BVZTOoLVo7ihF/3es/gJJWFznUoVGLW3xlIglIdxYjsl","previousCounter":0,"rootKey":"fpj1urtYmw0zNUKIcQYrr4zyz58kIrER3TjtFMHpfZM="},"indexInfo":{"baseKey":"Bc1ieuKSLlr3TGA4wpJ6RRCLk/BwVBE3JkBqPdwQ034K","baseKeyType":1,"closed":-1,"used":1763718471073,"created":1763718471073,"remoteIdentityKey":"BbO2gMdNoKAhmtpM85hBYTQ6Mg8kkfs04FCB+e8dikN7"},"_chains":{"Bf02Jv04vv+FxLFQD00g5DOZbzzwuRKSDowjpL9mmaAL":{"chainKey":{"counter":145,"key":"Q9roibYTYSVFVkRDcy36LKfx95P254kGFlfZuOVUCPo="},"chainType":1,"messageKeys":{}}},"pendingPreKey":{"signedKeyId":9,"baseKey":"Bc1ieuKSLlr3TGA4wpJ6RRCLk/BwVBE3JkBqPdwQ034K"}}},"version":"v1"}