{"_sessions":{"BblACYmahd8NV/ErKG6bIWu2//Sw0THcMIEe4EUtMt05":{"registrationId":638600193,"currentRatchet":{"ephemeralKeyPair":{"pubKey":"Bf0qld/boarUsdWkSwyptH9upOwu/H++uDrtyMtvwwIO","privKey":"cEctAOKg7BnekhlMVY3pnXsdn3Q/hXzqvnpB0FBA5mY="},"lastRemoteEphemeralKey":"BZR++pUO3gyJH4camblF/c7nScPXuuATua42OnulWKFD","previousCounter":0,"rootKey":"Q1qQn4onyrAHMmyRV/i5qmUCLHXQ4NROnrBRiFC6MfI="},"indexInfo":{"baseKey":"BblACYmahd8NV/ErKG6bIWu2//Sw0THcMIEe4EUtMt05","baseKeyType":1,"closed":1763718475211,"used":1763718474169,"created":1763718474169,"remoteIdentityKey":"BcLtL4ZEWu8i6DklFu1r2lhvSfAb/p3uX6qHxIbTH7Iz"},"_chains":{"Bf0qld/boarUsdWkSwyptH9upOwu/H++uDrtyMtvwwIO":{"chainKey":{"counter":-1,"key":"h+hhhqGlRGF1jsAcRT4QL83H2SKXX/y74IwpG3yodls="},"chainType":1,"messageKeys":{}}},"pendingPreKey":{"signedKeyId":17,"baseKey":"BblACYmahd8NV/ErKG6bIWu2//Sw0THcMIEe4EUtMt05","preKeyId":8554984}},"BfmNoBspHz3bx0Gf9G/xEC5SXk++BIpSdCayZ28WMdoN":{"registrationId":638600193,"currentRatchet":{"ephemeralKeyPair":{"pubKey":"BTd7mUMyyMlPRWtggeWwOwJWrU2u8j30ntrrX4bWvyMK","privKey":"KIDPB0XXkU2QKnrLndcbFg9LgYrLuWeUONHVl+CGSFs="},"lastRemoteEphemeralKey":"BZR++pUO3gyJH4camblF/c7nScPXuuATua42OnulWKFD","previousCounter":0,"rootKey":"7405r4yDWEF99zN2vceTzKzNYnQs8lH+cbdhRwwHbgc="},"indexInfo":{"baseKey":"BfmNoBspHz3bx0Gf9G/xEC5SXk++BIpSdCayZ28WMdoN","baseKeyType":1,"closed":-1,"used":1763718475209,"created":1763718475209,"remoteIdentityKey":"BcLtL4ZEWu8i6DklFu1r2lhvSfAb/p3uX6qHxIbTH7Iz"},"_chains":{"BTd7mUMyyMlPRWtggeWwOwJWrU2u8j30ntrrX4bWvyMK":{"chainKey":{"counter":145,"key":"Pg3zwhMoc4AsKnoI9Hb6xfIRdp/XUs1F9t65O/38LlY="},"chainType":1,"messageKeys":{}}},"pendingPreKey":{"signedKeyId":17,"baseKey":"BfmNoBspHz3bx0Gf9G/xEC5SXk++BIpSdCayZ28WMdoN","preKeyId":8555022}}},"version":"v1"}