{"_sessions":{"BTy8km/+SaZSSE4ged+yYbgNJe9CFhsa/9Tgoe3hF3Ex":{"registrationId":1406539627,"currentRatchet":{"ephemeralKeyPair":{"pubKey":"Bbk1yn/eo7SdeHunT9/eQdoE+NIlG26UZkKujbn6FhBc","privKey":"CBIrI1n0C6DPVdJzCjGrH19GEgXaV6YH8iTCtFqVLE0="},"lastRemoteEphemeralKey":"BWToUjgr/jeuPhVOzMQkOCVyKO0DJ7/6S57JZCipAehG","previousCounter":0,"rootKey":"XEEzLd4EGanztAvkxVLvjkyBeZj1TqKRyiO+uY1eZZE="},"indexInfo":{"baseKey":"BTy8km/+SaZSSE4ged+yYbgNJe9CFhsa/9Tgoe3hF3Ex","baseKeyType":1,"closed":1763718474709,"used":1763718473818,"created":1763718473818,"remoteIdentityKey":"BVKNkVGlppaWNEVBN2TeKAKsVW5vBfC2mUZMmQwNkJ0Y"},"_chains":{"Bbk1yn/eo7SdeHunT9/eQdoE+NIlG26UZkKujbn6FhBc":{"chainKey":{"counter":-1,"key":"QKCp+ZkvfvEv3OoDOVfJWMDdHzj5jRIOJKxEE/jNMLE="},"chainType":1,"messageKeys":{}}},"pendingPreKey":{"signedKeyId":28,"baseKey":"BTy8km/+SaZSSE4ged+yYbgNJe9CFhsa/9Tgoe3hF3Ex","preKeyId":8085148}},"BT6NVOb2yhoZDCweOtmph3uurlBoTSpn6IOZngMYt1Ya":{"registrationId":1406539627,"currentRatchet":{"ephemeralKeyPair":{"pubKey":"Bdy6WgqK3I8pRS4bJQPbZyOBQps9X5FQXHYkGF40c3M5","privKey":"KNVO+xvrIndltxTmYwp8nhk0x8t5yl1cLDWoFjxGtmE="},"lastRemoteEphemeralKey":"BWToUjgr/jeuPhVOzMQkOCVyKO0DJ7/6S57JZCipAehG","previousCounter":0,"rootKey":"4I/XsHg/JOpyHbTiuYHQRBeRqI2tfsnJJ02UclMwRuo="},"indexInfo":{"baseKey":"BT6NVOb2yhoZDCweOtmph3uurlBoTSpn6IOZngMYt1Ya","baseKeyType":1,"closed":-1,"used":1763718474706,"created":1763718474706,"remoteIdentityKey":"BVKNkVGlppaWNEVBN2TeKAKsVW5vBfC2mUZMmQwNkJ0Y"},"_chains":{"Bdy6WgqK3I8pRS4bJQPbZyOBQps9X5FQXHYkGF40c3M5":{"chainKey":{"counter":145,"key":"x2rAUyX5nVer512DIg3sAwPxJGc3R6k/0mQdmTELxzc="},"chainType":1,"messageKeys":{}}},"pendingPreKey":{"signedKeyId":28,"baseKey":"BT6NVOb2yhoZDCweOtmph3uurlBoTSpn6IOZngMYt1Ya","preKeyId":8085929}}},"version":"v1"}