{"_sessions":{"BbJsBydGBmTSc3S0ECYxF9C5Jcmg96yRiyhdyi6+Kvla":{"registrationId":1089401833,"currentRatchet":{"ephemeralKeyPair":{"pubKey":"BXIZgpHtGAEZ0xkanoJjHPL/iBPaFCjPXmYhbnuRAWVW","privKey":"qNkAHJPUMei2I08nQpOmFXaNKIumIAVPQjPoOsKP62c="},"lastRemoteEphemeralKey":"BbBL+kv6qUQ63G6w3LCq6QXL7u0g7ZBlFjGjm1kFMtkD","previousCounter":0,"rootKey":"O8Pr1uS+MMM1jpzv+DHSFd+BNouYKAy0ZXcIcGE+sls="},"indexInfo":{"baseKey":"BbJsBydGBmTSc3S0ECYxF9C5Jcmg96yRiyhdyi6+Kvla","baseKeyType":1,"closed":1763718472775,"used":1763718471862,"created":1763718471862,"remoteIdentityKey":"BS0a5pTs4zqDHHYxfIzacAAfwbyoUlSkxlQB9AVmUype"},"_chains":{"BXIZgpHtGAEZ0xkanoJjHPL/iBPaFCjPXmYhbnuRAWVW":{"chainKey":{"counter":-1,"key":"0LhTTFoH8y60mnJJuyQBeLAE7rkiNokaXECcxfHQDzU="},"chainType":1,"messageKeys":{}}},"pendingPreKey":{"signedKeyId":97,"baseKey":"BbJsBydGBmTSc3S0ECYxF9C5Jcmg96yRiyhdyi6+Kvla","preKeyId":4110282}},"BRK6W7lA83fBVZ4H+ZI/XX7Dp60UH+Iws3rbWXf50WoU":{"registrationId":1089401833,"currentRatchet":{"ephemeralKeyPair":{"pubKey":"BQvsWi3blTsh3XJSTljhgTSdeq264yRJNg/6Pw1z09l9","privKey":"yGqJbPXcidIaeSR/HRxx52x8DhCXRyhrtwmzaGONtEo="},"lastRemoteEphemeralKey":"BbBL+kv6qUQ63G6w3LCq6QXL7u0g7ZBlFjGjm1kFMtkD","previousCounter":0,"rootKey":"ra1U1TM1r9H+H9wTzbOKSqBcd1iqYq79MG2NSXRjA4o="},"indexInfo":{"baseKey":"BRK6W7lA83fBVZ4H+ZI/XX7Dp60UH+Iws3rbWXf50WoU","baseKeyType":1,"closed":-1,"used":1763718472772,"created":1763718472772,"remoteIdentityKey":"BS0a5pTs4zqDHHYxfIzacAAfwbyoUlSkxlQB9AVmUype"},"_chains":{"BQvsWi3blTsh3XJSTljhgTSdeq264yRJNg/6Pw1z09l9":{"chainKey":{"counter":145,"key":"1IoO/G9s1tWI+2W7BkhudwabEuGd5fHgKnu9N/JjxGU="},"chainType":1,"messageKeys":{}}},"pendingPreKey":{"signedKeyId":97,"baseKey":"BRK6W7lA83fBVZ4H+ZI/XX7Dp60UH+Iws3rbWXf50WoU","preKeyId":4110357}}},"version":"v1"}