{"_sessions":{"BTnNGpkELZcGibg0P+qlNWroWQykuVFvx1PpSL7uaGoU":{"registrationId":468560529,"currentRatchet":{"ephemeralKeyPair":{"pubKey":"BRbMfBe0bn4718C5ABGmJ7NJU0HmjTq7rdPXsdTSjxIK","privKey":"wFaByo6gc/CnEyNySQju6atozwdq/T+xF6/77iL2qVI="},"lastRemoteEphemeralKey":"BfJnSRv2Vn/gT1jG5ZRBUNY2uof+lnhs9X1sDdrzfW85","previousCounter":0,"rootKey":"1TX63+fW4bzr5ImGugIFMZbxRckNaqoqoFya6dEBOEc="},"indexInfo":{"baseKey":"BTnNGpkELZcGibg0P+qlNWroWQykuVFvx1PpSL7uaGoU","baseKeyType":1,"closed":1763718470883,"used":1763718469881,"created":1763718469881,"remoteIdentityKey":"BSdV8sGWAqRClr1IbPmjxo4S7G6aaaBwaIXZGvZiOvoo"},"_chains":{"BRbMfBe0bn4718C5ABGmJ7NJU0HmjTq7rdPXsdTSjxIK":{"chainKey":{"counter":-1,"key":"WIA5ClRrEiFAJWlr6rccU9fKWhMpqhJ8bArqiHaTPPY="},"chainType":1,"messageKeys":{}}},"pendingPreKey":{"signedKeyId":5,"baseKey":"BTnNGpkELZcGibg0P+qlNWroWQykuVFvx1PpSL7uaGoU"}},"Bdl5upGngTptsQgAF2R3SZ+H2xh/akznL5diEnruhzE6":{"registrationId":468560529,"currentRatchet":{"ephemeralKeyPair":{"pubKey":"BdcMJh7YL604x7F0hFI3nDxWd/pUioeD7RptjG8ocp1l","privKey":"KNUdTl2Xall/7TABQmnjefIfU6MMR/mPtgJJW/rERWo="},"lastRemoteEphemeralKey":"BfJnSRv2Vn/gT1jG5ZRBUNY2uof+lnhs9X1sDdrzfW85","previousCounter":0,"rootKey":"b+zK+Dc/7RiUhT12xe0B4R9vv73ILJ1QupzD9aPydyc="},"indexInfo":{"baseKey":"Bdl5upGngTptsQgAF2R3SZ+H2xh/akznL5diEnruhzE6","baseKeyType":1,"closed":-1,"used":1763718470880,"created":1763718470880,"remoteIdentityKey":"BSdV8sGWAqRClr1IbPmjxo4S7G6aaaBwaIXZGvZiOvoo"},"_chains":{"BdcMJh7YL604x7F0hFI3nDxWd/pUioeD7RptjG8ocp1l":{"chainKey":{"counter":145,"key":"v+ts27XxQpNjM4g7Ewa8h8WS082v/aKWo+fRq3LQgqQ="},"chainType":1,"messageKeys":{}}},"pendingPreKey":{"signedKeyId":5,"baseKey":"Bdl5upGngTptsQgAF2R3SZ+H2xh/akznL5diEnruhzE6"}}},"version":"v1"}