{"_sessions":{"BV4q1r99TTtaUEif+Gxx5964dfvipFpVdMtqJzQdILR1":{"registrationId":1240073389,"currentRatchet":{"ephemeralKeyPair":{"pubKey":"Bb27qfsIYmZ9tgdy2X5jW7fI5C1SSY0EuE3/f0/oLSBQ","privKey":"0MFCJCM/oNJ1EsOg8Sj04/Y5SNDyTHj2jNOmmjpzRXA="},"lastRemoteEphemeralKey":"BRdkgOJFa0cpYHvZenPvVUPmCGlMtudeo6h6uErUUSYL","previousCounter":0,"rootKey":"8MVE1Zphfk3TwkFHAh6j9fQISRcrcUKFgWkfv+re2p8="},"indexInfo":{"baseKey":"BV4q1r99TTtaUEif+Gxx5964dfvipFpVdMtqJzQdILR1","baseKeyType":1,"closed":1763718471436,"used":1763718470194,"created":1763718470194,"remoteIdentityKey":"BTE9qcIXFZLdw+XzxO1UxL8Y1rXnO0Es3deK+6NQzYh2"},"_chains":{"Bb27qfsIYmZ9tgdy2X5jW7fI5C1SSY0EuE3/f0/oLSBQ":{"chainKey":{"counter":-1,"key":"qRx57mC7g6p8Do8KWY5DNpiMXe9zaeoNJSF1N3DagkY="},"chainType":1,"messageKeys":{}}},"pendingPreKey":{"signedKeyId":9863329,"baseKey":"BV4q1r99TTtaUEif+Gxx5964dfvipFpVdMtqJzQdILR1","preKeyId":7917039}},"Bb2eTWUgsnKv8RgYky+oD99X/hwbUA1+d1mmwMzOMTZY":{"registrationId":1240073389,"currentRatchet":{"ephemeralKeyPair":{"pubKey":"BSt6iTyd0RhrLfHLzYgd3FMs9U0BZ6DYDgDBJoHquXZi","privKey":"8FR0PXr2zYQuLTCd1HpQRqup8x7zGzCb2w6O080ivkk="},"lastRemoteEphemeralKey":"BRdkgOJFa0cpYHvZenPvVUPmCGlMtudeo6h6uErUUSYL","previousCounter":0,"rootKey":"5aQin7nkzH7a0WVnO8lauKEN3wyFuydbkYItmPVBgFY="},"indexInfo":{"baseKey":"Bb2eTWUgsnKv8RgYky+oD99X/hwbUA1+d1mmwMzOMTZY","baseKeyType":1,"closed":-1,"used":1763718471433,"created":1763718471433,"remoteIdentityKey":"BTE9qcIXFZLdw+XzxO1UxL8Y1rXnO0Es3deK+6NQzYh2"},"_chains":{"BSt6iTyd0RhrLfHLzYgd3FMs9U0BZ6DYDgDBJoHquXZi":{"chainKey":{"counter":145,"key":"KjTVLyGmN4bQgeALTYUXBwUINh83UIVoj+3GHlIs6I4="},"chainType":1,"messageKeys":{}}},"pendingPreKey":{"signedKeyId":9863329,"baseKey":"Bb2eTWUgsnKv8RgYky+oD99X/hwbUA1+d1mmwMzOMTZY","preKeyId":7917043}}},"version":"v1"}