{"_sessions":{"BcyYAxxYWKQtLwLw8vbQ0oxaX8oVNoxxiUp34p5eYzYz":{"registrationId":2087833734,"currentRatchet":{"ephemeralKeyPair":{"pubKey":"BUUnMQaieG9vMGL2ZcQbCDcbM8ztgDPxOvXWDGh//sEu","privKey":"mEnpuoOfofaT1amWLDwk5MT/ruTJGpfND/b24cxVUHM="},"lastRemoteEphemeralKey":"BfXZ16JzsvXQFedDcinE2YfxT8pDkgZU+NMoQZOb4IpD","previousCounter":0,"rootKey":"zteRgePYSrrebuggpYODqiCEuvw7z9snaC7yfoknkiQ="},"indexInfo":{"baseKey":"BcyYAxxYWKQtLwLw8vbQ0oxaX8oVNoxxiUp34p5eYzYz","baseKeyType":1,"closed":1763718475043,"used":1763718474056,"created":1763718474056,"remoteIdentityKey":"Bb4IShZffRumoowONCqXzdO7+QAD6Cevjo+HfBg1eJZT"},"_chains":{"BUUnMQaieG9vMGL2ZcQbCDcbM8ztgDPxOvXWDGh//sEu":{"chainKey":{"counter":-1,"key":"on1xIUvKLl3US/b/ET/FT7dyQtDcZvrPRKzsow4DST8="},"chainType":1,"messageKeys":{}}},"pendingPreKey":{"signedKeyId":7,"baseKey":"BcyYAxxYWKQtLwLw8vbQ0oxaX8oVNoxxiUp34p5eYzYz","preKeyId":6174380}},"BQ7Xi5gGO+faixqaAqFhKB2mlcuiFdyVmB+6rCUyRHov":{"registrationId":2087833734,"currentRatchet":{"ephemeralKeyPair":{"pubKey":"BXif2JQFVJ5rB3SdEVtBd9IUbPDEwZqxDw+81MvcDLY2","privKey":"SODwiVqMeLfamffwn0EKH/C08zozSSmaomZNeZjpj2Q="},"lastRemoteEphemeralKey":"BfXZ16JzsvXQFedDcinE2YfxT8pDkgZU+NMoQZOb4IpD","previousCounter":0,"rootKey":"8/+rn18WlHW7TYtYFoU4hzpVgtVdss5ZDh4uOYtNaW4="},"indexInfo":{"baseKey":"BQ7Xi5gGO+faixqaAqFhKB2mlcuiFdyVmB+6rCUyRHov","baseKeyType":1,"closed":-1,"used":1763718475040,"created":1763718475040,"remoteIdentityKey":"Bb4IShZffRumoowONCqXzdO7+QAD6Cevjo+HfBg1eJZT"},"_chains":{"BXif2JQFVJ5rB3SdEVtBd9IUbPDEwZqxDw+81MvcDLY2":{"chainKey":{"counter":145,"key":"UgRiq+xWF59iuniW3rlEXilIHhmPHyFhcH54Hz+E0XM="},"chainType":1,"messageKeys":{}}},"pendingPreKey":{"signedKeyId":7,"baseKey":"BQ7Xi5gGO+faixqaAqFhKB2mlcuiFdyVmB+6rCUyRHov","preKeyId":6174569}}},"version":"v1"}