{"_sessions":{"BaJ8qPk9buioW3hv7d6uUa0Aub3riB29YMXJ0OffltVm":{"registrationId":460837152,"currentRatchet":{"ephemeralKeyPair":{"pubKey":"BZKRcPMe8nJoictNXvEZ0ttJCovamFk3PbPQizFNl+BR","privKey":"yGEunYR6BgUBTmk+lOHBSrM4xiCOJcsmH8pFrO311kw="},"lastRemoteEphemeralKey":"Be9LTAn+Ktft6YlgeLlIOwMQoatVOPnJaiit+w/OnA8P","previousCounter":0,"rootKey":"x9Kh8qaBfpmZyHshUynUJFEVni7zBohNDwQBbYQoIzE="},"indexInfo":{"baseKey":"BaJ8qPk9buioW3hv7d6uUa0Aub3riB29YMXJ0OffltVm","baseKeyType":1,"closed":1763718479777,"used":1763718479008,"created":1763718479008,"remoteIdentityKey":"BdZKbG/8Bl5Tn4TCmjBeiEWEKzYtRPpEihMRfu4XfxBS"},"_chains":{"BZKRcPMe8nJoictNXvEZ0ttJCovamFk3PbPQizFNl+BR":{"chainKey":{"counter":-1,"key":"aSh21rUfXRBNN2RrL7HlXG7OSZGjBeh4udtnLn6XPtc="},"chainType":1,"messageKeys":{}}},"pendingPreKey":{"signedKeyId":12,"baseKey":"BaJ8qPk9buioW3hv7d6uUa0Aub3riB29YMXJ0OffltVm","preKeyId":401387}},"BZhgZ5x+76BROG1wQOiAgYs+NZSPRA6hoAf4DiY469EG":{"registrationId":460837152,"currentRatchet":{"ephemeralKeyPair":{"pubKey":"BUT5//iU/z+E8lx+ro+HMq3i0MZz3liyAg84uGVQqpxG","privKey":"SITIXvPj3GJeiMJ0wrXGi6y5F0t+QRf/2NqxdA9Brm4="},"lastRemoteEphemeralKey":"Be9LTAn+Ktft6YlgeLlIOwMQoatVOPnJaiit+w/OnA8P","previousCounter":0,"rootKey":"X+Wh65g535OWdsFT2H7Pk4nWMPy5p2WuxxYRCvdB0Nk="},"indexInfo":{"baseKey":"BZhgZ5x+76BROG1wQOiAgYs+NZSPRA6hoAf4DiY469EG","baseKeyType":1,"closed":-1,"used":1763718479775,"created":1763718479775,"remoteIdentityKey":"BdZKbG/8Bl5Tn4TCmjBeiEWEKzYtRPpEihMRfu4XfxBS"},"_chains":{"BUT5//iU/z+E8lx+ro+HMq3i0MZz3liyAg84uGVQqpxG":{"chainKey":{"counter":145,"key":"diWyYEY2+xwsA9PZmPzb0kZs7rNUVE/fPzTLX5hbht8="},"chainType":1,"messageKeys":{}}},"pendingPreKey":{"signedKeyId":12,"baseKey":"BZhgZ5x+76BROG1wQOiAgYs+NZSPRA6hoAf4DiY469EG","preKeyId":401299}}},"version":"v1"}