{"_sessions":{"BWDs614OPGzR2eE6PW67mdKX178YvpSf8C8Ok/8bQusO":{"registrationId":38826756,"currentRatchet":{"ephemeralKeyPair":{"pubKey":"BWO8wehZ0Km2aLIzSafTzLPmFRioH9giO/fuj1pwWBNS","privKey":"0DNAvPyLrU5eL9APhQVVHzNYnRlP0N7J0JaDameC6VA="},"lastRemoteEphemeralKey":"BdJFPk8s7NwzETH7d3OmrNB99YqgcO/R3ddJjlwCjN5N","previousCounter":0,"rootKey":"Y+EmvA0vUkR2bpZN3cAbDBK9xh/jqXiWOmn0YcZeDh0="},"indexInfo":{"baseKey":"BWDs614OPGzR2eE6PW67mdKX178YvpSf8C8Ok/8bQusO","baseKeyType":1,"closed":1763718470697,"used":1763718469773,"created":1763718469773,"remoteIdentityKey":"BbNT5LXBMb9GR5qBrGHzs2DQyfLTZsltkONrSSq+8QZT"},"_chains":{"BWO8wehZ0Km2aLIzSafTzLPmFRioH9giO/fuj1pwWBNS":{"chainKey":{"counter":-1,"key":"aIZ8NHKBMdPkhw2Ay88yYm/oJKz2LgayeaBlpEYdQuQ="},"chainType":1,"messageKeys":{}}},"pendingPreKey":{"signedKeyId":22,"baseKey":"BWDs614OPGzR2eE6PW67mdKX178YvpSf8C8Ok/8bQusO","preKeyId":47288}},"BRJ4fvKc0nzcFBTQ9jbM30ByGS1nf3Kg54MrvQyNFKwa":{"registrationId":38826756,"currentRatchet":{"ephemeralKeyPair":{"pubKey":"BcAoASxFsUVHtMLAZ+Nzhvi4oqglOuHvK/vQZGnju14G","privKey":"8EQtw/dL4NlSLIla0CxfqKi0EM0OlXWDe1rZ+N7XM1w="},"lastRemoteEphemeralKey":"BdJFPk8s7NwzETH7d3OmrNB99YqgcO/R3ddJjlwCjN5N","previousCounter":0,"rootKey":"sWMUDc9uH8rTGaB9gWV8mYVi8Hthk/gYR20hvb08axY="},"indexInfo":{"baseKey":"BRJ4fvKc0nzcFBTQ9jbM30ByGS1nf3Kg54MrvQyNFKwa","baseKeyType":1,"closed":-1,"used":1763718470693,"created":1763718470693,"remoteIdentityKey":"BbNT5LXBMb9GR5qBrGHzs2DQyfLTZsltkONrSSq+8QZT"},"_chains":{"BcAoASxFsUVHtMLAZ+Nzhvi4oqglOuHvK/vQZGnju14G":{"chainKey":{"counter":145,"key":"5GONG84QpWqxvhXDBw1tPONCsCRi7qCxgTX8hcwxLx8="},"chainType":1,"messageKeys":{}}},"pendingPreKey":{"signedKeyId":22,"baseKey":"BRJ4fvKc0nzcFBTQ9jbM30ByGS1nf3Kg54MrvQyNFKwa","preKeyId":46727}}},"version":"v1"}