{"_sessions":{"BbrG5zhqzkor64/iISkPagEl+5mKAQwSWoigjCd+EoJF":{"registrationId":1012119792,"currentRatchet":{"ephemeralKeyPair":{"pubKey":"BXGPWEy+KxS1nDID4BXGO75omcGANhQhR3X3ok/c3nwb","privKey":"wOOoSa9PMueoASwVkHul+F/tAdIYNv76upiQMAejgH8="},"lastRemoteEphemeralKey":"BTHH0l6NFHl0fi+0nYC/o+FWwnWB9c0u7b4vPaSG6Ete","previousCounter":0,"rootKey":"KEAhBBORQUevS+pNY8XVmSm9ft9N0U07HLvjlF6r76Q="},"indexInfo":{"baseKey":"BbrG5zhqzkor64/iISkPagEl+5mKAQwSWoigjCd+EoJF","baseKeyType":1,"closed":1763718476848,"used":1763718475951,"created":1763718475951,"remoteIdentityKey":"BUuRb07iYvOeir1CbImxyparLvxGqCPWSxKP9GnFUDEp"},"_chains":{"BXGPWEy+KxS1nDID4BXGO75omcGANhQhR3X3ok/c3nwb":{"chainKey":{"counter":-1,"key":"DwsNVwTi8jbndNEaM8oh195j5SffwZQOfl9h9hYitBI="},"chainType":1,"messageKeys":{}}},"pendingPreKey":{"signedKeyId":40,"baseKey":"BbrG5zhqzkor64/iISkPagEl+5mKAQwSWoigjCd+EoJF","preKeyId":11971640}},"BQBaLvXcBzhzDYK/IvkPjNtBzY6dkpKWlk7feyXbG6on":{"registrationId":1012119792,"currentRatchet":{"ephemeralKeyPair":{"pubKey":"BU8rPX7228b8CvN+vY/77qIKixaX3KuMcoSM6BpJTa9J","privKey":"wGREgL0kg4kCSmXKUGnF8hoGxecxx/g0HL1Gk71fcHc="},"lastRemoteEphemeralKey":"BTHH0l6NFHl0fi+0nYC/o+FWwnWB9c0u7b4vPaSG6Ete","previousCounter":0,"rootKey":"u8utascpkXw5WGlxDP4jWeR79sB072XsdkU09vnISBw="},"indexInfo":{"baseKey":"BQBaLvXcBzhzDYK/IvkPjNtBzY6dkpKWlk7feyXbG6on","baseKeyType":1,"closed":-1,"used":1763718476845,"created":1763718476845,"remoteIdentityKey":"BUuRb07iYvOeir1CbImxyparLvxGqCPWSxKP9GnFUDEp"},"_chains":{"BU8rPX7228b8CvN+vY/77qIKixaX3KuMcoSM6BpJTa9J":{"chainKey":{"counter":145,"key":"/YLesLIzAXlSJOiRsWAQlvnRVGD1IpecAIe5QUzwr6s="},"chainType":1,"messageKeys":{}}},"pendingPreKey":{"signedKeyId":40,"baseKey":"BQBaLvXcBzhzDYK/IvkPjNtBzY6dkpKWlk7feyXbG6on","preKeyId":11971685}}},"version":"v1"}