{"_sessions":{"BdFpUlSKMTCKSPoWbCjnlY5zFC63QcciXpgi2BKo7ZZx":{"registrationId":2103549100,"currentRatchet":{"ephemeralKeyPair":{"pubKey":"BanuE3AxBUoF8PU6dFiwty7yrl/hYCFKKsmGEUo0wWFZ","privKey":"yFsf1IBNUJM4Cnm4F/8H1J6W5+BFzxQ31TuEoirq82s="},"lastRemoteEphemeralKey":"BUPcLUJWFJiSe4kFxxE1g0JwuaT6JammxeSq+yWoTg0m","previousCounter":0,"rootKey":"ARm8S+3x5jWmPjz6Pyg/W1E/p0xRdL63gOaBUTsJy6Y="},"indexInfo":{"baseKey":"BdFpUlSKMTCKSPoWbCjnlY5zFC63QcciXpgi2BKo7ZZx","baseKeyType":1,"closed":1763718476201,"used":1763718475546,"created":1763718475546,"remoteIdentityKey":"BYqK45H62+MnN/Jbpjyi1sKuKqu6ZwnUVBWe8p6Rwm8X"},"_chains":{"BanuE3AxBUoF8PU6dFiwty7yrl/hYCFKKsmGEUo0wWFZ":{"chainKey":{"counter":-1,"key":"R3EgrSvg4xri9FSl2+U5+ZmOCZp4SSPicVTK2H0I2QI="},"chainType":1,"messageKeys":{}}},"pendingPreKey":{"signedKeyId":40,"baseKey":"BdFpUlSKMTCKSPoWbCjnlY5zFC63QcciXpgi2BKo7ZZx","preKeyId":14811159}},"BTNNu+Ake2ZCOttlGP8cxedWUVFyvnvtEK7D7QkUFe9f":{"registrationId":2103549100,"currentRatchet":{"ephemeralKeyPair":{"pubKey":"Baq7IRSJabBCKCH2pjMPiAOPfeiO8tEEjrI15b7MwlEi","privKey":"YExsRGL3YG2/TeEbu/yxFW/OkDoVtF8qVHcbrT3GP0k="},"lastRemoteEphemeralKey":"BUPcLUJWFJiSe4kFxxE1g0JwuaT6JammxeSq+yWoTg0m","previousCounter":0,"rootKey":"aonYU08Rpw6M1zf6wUpMH9pkUn5/fdUN4ts8BPvn238="},"indexInfo":{"baseKey":"BTNNu+Ake2ZCOttlGP8cxedWUVFyvnvtEK7D7QkUFe9f","baseKeyType":1,"closed":-1,"used":1763718476199,"created":1763718476199,"remoteIdentityKey":"BYqK45H62+MnN/Jbpjyi1sKuKqu6ZwnUVBWe8p6Rwm8X"},"_chains":{"Baq7IRSJabBCKCH2pjMPiAOPfeiO8tEEjrI15b7MwlEi":{"chainKey":{"counter":145,"key":"Cn5RLvTy5gTlnO7D2cgPSP3o5BeG4mJSnYKNWCKy1uY="},"chainType":1,"messageKeys":{}}},"pendingPreKey":{"signedKeyId":40,"baseKey":"BTNNu+Ake2ZCOttlGP8cxedWUVFyvnvtEK7D7QkUFe9f","preKeyId":14811270}}},"version":"v1"}