{"_sessions":{"BUxJUZIP55Oj6M17J+Iuor138Smjwr1DX67Il9Am05IS":{"registrationId":813580588,"currentRatchet":{"ephemeralKeyPair":{"pubKey":"BVY8YMk0BkBprSKqGfjEfYvT9ND9Bq+5M5xCipzvc0dO","privKey":"6M4hE3iUa6vikpvU7F/QSelgjdYs/lPOHZM4yceG410="},"lastRemoteEphemeralKey":"BbyzCG5Z5vBcY5COSW0cVeSzyOJBVA02rJZKIqsBWhwp","previousCounter":0,"rootKey":"l2hZtgZyD8ClRDNawtJhLqEnhdwlpJ6uLWJpoC3WRTY="},"indexInfo":{"baseKey":"BUxJUZIP55Oj6M17J+Iuor138Smjwr1DX67Il9Am05IS","baseKeyType":1,"closed":1763718480403,"used":1763718479354,"created":1763718479354,"remoteIdentityKey":"BYCqQGLgmhkNHx/wr8GPkmTQJNAY61Qcveqx1hLrOcJc"},"_chains":{"BVY8YMk0BkBprSKqGfjEfYvT9ND9Bq+5M5xCipzvc0dO":{"chainKey":{"counter":-1,"key":"/355a67gC8ICYnNYZo3Edav0FM+iG4ofDWobnsrYAYI="},"chainType":1,"messageKeys":{}}},"pendingPreKey":{"signedKeyId":7,"baseKey":"BUxJUZIP55Oj6M17J+Iuor138Smjwr1DX67Il9Am05IS","preKeyId":6143747}},"BaIG2zAIZeSheUQob7z25ey6px+Odkn6O0fgsWoa5793":{"registrationId":813580588,"currentRatchet":{"ephemeralKeyPair":{"pubKey":"BdrrvWIPY5KWZRyNMUTFu5ibptpyVxzc4lfUVzuWuw8E","privKey":"sCYTzSWIHv0HXwD8sq2NUb9c8APTRI8q39Ek8vFC83c="},"lastRemoteEphemeralKey":"BbyzCG5Z5vBcY5COSW0cVeSzyOJBVA02rJZKIqsBWhwp","previousCounter":0,"rootKey":"5VKE9PqVdHTKDGSRiFVPN70IuxntqBRzQb5giW5eQgM="},"indexInfo":{"baseKey":"BaIG2zAIZeSheUQob7z25ey6px+Odkn6O0fgsWoa5793","baseKeyType":1,"closed":-1,"used":1763718480400,"created":1763718480400,"remoteIdentityKey":"BYCqQGLgmhkNHx/wr8GPkmTQJNAY61Qcveqx1hLrOcJc"},"_chains":{"BdrrvWIPY5KWZRyNMUTFu5ibptpyVxzc4lfUVzuWuw8E":{"chainKey":{"counter":145,"key":"WFAWKT6VM9z9svhwAqWzDPB11WfdtPj17VD0qEeixYc="},"chainType":1,"messageKeys":{}}},"pendingPreKey":{"signedKeyId":7,"baseKey":"BaIG2zAIZeSheUQob7z25ey6px+Odkn6O0fgsWoa5793","preKeyId":6143945}}},"version":"v1"}