{"_sessions":{"BfMec4cH6LxB808/pTpcvrSb4f/f0YFxdv66mq3ii/xB":{"registrationId":2049129226,"currentRatchet":{"ephemeralKeyPair":{"pubKey":"BZ/RpWVX+rubAwpqr84nvI7nHWmdWlTZEEZZhkvOEC8z","privKey":"wL8yF9WdW0N0eSwQJbVYtv8kapT7BOFu4bPhKMZnAlE="},"lastRemoteEphemeralKey":"BfclO+rJlzCDquy+iuLWtUh9Xy0X8HaKXLsDH3lGAn5I","previousCounter":0,"rootKey":"QvpKZg3OOEa/7C7R7wEvG6IawE5H/6zG6Q38nAovDkg="},"indexInfo":{"baseKey":"BfMec4cH6LxB808/pTpcvrSb4f/f0YFxdv66mq3ii/xB","baseKeyType":1,"closed":1763718471506,"used":1763718470246,"created":1763718470246,"remoteIdentityKey":"Be/veja1MmyOwcQ88GQOWwNpIjjjtD7ReKnybR/A3SUK"},"_chains":{"BZ/RpWVX+rubAwpqr84nvI7nHWmdWlTZEEZZhkvOEC8z":{"chainKey":{"counter":-1,"key":"a0Z2wTfPthcg6t6SfOfxpMJQSrQA0DuC1QBK07/zR/A="},"chainType":1,"messageKeys":{}}},"pendingPreKey":{"signedKeyId":56,"baseKey":"BfMec4cH6LxB808/pTpcvrSb4f/f0YFxdv66mq3ii/xB","preKeyId":7298228}},"BRmRHpjPH8xLfHUAtrlOebbKCpdEHjxB+aNUPyMpMCsT":{"registrationId":2049129226,"currentRatchet":{"ephemeralKeyPair":{"pubKey":"Bc40uAQxfbjssa1Vk+pO0usCoggs8gCkps/ExczAEj08","privKey":"UP5XQfxr2wR/DoLrJq46E2cBaglPMWAXSUDlOFhcYmM="},"lastRemoteEphemeralKey":"BfclO+rJlzCDquy+iuLWtUh9Xy0X8HaKXLsDH3lGAn5I","previousCounter":0,"rootKey":"h4jGZCJBpW7DidXRFGpV8qGh+kQJRaFl5GpQ8/r4vDo="},"indexInfo":{"baseKey":"BRmRHpjPH8xLfHUAtrlOebbKCpdEHjxB+aNUPyMpMCsT","baseKeyType":1,"closed":-1,"used":1763718471503,"created":1763718471503,"remoteIdentityKey":"Be/veja1MmyOwcQ88GQOWwNpIjjjtD7ReKnybR/A3SUK"},"_chains":{"Bc40uAQxfbjssa1Vk+pO0usCoggs8gCkps/ExczAEj08":{"chainKey":{"counter":145,"key":"+EKBpPHWZqgRoNB6sx3HF+yGqYMeECojSj4O6uDKvLA="},"chainType":1,"messageKeys":{}}},"pendingPreKey":{"signedKeyId":56,"baseKey":"BRmRHpjPH8xLfHUAtrlOebbKCpdEHjxB+aNUPyMpMCsT","preKeyId":7298203}}},"version":"v1"}