{"_sessions":{"BYhod37fJlkjBSJTprJSTGdP4/esFtb3ofUjs14s4w1L":{"registrationId":1914412240,"currentRatchet":{"ephemeralKeyPair":{"pubKey":"BWhsx2ZoA3x7544pgaRkqAurMnGCh1Bk2BWlvn4zVaZb","privKey":"CPa9XCVUaJiS0e2aztZwK3gH8ZWoJmHt/fQ+29WN+WU="},"lastRemoteEphemeralKey":"Bc5T+r8wvfLxmM4M6a+o4xxab7mmtTCuNLahyNCqVng9","previousCounter":0,"rootKey":"kKwNeyvv+6N1rFGJ+TyCFUEo3Z6i+52Fnik3tvUeJic="},"indexInfo":{"baseKey":"BYhod37fJlkjBSJTprJSTGdP4/esFtb3ofUjs14s4w1L","baseKeyType":1,"closed":1763718470519,"used":1763718469670,"created":1763718469670,"remoteIdentityKey":"Bf2q44Ar2ORCiWOC0xf3LgtSWMD/CjahIGMVQFVixEUt"},"_chains":{"BWhsx2ZoA3x7544pgaRkqAurMnGCh1Bk2BWlvn4zVaZb":{"chainKey":{"counter":-1,"key":"iYQVbfpBCsE8fVGinU3KmUDE95dKF49RIGZyCGYELG4="},"chainType":1,"messageKeys":{}}},"pendingPreKey":{"signedKeyId":4,"baseKey":"BYhod37fJlkjBSJTprJSTGdP4/esFtb3ofUjs14s4w1L"}},"BWu1+EgqwmIYO059xlzTx/MSXLER144qfsSKLlb2rdUS":{"registrationId":1914412240,"currentRatchet":{"ephemeralKeyPair":{"pubKey":"BWAvPougNf+UYJciLodhhKsIrpHsGfgnJNpYQuDSX7hR","privKey":"2B7BrKbriqh7jCaHl6bWGhOl88XnK5jWU7Sjgwn0FHc="},"lastRemoteEphemeralKey":"Bc5T+r8wvfLxmM4M6a+o4xxab7mmtTCuNLahyNCqVng9","previousCounter":0,"rootKey":"/2Hq3nBVud9jqO96sDSmQIomQ6s99b0l4XLmOLXRsAY="},"indexInfo":{"baseKey":"BWu1+EgqwmIYO059xlzTx/MSXLER144qfsSKLlb2rdUS","baseKeyType":1,"closed":-1,"used":1763718470515,"created":1763718470515,"remoteIdentityKey":"Bf2q44Ar2ORCiWOC0xf3LgtSWMD/CjahIGMVQFVixEUt"},"_chains":{"BWAvPougNf+UYJciLodhhKsIrpHsGfgnJNpYQuDSX7hR":{"chainKey":{"counter":145,"key":"l2flhjSdlO13D6jZ3tdgPaSFY1+bnxrBPOuOJ6fjxfQ="},"chainType":1,"messageKeys":{}}},"pendingPreKey":{"signedKeyId":4,"baseKey":"BWu1+EgqwmIYO059xlzTx/MSXLER144qfsSKLlb2rdUS"}}},"version":"v1"}