{"_sessions":{"BSAVJj4zcVPImHcW8BIg1OVjyTpdB4YUql8dfFJpRLoz":{"registrationId":601283508,"currentRatchet":{"ephemeralKeyPair":{"pubKey":"Bb0mZaZWdG4znIC18ZNPscGIzNKqPDoID9sOE6kB3rRy","privKey":"sOrfycO3JS0EpZ/S7ME0bQaZzx1xc23ph+HTmRLC+kk="},"lastRemoteEphemeralKey":"BcqbVM78iyF9vlMtdgsLtsWR6gkrZj2Tk1OUhVn9rQRj","previousCounter":0,"rootKey":"920n8hKCXCJ+yiiR9sne7slCmwacEISP+nO/CuNwAFA="},"indexInfo":{"baseKey":"BSAVJj4zcVPImHcW8BIg1OVjyTpdB4YUql8dfFJpRLoz","baseKeyType":1,"closed":1763718481960,"used":1763718481156,"created":1763718481156,"remoteIdentityKey":"BZpCCrG+uJUfjM5OG4n5NxTJENka9IyqcmjE71FNv/Bp"},"_chains":{"Bb0mZaZWdG4znIC18ZNPscGIzNKqPDoID9sOE6kB3rRy":{"chainKey":{"counter":-1,"key":"zI6Whb0ZGK2MuU3fCEeJxCyy4ZTOfngBWXB+I+kJod4="},"chainType":1,"messageKeys":{}}},"pendingPreKey":{"signedKeyId":16196409,"baseKey":"BSAVJj4zcVPImHcW8BIg1OVjyTpdB4YUql8dfFJpRLoz"}},"BbnAPF5ffHTR68FYNlAjcPh8A5+U8EcspmDYzTx6gwEH":{"registrationId":601283508,"currentRatchet":{"ephemeralKeyPair":{"pubKey":"Bd8wd4znEpMGOdb5Fu24rPpiY1uzFoSaSG6vEHBA+B89","privKey":"KA9I4MXk+MOGMle2fbHhLXdxk53Xrm0jP8Mzu/3m2m0="},"lastRemoteEphemeralKey":"BcqbVM78iyF9vlMtdgsLtsWR6gkrZj2Tk1OUhVn9rQRj","previousCounter":0,"rootKey":"ADtOoDnMAeblxI+Gg6+vBny+2RfDg+SkhPo75Z1aLwk="},"indexInfo":{"baseKey":"BbnAPF5ffHTR68FYNlAjcPh8A5+U8EcspmDYzTx6gwEH","baseKeyType":1,"closed":-1,"used":1763718481957,"created":1763718481957,"remoteIdentityKey":"BZpCCrG+uJUfjM5OG4n5NxTJENka9IyqcmjE71FNv/Bp"},"_chains":{"Bd8wd4znEpMGOdb5Fu24rPpiY1uzFoSaSG6vEHBA+B89":{"chainKey":{"counter":145,"key":"ExeDpHdrKN9j2/y/Y0iGws2Tn6cA6FmVm0Nd0+3GPWw="},"chainType":1,"messageKeys":{}}},"pendingPreKey":{"signedKeyId":16196409,"baseKey":"BbnAPF5ffHTR68FYNlAjcPh8A5+U8EcspmDYzTx6gwEH"}}},"version":"v1"}