{"_sessions":{"BQ2TPW0rkEys3xuMS8UXXO9LJC2RHi8I5UKC3/4TaDZx":{"registrationId":1728799528,"currentRatchet":{"ephemeralKeyPair":{"pubKey":"BduY3WXczf5dCS2/yd/WSAM8sYGp5IBj9CZvI/vOEV8j","privKey":"yNKCk5Qzwi1WaCCSqtn6/WQS9p3ejd66gNUO1knwIEk="},"lastRemoteEphemeralKey":"Bd4PsYta+sF9H0ZkFwVE6picYSiaWSm6MqFeya5bs+xQ","previousCounter":0,"rootKey":"Q8We+U4w/pislebeki+dV8j/WB7ZhghNYiepejgZhpU="},"indexInfo":{"baseKey":"BQ2TPW0rkEys3xuMS8UXXO9LJC2RHi8I5UKC3/4TaDZx","baseKeyType":1,"closed":1763718470592,"used":1763718469707,"created":1763718469707,"remoteIdentityKey":"BdPM+dMcOuUT4qRnwzdIwkkhmqlIuOD8G9/CbVvJCOVq"},"_chains":{"BduY3WXczf5dCS2/yd/WSAM8sYGp5IBj9CZvI/vOEV8j":{"chainKey":{"counter":-1,"key":"qwhhOzxgti0synKc5kKzv0DFEb7C8GDV+gZymvSeEiY="},"chainType":1,"messageKeys":{}}},"pendingPreKey":{"signedKeyId":13,"baseKey":"BQ2TPW0rkEys3xuMS8UXXO9LJC2RHi8I5UKC3/4TaDZx","preKeyId":4656477}},"BXpc2dZlNEzb5y+CXMQq836kZTGTk6M+gFSz5URAVnNs":{"registrationId":1728799528,"currentRatchet":{"ephemeralKeyPair":{"pubKey":"BTKg66nSCGd3u20QHCGOYibExEsRyupNocYUS2vO5OYe","privKey":"0DVLklZe+ZD2Yejh5Z5EnXFuWP4GUKoAgL2GL1xkYXE="},"lastRemoteEphemeralKey":"Bd4PsYta+sF9H0ZkFwVE6picYSiaWSm6MqFeya5bs+xQ","previousCounter":0,"rootKey":"Q7Nh6Vu/ughIW6peix5u+dMfWLVqCAFg5612q8/s4GI="},"indexInfo":{"baseKey":"BXpc2dZlNEzb5y+CXMQq836kZTGTk6M+gFSz5URAVnNs","baseKeyType":1,"closed":-1,"used":1763718470589,"created":1763718470589,"remoteIdentityKey":"BdPM+dMcOuUT4qRnwzdIwkkhmqlIuOD8G9/CbVvJCOVq"},"_chains":{"BTKg66nSCGd3u20QHCGOYibExEsRyupNocYUS2vO5OYe":{"chainKey":{"counter":145,"key":"sAPQhGR9RZ4Cy9C3djZqf1NQUh9/Ig4755HEBAzxSsY="},"chainType":1,"messageKeys":{}}},"pendingPreKey":{"signedKeyId":13,"baseKey":"BXpc2dZlNEzb5y+CXMQq836kZTGTk6M+gFSz5URAVnNs","preKeyId":4656481}}},"version":"v1"}