{"_sessions":{"BaVTjLLxAnTj5wBs9P9qQCuS6nRNpWx3mE+3UFRxvMMI":{"registrationId":1161642223,"currentRatchet":{"ephemeralKeyPair":{"pubKey":"BTOytVvo5VynVrG5r9Q/3bzV6Vj0VAsbFusSjEwr+sgU","privKey":"6FpB691oSrdyzF8GikWtwcdVW3WDW+2oRQLrhJewz1w="},"lastRemoteEphemeralKey":"Bej5otbR8yRkpQNkslghI0qgJeFOj4NcRTOafUfZFJZ/","previousCounter":0,"rootKey":"sOpyg393rXy+iKIXl/aVxCFUogYVe7uS46+pQOS9oo4="},"indexInfo":{"baseKey":"BaVTjLLxAnTj5wBs9P9qQCuS6nRNpWx3mE+3UFRxvMMI","baseKeyType":1,"closed":1763718472651,"used":1763718471779,"created":1763718471779,"remoteIdentityKey":"BRa+wc4eZOoTMb37Q8vUU4QZLakquJLvR3j7femOod0v"},"_chains":{"BTOytVvo5VynVrG5r9Q/3bzV6Vj0VAsbFusSjEwr+sgU":{"chainKey":{"counter":-1,"key":"8PpIxmj/DYK3hz1Jw5bSLV/X+C+OowZpx4wGN8BRONs="},"chainType":1,"messageKeys":{}}},"pendingPreKey":{"signedKeyId":21,"baseKey":"BaVTjLLxAnTj5wBs9P9qQCuS6nRNpWx3mE+3UFRxvMMI","preKeyId":8433779}},"BamPo7XZmcQEEP7XHzsk/jOAJQ00x2hx8RpCJUUZDMho":{"registrationId":1161642223,"currentRatchet":{"ephemeralKeyPair":{"pubKey":"BaCDlpdB6OsqMPBAoVC5mKvpKvxgqxUzRUCEXZmSPh9N","privKey":"oLGTwcSjdtLD15zlzxJUhorMeg2CS+MOXyP9ggeHlkM="},"lastRemoteEphemeralKey":"Bej5otbR8yRkpQNkslghI0qgJeFOj4NcRTOafUfZFJZ/","previousCounter":0,"rootKey":"qx6VWaA1amAaJNVZEj284+Z7GJuKsdrcgMsXxP8SakI="},"indexInfo":{"baseKey":"BamPo7XZmcQEEP7XHzsk/jOAJQ00x2hx8RpCJUUZDMho","baseKeyType":1,"closed":-1,"used":1763718472648,"created":1763718472648,"remoteIdentityKey":"BRa+wc4eZOoTMb37Q8vUU4QZLakquJLvR3j7femOod0v"},"_chains":{"BaCDlpdB6OsqMPBAoVC5mKvpKvxgqxUzRUCEXZmSPh9N":{"chainKey":{"counter":145,"key":"D2PpUn5eU/zfTeLCwWsmcl5TKtw++urI73Lyd00/U7s="},"chainType":1,"messageKeys":{}}},"pendingPreKey":{"signedKeyId":21,"baseKey":"BamPo7XZmcQEEP7XHzsk/jOAJQ00x2hx8RpCJUUZDMho","preKeyId":8433809}}},"version":"v1"}