{"_sessions":{"BXAVxuh/vIRu6j2BfhvbbawO8g3V3ylFikdpkYOkwv9N":{"registrationId":475715827,"currentRatchet":{"ephemeralKeyPair":{"pubKey":"Be3WWu0T479tHItc6i/niV/ScwRsnK4lUHqGQef93DVZ","privKey":"+JWcxtcwLCQwWhXRX0x3s2RjLose/LrPHoPBjcXMo38="},"lastRemoteEphemeralKey":"BWAhmSizEd8QMksg8wYIjWDsKb0Mcyw94qpCXoxWzwF1","previousCounter":0,"rootKey":"QU7ox2+5DRyTysoWhgDZziJrQh25m/I3vwDZ5LSZDck="},"indexInfo":{"baseKey":"BXAVxuh/vIRu6j2BfhvbbawO8g3V3ylFikdpkYOkwv9N","baseKeyType":1,"closed":1763718472565,"used":1763718471729,"created":1763718471729,"remoteIdentityKey":"BfGBojbUzCn5qsPkClMFVlFjqa/TDKBx9pmcbnSPRMga"},"_chains":{"Be3WWu0T479tHItc6i/niV/ScwRsnK4lUHqGQef93DVZ":{"chainKey":{"counter":-1,"key":"YrRxX8y/fWjIQQ6lUTjHse5l950LFyU0w+EO7XOi9jg="},"chainType":1,"messageKeys":{}}},"pendingPreKey":{"signedKeyId":13544899,"baseKey":"BXAVxuh/vIRu6j2BfhvbbawO8g3V3ylFikdpkYOkwv9N","preKeyId":6477536}},"BaNVbjmg8gjusok2fu0ice/sMBpEf5yYaWZa81JhQoMw":{"registrationId":475715827,"currentRatchet":{"ephemeralKeyPair":{"pubKey":"BQeFD4IBKLWW8+59OnWXLOia7wr4yjqCqkSKbYqHGYVQ","privKey":"CB2bXpVeGT+xdGnKxlFghVmoiMJl5g4RXP7RYGLep2w="},"lastRemoteEphemeralKey":"BWAhmSizEd8QMksg8wYIjWDsKb0Mcyw94qpCXoxWzwF1","previousCounter":0,"rootKey":"szkpJ1JFutRmF0MGJXAwWm5chhqKGQ3LGgBB5q4sAiM="},"indexInfo":{"baseKey":"BaNVbjmg8gjusok2fu0ice/sMBpEf5yYaWZa81JhQoMw","baseKeyType":1,"closed":-1,"used":1763718472563,"created":1763718472563,"remoteIdentityKey":"BfGBojbUzCn5qsPkClMFVlFjqa/TDKBx9pmcbnSPRMga"},"_chains":{"BQeFD4IBKLWW8+59OnWXLOia7wr4yjqCqkSKbYqHGYVQ":{"chainKey":{"counter":145,"key":"AzG9p7sUCowf9No9jycSiKAmjzy7XCEFNhgvCRda/yo="},"chainType":1,"messageKeys":{}}},"pendingPreKey":{"signedKeyId":13544899,"baseKey":"BaNVbjmg8gjusok2fu0ice/sMBpEf5yYaWZa81JhQoMw","preKeyId":6477457}}},"version":"v1"}