{"_sessions":{"BZEj67lHeS+zbdavW3OsoKWuVWfWaa2aPhD8qBZ0iiA0":{"registrationId":95688796,"currentRatchet":{"ephemeralKeyPair":{"pubKey":"BfaRWVvFkrEuOcT8dcHPcyLFR1GFdSBX/ky/72S0QLV+","privKey":"YBlHH/fleczfnBmHERTdTwkREfWXCJLjQUi9/iIK30c="},"lastRemoteEphemeralKey":"BbwTSTuRA6C7tA3aU0G0D7D0OPll5JPKJvUJuElQAh5v","previousCounter":0,"rootKey":"v4yyEUx+WhGU07ENLq9ikscUvlow3i8e1LFCILF5c4M="},"indexInfo":{"baseKey":"BZEj67lHeS+zbdavW3OsoKWuVWfWaa2aPhD8qBZ0iiA0","baseKeyType":1,"closed":1763718474607,"used":1763718473763,"created":1763718473763,"remoteIdentityKey":"BTU0DdBjoVxdVL2X0Gdmz1DyUmNjSsy7vOuThbCDTTBk"},"_chains":{"BfaRWVvFkrEuOcT8dcHPcyLFR1GFdSBX/ky/72S0QLV+":{"chainKey":{"counter":-1,"key":"lzygoFxS3mHEJy26YtE8BrtLszWtFLeWAum7Ehw8g/Q="},"chainType":1,"messageKeys":{}}},"pendingPreKey":{"signedKeyId":6,"baseKey":"BZEj67lHeS+zbdavW3OsoKWuVWfWaa2aPhD8qBZ0iiA0","preKeyId":8586796}},"BTHWni8kjE2A7dj0xTZ7BcxeypdLOcM9K3hgEN/MMlFE":{"registrationId":95688796,"currentRatchet":{"ephemeralKeyPair":{"pubKey":"BbY/wSY7Ykql46uELB9cxzArgCDZvfyeWEBSYYjn5dMn","privKey":"EH3/66sJcQBEqfrNlzv6Ee5+p0IM160CFqlt7JuQmmk="},"lastRemoteEphemeralKey":"BbwTSTuRA6C7tA3aU0G0D7D0OPll5JPKJvUJuElQAh5v","previousCounter":0,"rootKey":"/bnrhPYiXdW1rzTXnN2tTNBEweK7Muoab+7GcvuqpcM="},"indexInfo":{"baseKey":"BTHWni8kjE2A7dj0xTZ7BcxeypdLOcM9K3hgEN/MMlFE","baseKeyType":1,"closed":-1,"used":1763718474605,"created":1763718474605,"remoteIdentityKey":"BTU0DdBjoVxdVL2X0Gdmz1DyUmNjSsy7vOuThbCDTTBk"},"_chains":{"BbY/wSY7Ykql46uELB9cxzArgCDZvfyeWEBSYYjn5dMn":{"chainKey":{"counter":145,"key":"rUEzt5vl1LZSh6muR0hyIZSl7uzT5WdwBDcOVxqpEP0="},"chainType":1,"messageKeys":{}}},"pendingPreKey":{"signedKeyId":6,"baseKey":"BTHWni8kjE2A7dj0xTZ7BcxeypdLOcM9K3hgEN/MMlFE","preKeyId":8586914}}},"version":"v1"}