{"_sessions":{"Bf7/WPQt5abLM2Y0R4ogOZPV4MOyoLsezpz5/JpCcBxN":{"registrationId":195255400,"currentRatchet":{"ephemeralKeyPair":{"pubKey":"BXccW14LXf08ftvSsHZmcLjmZsP30tZzN/vQtfF5KtMr","privKey":"yKxtrMNaFgJHcCrswN/KYpvEQe4WYR6BpBOPPNWy7UM="},"lastRemoteEphemeralKey":"BdubZfJkthZ9eqh1sQQlc1BmCITftyKWXazkmqIoBO5h","previousCounter":0,"rootKey":"E0gUaGFtAQZlf1JHQv/HsVjv96MFXC34pb9Fa06oUYc="},"indexInfo":{"baseKey":"Bf7/WPQt5abLM2Y0R4ogOZPV4MOyoLsezpz5/JpCcBxN","baseKeyType":1,"closed":1763718471184,"used":1763718470053,"created":1763718470053,"remoteIdentityKey":"BVl6ouJFuUEQ+5Iex2yLYgmF/zcKh8R4uvTnKzsiEHEp"},"_chains":{"BXccW14LXf08ftvSsHZmcLjmZsP30tZzN/vQtfF5KtMr":{"chainKey":{"counter":-1,"key":"LuvsUXbxhRFrV6XOAi5BkTnk3yjIBY5c64YKUdbL118="},"chainType":1,"messageKeys":{}}},"pendingPreKey":{"signedKeyId":7943668,"baseKey":"Bf7/WPQt5abLM2Y0R4ogOZPV4MOyoLsezpz5/JpCcBxN","preKeyId":12532017}},"BbPYt+IV26W9Z/lm55O0XJtrhWvC4A/0zKTvvUsxIkVL":{"registrationId":195255400,"currentRatchet":{"ephemeralKeyPair":{"pubKey":"BZM0NBiG4jzx2pXzAanV6P3HEpCxJCOOFEAM5qchzsM1","privKey":"+CLxKFGgXlM4EHuYoqbGCnS/BoNLl7nIcyO4JFM1KXw="},"lastRemoteEphemeralKey":"BdubZfJkthZ9eqh1sQQlc1BmCITftyKWXazkmqIoBO5h","previousCounter":0,"rootKey":"dDbSqmrQ0N35gnmawHoqItwqBbzm1Y/qqWij3Sl1JWA="},"indexInfo":{"baseKey":"BbPYt+IV26W9Z/lm55O0XJtrhWvC4A/0zKTvvUsxIkVL","baseKeyType":1,"closed":-1,"used":1763718471180,"created":1763718471180,"remoteIdentityKey":"BVl6ouJFuUEQ+5Iex2yLYgmF/zcKh8R4uvTnKzsiEHEp"},"_chains":{"BZM0NBiG4jzx2pXzAanV6P3HEpCxJCOOFEAM5qchzsM1":{"chainKey":{"counter":145,"key":"K0E0BUkfk4b1uF7NVR4fBKe+cfPSQAG5cI4IMQ/NT+E="},"chainType":1,"messageKeys":{}}},"pendingPreKey":{"signedKeyId":7943668,"baseKey":"BbPYt+IV26W9Z/lm55O0XJtrhWvC4A/0zKTvvUsxIkVL","preKeyId":12532126}}},"version":"v1"}