{"_sessions":{"BfEkvgh0yUqbiwdinUw0lppcRrWPOqtUUrdiMLL8ZI99":{"registrationId":343947323,"currentRatchet":{"ephemeralKeyPair":{"pubKey":"BdTl8N3TpCPfsAxrgKmAPk2PBN3yfthUHads1ywra2BU","privKey":"4JtDxrUZY82iMf9Rny/w3HYr7aPsLKq5tNj/pIyijVI="},"lastRemoteEphemeralKey":"Bc4bJ2hUhrCIFu28jRSbUT9Yf+66fzSGAqVNXPxRwJUM","previousCounter":0,"rootKey":"JnzlhcRPBh0ymPQEcEnVk2OVeQo0+r1R3plA8dCstEM="},"indexInfo":{"baseKey":"BfEkvgh0yUqbiwdinUw0lppcRrWPOqtUUrdiMLL8ZI99","baseKeyType":1,"closed":1763718475240,"used":1763718474194,"created":1763718474194,"remoteIdentityKey":"BRLwiQcoaAPpUq/1tmdP3+DWvIFYeK1KhbVetP1KDaQ6"},"_chains":{"BdTl8N3TpCPfsAxrgKmAPk2PBN3yfthUHads1ywra2BU":{"chainKey":{"counter":-1,"key":"Ek/jVntrg7GMYQJh835SFWov2c+riHKTaR/cVsfdiEs="},"chainType":1,"messageKeys":{}}},"pendingPreKey":{"signedKeyId":28,"baseKey":"BfEkvgh0yUqbiwdinUw0lppcRrWPOqtUUrdiMLL8ZI99","preKeyId":11222808}},"BQWJMqfTo2ZvEJ5faYGgdCWqnuieNQdUYAAdA0P5TGYq":{"registrationId":343947323,"currentRatchet":{"ephemeralKeyPair":{"pubKey":"BTXL5SKpUUJIpSC5sN4bje+fzHU7Pm8J/ojeS0pwLkQR","privKey":"OAdqbTfSvgvuzRk3ULTOtsPniS613rg4InR2e+nO9GM="},"lastRemoteEphemeralKey":"Bc4bJ2hUhrCIFu28jRSbUT9Yf+66fzSGAqVNXPxRwJUM","previousCounter":0,"rootKey":"lgYroK5Q2kTNpW5BqS2m02kUASczSOcmakalnhnwZgQ="},"indexInfo":{"baseKey":"BQWJMqfTo2ZvEJ5faYGgdCWqnuieNQdUYAAdA0P5TGYq","baseKeyType":1,"closed":-1,"used":1763718475238,"created":1763718475238,"remoteIdentityKey":"BRLwiQcoaAPpUq/1tmdP3+DWvIFYeK1KhbVetP1KDaQ6"},"_chains":{"BTXL5SKpUUJIpSC5sN4bje+fzHU7Pm8J/ojeS0pwLkQR":{"chainKey":{"counter":145,"key":"vQlhQvfR006OcZRrOVFCRO0Ju8UZhbcn+ExWVPvgTYs="},"chainType":1,"messageKeys":{}}},"pendingPreKey":{"signedKeyId":28,"baseKey":"BQWJMqfTo2ZvEJ5faYGgdCWqnuieNQdUYAAdA0P5TGYq","preKeyId":11223399}}},"version":"v1"}