{"_sessions":{"BZC4G1iKOegJs2Ja6elQ6gtfAlW71niyW/6B+PVPumou":{"registrationId":1582832561,"currentRatchet":{"ephemeralKeyPair":{"pubKey":"BXdPQ6ZwhYgrpdAjRDAqXG2FbBM/hbiPKMNMauUlLDUl","privKey":"wOA9pV8XjJvgHYruaewNyaIRLORJs1ebPde9K970QF0="},"lastRemoteEphemeralKey":"BUlS2WgpSvpMVMrhOGnDUTtTJDkdbCGTKszkMik9j6Mk","previousCounter":0,"rootKey":"VsASzYJqqe3ePXAEzSp7BPLvwniLayzlU9n5Oib/Yz8="},"indexInfo":{"baseKey":"BZC4G1iKOegJs2Ja6elQ6gtfAlW71niyW/6B+PVPumou","baseKeyType":1,"closed":1763718471465,"used":1763718470214,"created":1763718470214,"remoteIdentityKey":"BXQ/RaNJP3/zVhLeq7JILgnCxdpXN/0ExJ3nDXkQ6eE9"},"_chains":{"BXdPQ6ZwhYgrpdAjRDAqXG2FbBM/hbiPKMNMauUlLDUl":{"chainKey":{"counter":-1,"key":"1c9uv/BTaGbmPV32XuVD1o1jYKtMEM4mm6K9bq+PxDM="},"chainType":1,"messageKeys":{}}},"pendingPreKey":{"signedKeyId":10,"baseKey":"BZC4G1iKOegJs2Ja6elQ6gtfAlW71niyW/6B+PVPumou","preKeyId":6891692}},"BQ3BEUpQxyU9GYW+Q0kUJZJ6BfNCf8V6DplYOnNYTuAe":{"registrationId":1582832561,"currentRatchet":{"ephemeralKeyPair":{"pubKey":"BeCDg8sLnlT1PqtCdRYlIQ+aFVWxxh7xzcvTP1J1Pdw+","privKey":"YNgH7J4IC/sifXHe30wNowvgE/MIPHDF4xF8ojMQIG8="},"lastRemoteEphemeralKey":"BUlS2WgpSvpMVMrhOGnDUTtTJDkdbCGTKszkMik9j6Mk","previousCounter":0,"rootKey":"UKcj0XSDQMKiBBTsTC5X3Zt8pQ+6gzmtmy4iwEsMgV4="},"indexInfo":{"baseKey":"BQ3BEUpQxyU9GYW+Q0kUJZJ6BfNCf8V6DplYOnNYTuAe","baseKeyType":1,"closed":-1,"used":1763718471462,"created":1763718471462,"remoteIdentityKey":"BXQ/RaNJP3/zVhLeq7JILgnCxdpXN/0ExJ3nDXkQ6eE9"},"_chains":{"BeCDg8sLnlT1PqtCdRYlIQ+aFVWxxh7xzcvTP1J1Pdw+":{"chainKey":{"counter":145,"key":"FlWru8Ts0pQdav9o+vHHvLz3l7yDsSFhyDZ/sVLnNKs="},"chainType":1,"messageKeys":{}}},"pendingPreKey":{"signedKeyId":10,"baseKey":"BQ3BEUpQxyU9GYW+Q0kUJZJ6BfNCf8V6DplYOnNYTuAe","preKeyId":6891722}}},"version":"v1"}