{"_sessions":{"BQjbD966rNUnCX2uAUO+mKjkKL0OgO9/MNUEt+TbK/Jg":{"registrationId":797202733,"currentRatchet":{"ephemeralKeyPair":{"pubKey":"BV1vDh9n63SjZHCrAKARWdmVgPQJS9p4DIrlV0bp+LVK","privKey":"aBazZBAZBrnjS/Q4CVsY4/JDEO3q32PewzJtQd59Ing="},"lastRemoteEphemeralKey":"BWl07EGF56HK3RPIFpXNj7afs5Wkmq/FGQsNO+Frhn86","previousCounter":0,"rootKey":"xotrL7We4yapRNlk/JwfjFIqZtNn0YKeZBzh13hQLtI="},"indexInfo":{"baseKey":"BQjbD966rNUnCX2uAUO+mKjkKL0OgO9/MNUEt+TbK/Jg","baseKeyType":1,"closed":1763718472444,"used":1763718471690,"created":1763718471690,"remoteIdentityKey":"BUEdAguvd5DfWaOFo5zMptWZjT9+bLcUp2MLOcmHp8RO"},"_chains":{"BV1vDh9n63SjZHCrAKARWdmVgPQJS9p4DIrlV0bp+LVK":{"chainKey":{"counter":-1,"key":"QKS+TCVnne90nyl9bAZyWlVENaehZ1RYdAuAOBCcNWY="},"chainType":1,"messageKeys":{}}},"pendingPreKey":{"signedKeyId":974744,"baseKey":"BQjbD966rNUnCX2uAUO+mKjkKL0OgO9/MNUEt+TbK/Jg","preKeyId":9756330}},"BRr1FkuHEwRlbi9EKPQOTR3//DnxFogwJ2Lg+WFAm8RX":{"registrationId":797202733,"currentRatchet":{"ephemeralKeyPair":{"pubKey":"BfExlPprO3TW2WUfnxvD7QY7eeGTFxpbACgzJGM58bsZ","privKey":"oESICdBxf80VkFHzWhydQr8iuESwOFTanzq7nFSN70A="},"lastRemoteEphemeralKey":"BWl07EGF56HK3RPIFpXNj7afs5Wkmq/FGQsNO+Frhn86","previousCounter":0,"rootKey":"he1ucht/oKgNmiOwtyXATuER7Osi1efW0sgtZk1UJ7A="},"indexInfo":{"baseKey":"BRr1FkuHEwRlbi9EKPQOTR3//DnxFogwJ2Lg+WFAm8RX","baseKeyType":1,"closed":-1,"used":1763718472374,"created":1763718472374,"remoteIdentityKey":"BUEdAguvd5DfWaOFo5zMptWZjT9+bLcUp2MLOcmHp8RO"},"_chains":{"BfExlPprO3TW2WUfnxvD7QY7eeGTFxpbACgzJGM58bsZ":{"chainKey":{"counter":145,"key":"qZDv2eTievuCot9Yh7U2dAlj1K62AQmrZq0XPfb9Y50="},"chainType":1,"messageKeys":{}}},"pendingPreKey":{"signedKeyId":974744,"baseKey":"BRr1FkuHEwRlbi9EKPQOTR3//DnxFogwJ2Lg+WFAm8RX","preKeyId":9756196}}},"version":"v1"}