{"_sessions":{"Bf2HFyv8UPt4snmS7b7MQNaiTFx8rtORspaeZ0Uqf04f":{"registrationId":1003406065,"currentRatchet":{"ephemeralKeyPair":{"pubKey":"BYMfXa5AN577EdUAmNmu9aZWWlhIo7yYZ4oVMx2o6HpJ","privKey":"4KjFU1Lx+2pBaJ8HUcv/0G4+O7NQ3LDpCVtYQBbQQ38="},"lastRemoteEphemeralKey":"BfhU0jLKnzQi4oGAMHJ23aoX5SXjWlXwce+fpFBPcYAu","previousCounter":0,"rootKey":"jE4vtd6bc+JuYK9KriVj1tTTpvNG8s1rBVrxzo4wsYU="},"indexInfo":{"baseKey":"Bf2HFyv8UPt4snmS7b7MQNaiTFx8rtORspaeZ0Uqf04f","baseKeyType":1,"closed":1763718479819,"used":1763718479035,"created":1763718479035,"remoteIdentityKey":"BQinki2nldqnfsddv8typuGOYUarr/sIzLw5ZV1dAORy"},"_chains":{"BYMfXa5AN577EdUAmNmu9aZWWlhIo7yYZ4oVMx2o6HpJ":{"chainKey":{"counter":-1,"key":"FQDfr9qVsMKql1mDEBjqLkOEMUKWD0LhGuWDmw3KwtU="},"chainType":1,"messageKeys":{}}},"pendingPreKey":{"signedKeyId":35,"baseKey":"Bf2HFyv8UPt4snmS7b7MQNaiTFx8rtORspaeZ0Uqf04f","preKeyId":13126276}},"BT4Yj8EfSRexFeIeXp10uyJmBMhoevxMwLZ7uFw+38UM":{"registrationId":1003406065,"currentRatchet":{"ephemeralKeyPair":{"pubKey":"BRErqsql3vN3njb+M7AMGmspVE57OX1Kbt+4w/vczi5T","privKey":"cDCFBxpisKX9+bJkJrj7NT70usC5Uam1csKInWB7ykY="},"lastRemoteEphemeralKey":"BfhU0jLKnzQi4oGAMHJ23aoX5SXjWlXwce+fpFBPcYAu","previousCounter":0,"rootKey":"9Q0G6m5w43Sx11z1n6XxTIAIX3SUzgiQGI5S3EWiOwA="},"indexInfo":{"baseKey":"BT4Yj8EfSRexFeIeXp10uyJmBMhoevxMwLZ7uFw+38UM","baseKeyType":1,"closed":-1,"used":1763718479817,"created":1763718479817,"remoteIdentityKey":"BQinki2nldqnfsddv8typuGOYUarr/sIzLw5ZV1dAORy"},"_chains":{"BRErqsql3vN3njb+M7AMGmspVE57OX1Kbt+4w/vczi5T":{"chainKey":{"counter":145,"key":"/7Fen3yz/PLBnBiGNaphRA/idXs9AtNJ6vVjigNtHQk="},"chainType":1,"messageKeys":{}}},"pendingPreKey":{"signedKeyId":35,"baseKey":"BT4Yj8EfSRexFeIeXp10uyJmBMhoevxMwLZ7uFw+38UM","preKeyId":13125575}}},"version":"v1"}