{"_sessions":{"Bd6DoI+l//aKSpO9O6I6I6DxnKUMTaXsWkna8NpSE+oV":{"registrationId":395206738,"currentRatchet":{"ephemeralKeyPair":{"pubKey":"BesJKSWQz15h9fpEmfqkEHedWVgvEteOtM/83STYeiQy","privKey":"ODtF7es+BsLnjNnulq1Kk1/FMgXqY7IyShKdC56O2EM="},"lastRemoteEphemeralKey":"BcVnWQ/5TFD4qgMKv64Z/NNGXWtQu5no9803Y2wuJRFz","previousCounter":0,"rootKey":"I58aewZSXh2bo0k5OAKQM0T5CrFGEeMpZ1nOlLWndic="},"indexInfo":{"baseKey":"Bd6DoI+l//aKSpO9O6I6I6DxnKUMTaXsWkna8NpSE+oV","baseKeyType":1,"closed":1763718471285,"used":1763718470118,"created":1763718470118,"remoteIdentityKey":"BSO2F6XFRjX2k1/+nxJtlrzmCpAgyFokLYMCQU23/4Y6"},"_chains":{"BesJKSWQz15h9fpEmfqkEHedWVgvEteOtM/83STYeiQy":{"chainKey":{"counter":-1,"key":"iDmEGIBA9Ik0S7lrk71FBpnbTBpaSulu6QKX380eD9I="},"chainType":1,"messageKeys":{}}},"pendingPreKey":{"signedKeyId":6,"baseKey":"Bd6DoI+l//aKSpO9O6I6I6DxnKUMTaXsWkna8NpSE+oV"}},"BWOZ7HPeKxNxHpL1/3bBE7XfcokpDSQnBU25jgyIjNAa":{"registrationId":395206738,"currentRatchet":{"ephemeralKeyPair":{"pubKey":"BWjTrtgAzDm6dMtyGMGRwHzSeZXZxWDcGQSc013Vgxck","privKey":"uJ/6r90v+0a188A4i1VGbROHZW5W+r7LljcG5YuH2Wo="},"lastRemoteEphemeralKey":"BcVnWQ/5TFD4qgMKv64Z/NNGXWtQu5no9803Y2wuJRFz","previousCounter":0,"rootKey":"JHMuDFpWXAI39n2mPf2UZjkW82JFi1zCN1bHnxNzJQI="},"indexInfo":{"baseKey":"BWOZ7HPeKxNxHpL1/3bBE7XfcokpDSQnBU25jgyIjNAa","baseKeyType":1,"closed":-1,"used":1763718471282,"created":1763718471282,"remoteIdentityKey":"BSO2F6XFRjX2k1/+nxJtlrzmCpAgyFokLYMCQU23/4Y6"},"_chains":{"BWjTrtgAzDm6dMtyGMGRwHzSeZXZxWDcGQSc013Vgxck":{"chainKey":{"counter":145,"key":"emCpUOdYUJa1mRxcLBzgaHWVLQM6cM3BgM+kDSfrzas="},"chainType":1,"messageKeys":{}}},"pendingPreKey":{"signedKeyId":6,"baseKey":"BWOZ7HPeKxNxHpL1/3bBE7XfcokpDSQnBU25jgyIjNAa"}}},"version":"v1"}