{"_sessions":{"BVUnzjYaasjb6CJ7IlsZBI7A0qjjAxVcoXD/jmPPtQ1q":{"registrationId":586684631,"currentRatchet":{"ephemeralKeyPair":{"pubKey":"BahDzzqseQqT7b6+VzE54l7MqgIUEX+ByvVZE7fQQuUV","privKey":"MDGt63qqFOiQkMsYEKGSbg853k+bBokXdFiUd8kNVVE="},"lastRemoteEphemeralKey":"Bf2LuaSxguIwXoCL4i+4++K4tVNTQy7MuC3EeVhAAW0z","previousCounter":0,"rootKey":"JEPxgbhVxepeN9rxkLB5bPVRua6rZcoftT4jhgmpkPY="},"indexInfo":{"baseKey":"BVUnzjYaasjb6CJ7IlsZBI7A0qjjAxVcoXD/jmPPtQ1q","baseKeyType":1,"closed":1763718470613,"used":1763718469721,"created":1763718469721,"remoteIdentityKey":"BVBer/fO79sCitU3Vai0hz5BZInBN2aL+zhGPg5+C+8H"},"_chains":{"BahDzzqseQqT7b6+VzE54l7MqgIUEX+ByvVZE7fQQuUV":{"chainKey":{"counter":-1,"key":"64erabVFHjboUpsf36gsKmz1SjhktahJ74Bp4MROliA="},"chainType":1,"messageKeys":{}}},"pendingPreKey":{"signedKeyId":6,"baseKey":"BVUnzjYaasjb6CJ7IlsZBI7A0qjjAxVcoXD/jmPPtQ1q","preKeyId":12273240}},"BZKKchiuk81mNqgszBDbIt6VwNXpffyhPfZywatzCuhF":{"registrationId":586684631,"currentRatchet":{"ephemeralKeyPair":{"pubKey":"BcuhlMswIT/YybPLXF4+P9oxKx6Fd62kKSZnc/8JT0N5","privKey":"QHR5qgfM/6EHaloFFcJBR+35Ibm7033/tBsvrkik+V8="},"lastRemoteEphemeralKey":"Bf2LuaSxguIwXoCL4i+4++K4tVNTQy7MuC3EeVhAAW0z","previousCounter":0,"rootKey":"TRbjbmRqnbje6w7LgZC+KZEW8HsLCb4we0pX8U7p/6Q="},"indexInfo":{"baseKey":"BZKKchiuk81mNqgszBDbIt6VwNXpffyhPfZywatzCuhF","baseKeyType":1,"closed":-1,"used":1763718470610,"created":1763718470610,"remoteIdentityKey":"BVBer/fO79sCitU3Vai0hz5BZInBN2aL+zhGPg5+C+8H"},"_chains":{"BcuhlMswIT/YybPLXF4+P9oxKx6Fd62kKSZnc/8JT0N5":{"chainKey":{"counter":145,"key":"sLFDWB+eA8licfQEVjcO/I2P+BcKJyeQhnYlzI598RY="},"chainType":1,"messageKeys":{}}},"pendingPreKey":{"signedKeyId":6,"baseKey":"BZKKchiuk81mNqgszBDbIt6VwNXpffyhPfZywatzCuhF","preKeyId":12272579}}},"version":"v1"}