{"_sessions":{"BQWMCXpH9S6s+k8Un6rJPegVNDp/ueqZZ9Iqj37jMY0A":{"registrationId":1770157417,"currentRatchet":{"ephemeralKeyPair":{"pubKey":"BVnH64qIgtaRI9f3Pi4JMNagNNSPRHEYXuzYYJ+J8d8O","privKey":"kEZdWTgDDxGXbs/MBl7+s6qArgmoh9KPjn8GR3/nz0s="},"lastRemoteEphemeralKey":"BRj+/6bBqMNbdd/c89VlVzCdYWUFUY7QbryGKuYawsl5","previousCounter":0,"rootKey":"u9TKIc4L9WdJ7jgC9OSGhJX3NesZ9o1WuCWT5up0520="},"indexInfo":{"baseKey":"BQWMCXpH9S6s+k8Un6rJPegVNDp/ueqZZ9Iqj37jMY0A","baseKeyType":1,"closed":1763718470446,"used":1763718469646,"created":1763718469646,"remoteIdentityKey":"BcqWkFHAeRrjwMV7TwJVZYe7yMj4o20tPKvynXldvTsj"},"_chains":{"BVnH64qIgtaRI9f3Pi4JMNagNNSPRHEYXuzYYJ+J8d8O":{"chainKey":{"counter":-1,"key":"6nSEC6QmwbnouD7QA4Go1zdtqtHJnKAb2YsnwmEA8C4="},"chainType":1,"messageKeys":{}}},"pendingPreKey":{"signedKeyId":8,"baseKey":"BQWMCXpH9S6s+k8Un6rJPegVNDp/ueqZZ9Iqj37jMY0A","preKeyId":741685}},"BeBTPmQ9hJD+bxHmvXIo/+WkuN5rpb7guw62y1eALxBx":{"registrationId":1770157417,"currentRatchet":{"ephemeralKeyPair":{"pubKey":"BfZp0Mo2tfpNvWqKUWIL5Y9zKr5TQg9ucCpUik9eVpwf","privKey":"OGgQwP1FDyc5+FA2G/FqLSO7b5OuI7HTag86Y5H29XE="},"lastRemoteEphemeralKey":"BRj+/6bBqMNbdd/c89VlVzCdYWUFUY7QbryGKuYawsl5","previousCounter":0,"rootKey":"ssEpbpPvPV8PbYZEPRJ9iXsyEIIJKxvhmdEdiw+J5A0="},"indexInfo":{"baseKey":"BeBTPmQ9hJD+bxHmvXIo/+WkuN5rpb7guw62y1eALxBx","baseKeyType":1,"closed":-1,"used":1763718470436,"created":1763718470436,"remoteIdentityKey":"BcqWkFHAeRrjwMV7TwJVZYe7yMj4o20tPKvynXldvTsj"},"_chains":{"BfZp0Mo2tfpNvWqKUWIL5Y9zKr5TQg9ucCpUik9eVpwf":{"chainKey":{"counter":145,"key":"B+QT1W37/YWyF2ZMLdJ8cf7QizPEAvLT+7UGiEymrmc="},"chainType":1,"messageKeys":{}}},"pendingPreKey":{"signedKeyId":8,"baseKey":"BeBTPmQ9hJD+bxHmvXIo/+WkuN5rpb7guw62y1eALxBx","preKeyId":742455}}},"version":"v1"}