{"_sessions":{"BekyKjhCJBbuGAtEbAvMCVNBEsUEteL1CJCytJoBneNr":{"registrationId":796758402,"currentRatchet":{"ephemeralKeyPair":{"pubKey":"BZYR8LgLkf84QoqyNMljCgK1tBNMZU/Y3iugFVN6pSBL","privKey":"SErokJyQRVboZTdvJlWG4eU3JgMCO4tqU9ivo6hWbHc="},"lastRemoteEphemeralKey":"BY3u39emDA3/C5j50MkcQx7VEfIXwu6BZS90k/yTH0d4","previousCounter":0,"rootKey":"AUPNiJEe19lXwJyEqvI9o75bJGYcgFOPdvz63QLEv6o="},"indexInfo":{"baseKey":"BekyKjhCJBbuGAtEbAvMCVNBEsUEteL1CJCytJoBneNr","baseKeyType":1,"closed":1763718473120,"used":1763718472071,"created":1763718472071,"remoteIdentityKey":"Ba7lM0CX5rS1EgLZz/vBck/Oa08GL2L6Tfwj062vpxht"},"_chains":{"BZYR8LgLkf84QoqyNMljCgK1tBNMZU/Y3iugFVN6pSBL":{"chainKey":{"counter":-1,"key":"E+1yxQVun1EbzQU3noK9K7KQK4PmKryKUgpRereWOdg="},"chainType":1,"messageKeys":{}}},"pendingPreKey":{"signedKeyId":18,"baseKey":"BekyKjhCJBbuGAtEbAvMCVNBEsUEteL1CJCytJoBneNr","preKeyId":13635630}},"Bci166O58AmALrIDyKJLwzaJ25je5FskxpKAqx+QD/Ex":{"registrationId":796758402,"currentRatchet":{"ephemeralKeyPair":{"pubKey":"Ba8xtVyygntZP6/Wh/PqIMI2/meRZG05x9U1OQMUYnAp","privKey":"WGxJCecRDAVF2gpgzwJ2VLb4OuhPEiwN03XL8luHMXA="},"lastRemoteEphemeralKey":"BY3u39emDA3/C5j50MkcQx7VEfIXwu6BZS90k/yTH0d4","previousCounter":0,"rootKey":"LUiFuUoDRfLwyWRXvZvyhZ6rHTP2RuXaesxG8/lfDsk="},"indexInfo":{"baseKey":"Bci166O58AmALrIDyKJLwzaJ25je5FskxpKAqx+QD/Ex","baseKeyType":1,"closed":-1,"used":1763718473117,"created":1763718473117,"remoteIdentityKey":"Ba7lM0CX5rS1EgLZz/vBck/Oa08GL2L6Tfwj062vpxht"},"_chains":{"Ba8xtVyygntZP6/Wh/PqIMI2/meRZG05x9U1OQMUYnAp":{"chainKey":{"counter":145,"key":"TPtnS4cOSpf/NSxPTHTUX9dpa4PldZKdUYFDVJI7vSA="},"chainType":1,"messageKeys":{}}},"pendingPreKey":{"signedKeyId":18,"baseKey":"Bci166O58AmALrIDyKJLwzaJ25je5FskxpKAqx+QD/Ex","preKeyId":13635873}}},"version":"v1"}