{"_sessions":{"BTlf8wMXsXiX3voCf3NTW+mDzt1S3c/mNs2FWdLylrtO":{"registrationId":1460969668,"currentRatchet":{"ephemeralKeyPair":{"pubKey":"BWeJBf6f3AHV0JyaRU3r6GlUvtC/AcsQ6n+lI5YY3UMh","privKey":"qFgz5HOV97Y7CGS1na8eYWN8kh1IuusWaHRlsdilCkQ="},"lastRemoteEphemeralKey":"Bf5nTv7jPODMm+9RMo5Bosci02vGZBb+RgR9RrEkt4JG","previousCounter":0,"rootKey":"0YZLuDKx+G9J/HT2goCE58OiUxjobTDn/7STgGISg9U="},"indexInfo":{"baseKey":"BTlf8wMXsXiX3voCf3NTW+mDzt1S3c/mNs2FWdLylrtO","baseKeyType":1,"closed":1763718476562,"used":1763718475774,"created":1763718475774,"remoteIdentityKey":"Bdn0nVojLYz+rhT2I7cRXYVvdGqK97TD8IVN0iNy+lp7"},"_chains":{"BWeJBf6f3AHV0JyaRU3r6GlUvtC/AcsQ6n+lI5YY3UMh":{"chainKey":{"counter":-1,"key":"bLVnR6i03DHyanJ0NXtod5TZwf2zZLpacoIpHD92vfI="},"chainType":1,"messageKeys":{}}},"pendingPreKey":{"signedKeyId":39,"baseKey":"BTlf8wMXsXiX3voCf3NTW+mDzt1S3c/mNs2FWdLylrtO","preKeyId":5531883}},"BX24qJJOVf8x0nSm4smzIV49QNygZbpjL0cJb75nuEB/":{"registrationId":1460969668,"currentRatchet":{"ephemeralKeyPair":{"pubKey":"BbXTSHfc/eKTg75sHzeK/wbbz1fBV7Jm/bLXV+vDA613","privKey":"iA2yeI5qcWF8NN08/jUfGuZK2EijYVaKV0numnDS1VA="},"lastRemoteEphemeralKey":"Bf5nTv7jPODMm+9RMo5Bosci02vGZBb+RgR9RrEkt4JG","previousCounter":0,"rootKey":"K3jr51UnFlcAPwbzFu5jExF1E6UuY4lwngg2OpX5zDM="},"indexInfo":{"baseKey":"BX24qJJOVf8x0nSm4smzIV49QNygZbpjL0cJb75nuEB/","baseKeyType":1,"closed":-1,"used":1763718476559,"created":1763718476559,"remoteIdentityKey":"Bdn0nVojLYz+rhT2I7cRXYVvdGqK97TD8IVN0iNy+lp7"},"_chains":{"BbXTSHfc/eKTg75sHzeK/wbbz1fBV7Jm/bLXV+vDA613":{"chainKey":{"counter":145,"key":"0RBUWu4Z8vsTJrJG3whA/5NS3U6n4xVb5hhMpTebWd0="},"chainType":1,"messageKeys":{}}},"pendingPreKey":{"signedKeyId":39,"baseKey":"BX24qJJOVf8x0nSm4smzIV49QNygZbpjL0cJb75nuEB/","preKeyId":5531577}}},"version":"v1"}