{"_sessions":{"BbvX4TN41Efx+LFyJq44crHdROx3K6d7OBlatTGrsWpw":{"registrationId":1066668397,"currentRatchet":{"ephemeralKeyPair":{"pubKey":"BQ+Espfr1ZXo5/op7yguiTFea2AYKzfPLlF0nMormAF1","privKey":"GI2pHDN2BZ71E2RhDawqyNYZptUqPnDOG6P272BGfmo="},"lastRemoteEphemeralKey":"BdLgcQlllaW/8/hOoQjxjF35GgzaI5+KWs7ZJxP47LVw","previousCounter":0,"rootKey":"s9e9SnGCxpxn2PMO4BccAiOom+6HbY7ETnS1zEKapXs="},"indexInfo":{"baseKey":"BbvX4TN41Efx+LFyJq44crHdROx3K6d7OBlatTGrsWpw","baseKeyType":1,"closed":1763718471018,"used":1763718469961,"created":1763718469961,"remoteIdentityKey":"BVY945VCtieBIp+no2V8tTZGktLsUTgWAPKJsoB9DGIc"},"_chains":{"BQ+Espfr1ZXo5/op7yguiTFea2AYKzfPLlF0nMormAF1":{"chainKey":{"counter":-1,"key":"mwTjN/IFBxSUFPSNEsjzJlJDtPieqW2y3RJwj9+7LhA="},"chainType":1,"messageKeys":{}}},"pendingPreKey":{"signedKeyId":14,"baseKey":"BbvX4TN41Efx+LFyJq44crHdROx3K6d7OBlatTGrsWpw","preKeyId":11100912}},"BQwadl1AI/UxazQhbejuiqL6QU/+kkdyGNVmEnZqDrBk":{"registrationId":1066668397,"currentRatchet":{"ephemeralKeyPair":{"pubKey":"Bb2DClfAJYCZXQ6vovtQ1tgWDJv2sb5bG6xOEJvKxRhe","privKey":"wK9tWeFd98G4YTDQd3W9fU1yx8aAdmlPP7OCQIrXZU8="},"lastRemoteEphemeralKey":"BdLgcQlllaW/8/hOoQjxjF35GgzaI5+KWs7ZJxP47LVw","previousCounter":0,"rootKey":"VyOtQfmHlj2bGYEO5shU4fzjcbCiBVwNC6utQQR6opU="},"indexInfo":{"baseKey":"BQwadl1AI/UxazQhbejuiqL6QU/+kkdyGNVmEnZqDrBk","baseKeyType":1,"closed":-1,"used":1763718471015,"created":1763718471015,"remoteIdentityKey":"BVY945VCtieBIp+no2V8tTZGktLsUTgWAPKJsoB9DGIc"},"_chains":{"Bb2DClfAJYCZXQ6vovtQ1tgWDJv2sb5bG6xOEJvKxRhe":{"chainKey":{"counter":145,"key":"um40vmgU2KMT9zDAc0rZPcpk3f/BtCowzM0nUDYxc4o="},"chainType":1,"messageKeys":{}}},"pendingPreKey":{"signedKeyId":14,"baseKey":"BQwadl1AI/UxazQhbejuiqL6QU/+kkdyGNVmEnZqDrBk","preKeyId":11100841}}},"version":"v1"}