{"_sessions":{"BWyv+jbakhx74bGaxPkZSZLbijt6XYyLHqc20qpi1WsZ":{"registrationId":1318239505,"currentRatchet":{"ephemeralKeyPair":{"pubKey":"BU1C6l4JkzpMzjIt7Ch0SN34DrInRn8wSBRxPV0bx1pe","privKey":"eA/Md99cUHeVQgX6ZFaN2wsE669Y8EPSqVneW/Wd2kk="},"lastRemoteEphemeralKey":"BbyVoxLoeecxm/AjFXZOUMuNyhoebdryUvSZSIc8Nnhg","previousCounter":0,"rootKey":"yUzlXiSfTPV/R6xTe4kqjEKqQNoDXq7ReZm8RaD2IMs="},"indexInfo":{"baseKey":"BWyv+jbakhx74bGaxPkZSZLbijt6XYyLHqc20qpi1WsZ","baseKeyType":1,"closed":1763718473381,"used":1763718472204,"created":1763718472204,"remoteIdentityKey":"BUzWKdvm7X2f56uUHlwTOSeHKQhrwLMbm56EKIqnEblU"},"_chains":{"BU1C6l4JkzpMzjIt7Ch0SN34DrInRn8wSBRxPV0bx1pe":{"chainKey":{"counter":-1,"key":"r0PCQp3RbHFTSMJnLAnSk6Q9taTaBIctgFfOTy32Ksc="},"chainType":1,"messageKeys":{}}},"pendingPreKey":{"signedKeyId":37,"baseKey":"BWyv+jbakhx74bGaxPkZSZLbijt6XYyLHqc20qpi1WsZ","preKeyId":7739022}},"BfS/IQZZdhqP3H5i30lQVL1BslH7RmUJGTUaGtXEwDVQ":{"registrationId":1318239505,"currentRatchet":{"ephemeralKeyPair":{"pubKey":"BeAj/ExlXbioMJtmxmbHTvIRWTrYYvCQbPB4Wi/T7Ikr","privKey":"uKHWOHCAgVph9io9te5+Z+IKBguC33E0wcpp4WvsNVc="},"lastRemoteEphemeralKey":"BbyVoxLoeecxm/AjFXZOUMuNyhoebdryUvSZSIc8Nnhg","previousCounter":0,"rootKey":"GRshHuZGgx9Pr8NLgKJfTaFdDhWCeiCT7mS8LVc6ji8="},"indexInfo":{"baseKey":"BfS/IQZZdhqP3H5i30lQVL1BslH7RmUJGTUaGtXEwDVQ","baseKeyType":1,"closed":-1,"used":1763718473376,"created":1763718473376,"remoteIdentityKey":"BUzWKdvm7X2f56uUHlwTOSeHKQhrwLMbm56EKIqnEblU"},"_chains":{"BeAj/ExlXbioMJtmxmbHTvIRWTrYYvCQbPB4Wi/T7Ikr":{"chainKey":{"counter":145,"key":"TutJTcvbR7yxy482GBSy0bFJ/26V31pgEmsD/iVy+cY="},"chainType":1,"messageKeys":{}}},"pendingPreKey":{"signedKeyId":37,"baseKey":"BfS/IQZZdhqP3H5i30lQVL1BslH7RmUJGTUaGtXEwDVQ","preKeyId":7739411}}},"version":"v1"}