{"_sessions":{"BQvufQ6rt+292zKAJHBBgOXGMEm1wFnseVd3128Zrikj":{"registrationId":243990412,"currentRatchet":{"ephemeralKeyPair":{"pubKey":"BTa5vHshSHqRl6ucsZckcGUF5d4IV1Cty3k7BDH/olEU","privKey":"sB49k70+oRpYLhhgRi3AwPtA0r/iuRFs1zTx7TP8/kY="},"lastRemoteEphemeralKey":"BRc912tpnB7QBJgLoxcW0cqoTcGauwODQvrkCiKce81e","previousCounter":0,"rootKey":"0VfVXaQ/hkcdxkbCsZrNtTOMKBMvp+pr//wgGmGmtTw="},"indexInfo":{"baseKey":"BQvufQ6rt+292zKAJHBBgOXGMEm1wFnseVd3128Zrikj","baseKeyType":1,"closed":1763718473053,"used":1763718472029,"created":1763718472029,"remoteIdentityKey":"BR9582bRqs5iXiRCwyyWp/Tv0fSaycHcgxFqKneZkTot"},"_chains":{"BTa5vHshSHqRl6ucsZckcGUF5d4IV1Cty3k7BDH/olEU":{"chainKey":{"counter":-1,"key":"X73UngbyIdvqWqVHqhpchKZw7felunhACopfNrSHfy4="},"chainType":1,"messageKeys":{}}},"pendingPreKey":{"signedKeyId":9,"baseKey":"BQvufQ6rt+292zKAJHBBgOXGMEm1wFnseVd3128Zrikj","preKeyId":4751227}},"BSNM8xaWSu9HXNV62q2xXLOEiGCUyAPKUctShM76Digf":{"registrationId":243990412,"currentRatchet":{"ephemeralKeyPair":{"pubKey":"BeRjCz1OgzLBar0IAFq/rwvoE1sbW4w/k7JrasmY7bwV","privKey":"QOK6pc7qjbK50n+OQfDB9K9pYDPIhpe3StxRHzT303o="},"lastRemoteEphemeralKey":"BRc912tpnB7QBJgLoxcW0cqoTcGauwODQvrkCiKce81e","previousCounter":0,"rootKey":"qisBHQTzTPzB/txkgcrbM7HggyVwV+KMCTpW2mP6+ug="},"indexInfo":{"baseKey":"BSNM8xaWSu9HXNV62q2xXLOEiGCUyAPKUctShM76Digf","baseKeyType":1,"closed":-1,"used":1763718473051,"created":1763718473051,"remoteIdentityKey":"BR9582bRqs5iXiRCwyyWp/Tv0fSaycHcgxFqKneZkTot"},"_chains":{"BeRjCz1OgzLBar0IAFq/rwvoE1sbW4w/k7JrasmY7bwV":{"chainKey":{"counter":145,"key":"h/qSEgmSsJiWjpfJSze2KJilBZGk0ANOMxxasbLyxwI="},"chainType":1,"messageKeys":{}}},"pendingPreKey":{"signedKeyId":9,"baseKey":"BSNM8xaWSu9HXNV62q2xXLOEiGCUyAPKUctShM76Digf","preKeyId":4751226}}},"version":"v1"}