{"_sessions":{"BRAp8aufOoWq/IFRDz1cDXBgqo8MUlbQId3ZPzxmDRxQ":{"registrationId":97646407,"currentRatchet":{"ephemeralKeyPair":{"pubKey":"BYmqz6GPK22nXM8jv/6B3Ofz2ZF/pw4uzovlScDuSOUU","privKey":"IEmW2QcS441na36mS25g3HwoNm7I5mA0Rl/CQ3kOlmc="},"lastRemoteEphemeralKey":"BZX221L5aozmwSFI8X/UTUDrHUP1N13ShGaPD/9DE9pu","previousCounter":0,"rootKey":"tidd7d88IAbPW+CId/ZpprUKjrmcNO1YVu8TwXk0u4g="},"indexInfo":{"baseKey":"BRAp8aufOoWq/IFRDz1cDXBgqo8MUlbQId3ZPzxmDRxQ","baseKeyType":1,"closed":1763718472859,"used":1763718471917,"created":1763718471917,"remoteIdentityKey":"Ba4Aw3T8ViVife0S6tjThgnBEOQUtgbvOneth1jn1Cs5"},"_chains":{"BYmqz6GPK22nXM8jv/6B3Ofz2ZF/pw4uzovlScDuSOUU":{"chainKey":{"counter":-1,"key":"9hiPGGSNxKjxgn08L0YtT3r5lU9mlP5oFQLy2HRAMZM="},"chainType":1,"messageKeys":{}}},"pendingPreKey":{"signedKeyId":19,"baseKey":"BRAp8aufOoWq/IFRDz1cDXBgqo8MUlbQId3ZPzxmDRxQ","preKeyId":89272}},"BUTGpMnR7LcuUYrvMpiWZvowERS1MFfllw3hLv/MosA5":{"registrationId":97646407,"currentRatchet":{"ephemeralKeyPair":{"pubKey":"BWCFWYXQ136eESr/ZONngYcfMd50+iTlGYqB3w6RtklS","privKey":"GBze2a2+NrOmlGBXt1JgeNG5t4mHjlCSRrwCN8oulVM="},"lastRemoteEphemeralKey":"BZX221L5aozmwSFI8X/UTUDrHUP1N13ShGaPD/9DE9pu","previousCounter":0,"rootKey":"GSmxcIQb2EUdO74A8pS7jE/zDxqnBCoeeBK0qzz1JUI="},"indexInfo":{"baseKey":"BUTGpMnR7LcuUYrvMpiWZvowERS1MFfllw3hLv/MosA5","baseKeyType":1,"closed":-1,"used":1763718472857,"created":1763718472857,"remoteIdentityKey":"Ba4Aw3T8ViVife0S6tjThgnBEOQUtgbvOneth1jn1Cs5"},"_chains":{"BWCFWYXQ136eESr/ZONngYcfMd50+iTlGYqB3w6RtklS":{"chainKey":{"counter":145,"key":"Xt+sTIipryTbb/9FUJ3ZGqJGiuLOVrzAa9QeRKEzJ1g="},"chainType":1,"messageKeys":{}}},"pendingPreKey":{"signedKeyId":19,"baseKey":"BUTGpMnR7LcuUYrvMpiWZvowERS1MFfllw3hLv/MosA5","preKeyId":89249}}},"version":"v1"}