{"_sessions":{"BaNoH9Ha/hjvWf02oq1JJ4C+qqU7ukZY1LoHcUWGatd9":{"registrationId":976127444,"currentRatchet":{"ephemeralKeyPair":{"pubKey":"BY26vePJUqN/BDJP6ZKxJbLLuJ+MszyLLK2icbucWAkp","privKey":"qPckt4Fa7zHDqA7dWpOITuqE0vhzuDLfFciJLglSZGI="},"lastRemoteEphemeralKey":"Bdvn0yPchD57r39Ls8vQ2MwlzA95kNE533Lz1PpKEFkE","previousCounter":0,"rootKey":"3fQU8PzUeEAMlzXCMJTncKJUblIq+ZMa7aknfAmBV1I="},"indexInfo":{"baseKey":"BaNoH9Ha/hjvWf02oq1JJ4C+qqU7ukZY1LoHcUWGatd9","baseKeyType":1,"closed":1763718476193,"used":1763718475540,"created":1763718475540,"remoteIdentityKey":"BWa/OQsAHIfhZ/mrXjeLD0WbIE6wNMQKDHEeXQCt6uUh"},"_chains":{"BY26vePJUqN/BDJP6ZKxJbLLuJ+MszyLLK2icbucWAkp":{"chainKey":{"counter":-1,"key":"qIGpYkEWczw1+Uwi/jZArJAqqmhSgyLDj1acjHQRD+I="},"chainType":1,"messageKeys":{}}},"pendingPreKey":{"signedKeyId":13139544,"baseKey":"BaNoH9Ha/hjvWf02oq1JJ4C+qqU7ukZY1LoHcUWGatd9","preKeyId":16714320}},"BZwLrbVDag7VLXMc8XiQonRtLPlaFS4+qrZYDnSMKvE+":{"registrationId":976127444,"currentRatchet":{"ephemeralKeyPair":{"pubKey":"BfRxG0whG1WljBtf+6ol98qAiWxLw2atc2qT8fI16tIp","privKey":"gGUHcGQAxupeLvBl+5btaQwUw1jOVC8cn2qrYp3zNEk="},"lastRemoteEphemeralKey":"Bdvn0yPchD57r39Ls8vQ2MwlzA95kNE533Lz1PpKEFkE","previousCounter":0,"rootKey":"DeI4WOJt0SmLX0DFmQnbd5/NUyL/iYI06BDDNR+nLQw="},"indexInfo":{"baseKey":"BZwLrbVDag7VLXMc8XiQonRtLPlaFS4+qrZYDnSMKvE+","baseKeyType":1,"closed":-1,"used":1763718476191,"created":1763718476191,"remoteIdentityKey":"BWa/OQsAHIfhZ/mrXjeLD0WbIE6wNMQKDHEeXQCt6uUh"},"_chains":{"BfRxG0whG1WljBtf+6ol98qAiWxLw2atc2qT8fI16tIp":{"chainKey":{"counter":145,"key":"v3GWC0DQfz3yvOzKTq4Cg27V8ON8gWEYmWEBxNs2nxs="},"chainType":1,"messageKeys":{}}},"pendingPreKey":{"signedKeyId":13139544,"baseKey":"BZwLrbVDag7VLXMc8XiQonRtLPlaFS4+qrZYDnSMKvE+","preKeyId":16715110}}},"version":"v1"}