{"_sessions":{"BdSl8IpWzRmggUKBo3CO5QPrW/8Y7o/+Z01/KAeg/FNj":{"registrationId":1426873107,"currentRatchet":{"ephemeralKeyPair":{"pubKey":"BQXELXZI1e/Fu10Y/xgvqeeI6VP0Ngse10KFNWhn7iE/","privKey":"KEN/MJXXyhrCRCkrHrESRiuxhVahrPrxjx3vIEmG9VU="},"lastRemoteEphemeralKey":"BYpyc+FS4/eUaZOpRkkP3h8b7sftFs5eVJ2Pd6iWOWNL","previousCounter":0,"rootKey":"0SXMiTeYN6+t7cUp9LxB1LnKS88UAdDJToG4fxaJoJE="},"indexInfo":{"baseKey":"BdSl8IpWzRmggUKBo3CO5QPrW/8Y7o/+Z01/KAeg/FNj","baseKeyType":1,"closed":1763718470554,"used":1763718469688,"created":1763718469688,"remoteIdentityKey":"BWWPUT6ufHIA4CCPLPTa++MlO7T0+1pjEHzjJdCQKwAV"},"_chains":{"BQXELXZI1e/Fu10Y/xgvqeeI6VP0Ngse10KFNWhn7iE/":{"chainKey":{"counter":-1,"key":"817oJ4tF6VaJOyWXbZHOccez0ua9pORVj/zRWW6icx8="},"chainType":1,"messageKeys":{}}},"pendingPreKey":{"signedKeyId":9947363,"baseKey":"BdSl8IpWzRmggUKBo3CO5QPrW/8Y7o/+Z01/KAeg/FNj"}},"BaqsQzb2aaKU8CrAbaSQYhYmyj2CmbuSeoWjcApgLdh7":{"registrationId":1426873107,"currentRatchet":{"ephemeralKeyPair":{"pubKey":"BcTXINk7cjJEiEjB/YPwnX2c7S/HlUOapQLHWNifB4FT","privKey":"qCkd99zQtxarc598nnBSH4R2OMZHXIkJ2bAqqobSbkQ="},"lastRemoteEphemeralKey":"BYpyc+FS4/eUaZOpRkkP3h8b7sftFs5eVJ2Pd6iWOWNL","previousCounter":0,"rootKey":"BJps68C9OJW8LcJ1DAo+I1qV5kG1Et2IFgsEZ/FE78U="},"indexInfo":{"baseKey":"BaqsQzb2aaKU8CrAbaSQYhYmyj2CmbuSeoWjcApgLdh7","baseKeyType":1,"closed":-1,"used":1763718470551,"created":1763718470551,"remoteIdentityKey":"BWWPUT6ufHIA4CCPLPTa++MlO7T0+1pjEHzjJdCQKwAV"},"_chains":{"BcTXINk7cjJEiEjB/YPwnX2c7S/HlUOapQLHWNifB4FT":{"chainKey":{"counter":145,"key":"Njv08tgX8SRgl296ERnT15YeBPuwidwOPbKBc5tzvjc="},"chainType":1,"messageKeys":{}}},"pendingPreKey":{"signedKeyId":9947363,"baseKey":"BaqsQzb2aaKU8CrAbaSQYhYmyj2CmbuSeoWjcApgLdh7"}}},"version":"v1"}