{"_sessions":{"Bc2bBB+3e26smSroSZ5Bb/3N2A+XIQVnSvSyJ6wD9Pc1":{"registrationId":1207263235,"currentRatchet":{"ephemeralKeyPair":{"pubKey":"Bd8fzVooStOc5gznGtwU75rM+0iQoTAk6vqCL392rDYd","privKey":"8PILFhIFMDKxXewyf6jLPup7nf9Qd2TRuPpiMto8sH8="},"lastRemoteEphemeralKey":"BctNjilcC6YSjcWa1nbXe+RetStycVIWb8gDPt+B8pt8","previousCounter":0,"rootKey":"30o7YGqPjsbawdvz4im43pcZadfRTaAkE7ekKQJLXwc="},"indexInfo":{"baseKey":"Bc2bBB+3e26smSroSZ5Bb/3N2A+XIQVnSvSyJ6wD9Pc1","baseKeyType":1,"closed":1763718471331,"used":1763718470147,"created":1763718470147,"remoteIdentityKey":"BVFR5Fkv7iBvYITuNK5IRNfl6h4lpmtAI/j/9YWxqc5E"},"_chains":{"Bd8fzVooStOc5gznGtwU75rM+0iQoTAk6vqCL392rDYd":{"chainKey":{"counter":-1,"key":"cpQzcVqePiEh/Iuz+oQxoFHK7BFGovgf6U64LADMiJE="},"chainType":1,"messageKeys":{}}},"pendingPreKey":{"signedKeyId":18,"baseKey":"Bc2bBB+3e26smSroSZ5Bb/3N2A+XIQVnSvSyJ6wD9Pc1","preKeyId":16453152}},"BUvntMfD1oiJEOSCN3uumxEZayOWlKkkF1G8D6d3jGkG":{"registrationId":1207263235,"currentRatchet":{"ephemeralKeyPair":{"pubKey":"BYJDgKxits7Ov4qdUpEG1IUPuZ2ZmcCQVxDWVebA3T4i","privKey":"sHeVSDZkLYwW/im8Lv1WZaronFU43xRHo8/I6CtYe2E="},"lastRemoteEphemeralKey":"BctNjilcC6YSjcWa1nbXe+RetStycVIWb8gDPt+B8pt8","previousCounter":0,"rootKey":"2W9duFTPOjyvIXZNAiHNXENzMsApGBpbc8fwGJ5Cqr0="},"indexInfo":{"baseKey":"BUvntMfD1oiJEOSCN3uumxEZayOWlKkkF1G8D6d3jGkG","baseKeyType":1,"closed":-1,"used":1763718471328,"created":1763718471328,"remoteIdentityKey":"BVFR5Fkv7iBvYITuNK5IRNfl6h4lpmtAI/j/9YWxqc5E"},"_chains":{"BYJDgKxits7Ov4qdUpEG1IUPuZ2ZmcCQVxDWVebA3T4i":{"chainKey":{"counter":145,"key":"zJ/LjYc/TmXn81Eb72gXYAHhkpPgDaf++ptI63Iq8BY="},"chainType":1,"messageKeys":{}}},"pendingPreKey":{"signedKeyId":18,"baseKey":"BUvntMfD1oiJEOSCN3uumxEZayOWlKkkF1G8D6d3jGkG","preKeyId":16453138}}},"version":"v1"}