{"_sessions":{"BfcQ85/r4ds5rbJJiVJdFjAa/TfMMvBTVbW2RZAHW35f":{"registrationId":96361446,"currentRatchet":{"ephemeralKeyPair":{"pubKey":"BWOZ9aOdiLDC4f6UP1hvARV0wb0QgHhP3q/VPffreN5H","privKey":"2PcDRmLdaACFfYThKrT4EPs1bgKgg3fIY/RW1s+SGWc="},"lastRemoteEphemeralKey":"BZ0npaXVyfV9W8cva5xAq5z4jFXuceEvttuIXcLCjDg/","previousCounter":0,"rootKey":"neO0jp6/kzyiOtM9dtIhJFHOCv2CeNp0mOwCDsHyR2k="},"indexInfo":{"baseKey":"BfcQ85/r4ds5rbJJiVJdFjAa/TfMMvBTVbW2RZAHW35f","baseKeyType":1,"closed":1763718475376,"used":1763718474311,"created":1763718474311,"remoteIdentityKey":"BV1tiyZOvXfkaPtkQ/xYvrs2zAA2V/cK9PZ5w8DV+yEL"},"_chains":{"BWOZ9aOdiLDC4f6UP1hvARV0wb0QgHhP3q/VPffreN5H":{"chainKey":{"counter":-1,"key":"Ajx3S+ncDG+YK5lc3PPauau3t6NPUpFOvDMc9Vx+Mzk="},"chainType":1,"messageKeys":{}}},"pendingPreKey":{"signedKeyId":59,"baseKey":"BfcQ85/r4ds5rbJJiVJdFjAa/TfMMvBTVbW2RZAHW35f","preKeyId":4361218}},"BUcVxpLVbQtBuSdOUfy1Y+1gjyVigFvbByt1ivvOAk1Q":{"registrationId":96361446,"currentRatchet":{"ephemeralKeyPair":{"pubKey":"BYqDuQE/q4L3/ob/oISwn5oI2Jhx7kWTciKIrV69ksw4","privKey":"WEObUHaMLrOyjzLFq3sVu2HXGC51iml/y/IW/5xD1Hc="},"lastRemoteEphemeralKey":"BZ0npaXVyfV9W8cva5xAq5z4jFXuceEvttuIXcLCjDg/","previousCounter":0,"rootKey":"1KZrwDumxjTYXv31fHr0QQxddIJDCDLi+DWNINYjoqQ="},"indexInfo":{"baseKey":"BUcVxpLVbQtBuSdOUfy1Y+1gjyVigFvbByt1ivvOAk1Q","baseKeyType":1,"closed":-1,"used":1763718475373,"created":1763718475373,"remoteIdentityKey":"BV1tiyZOvXfkaPtkQ/xYvrs2zAA2V/cK9PZ5w8DV+yEL"},"_chains":{"BYqDuQE/q4L3/ob/oISwn5oI2Jhx7kWTciKIrV69ksw4":{"chainKey":{"counter":145,"key":"bp0xXvUa0UNkdYnw1uwwD+51lNpd54KMrCGIOM9QynA="},"chainType":1,"messageKeys":{}}},"pendingPreKey":{"signedKeyId":59,"baseKey":"BUcVxpLVbQtBuSdOUfy1Y+1gjyVigFvbByt1ivvOAk1Q","preKeyId":4360959}}},"version":"v1"}