{"_sessions":{"BWd7xf6BOOrGn7qlbhIAgJU3/omqy50HTIBrJY+VCFsl":{"registrationId":1115999599,"currentRatchet":{"ephemeralKeyPair":{"pubKey":"BXBfNSuu3jMfen+xLGaEubXD8BoeQgP3ZS44g88+qawz","privKey":"kPVwdOe+iaSzXZAWUMWkoofalrHrp8d1ovT8FCx+50Q="},"lastRemoteEphemeralKey":"BUrAAY3gkgpLP4P/IMJOCc5tDSV8ha8nEaEBbV3eP1RZ","previousCounter":0,"rootKey":"7Jg+rgc+UVUG7HXUuwjjFgLfMT8m+MFiHWV6BOs/JcE="},"indexInfo":{"baseKey":"BWd7xf6BOOrGn7qlbhIAgJU3/omqy50HTIBrJY+VCFsl","baseKeyType":1,"closed":1763718475424,"used":1763718474351,"created":1763718474351,"remoteIdentityKey":"BQpOdq995VxkwuBOVBFfW6h9k6Q12NW3zwsHCpjyfLAu"},"_chains":{"BXBfNSuu3jMfen+xLGaEubXD8BoeQgP3ZS44g88+qawz":{"chainKey":{"counter":-1,"key":"BKinbxvyZw9ug+GSM7TMHV2CCp1QAobVDL5kYyYv9ZY="},"chainType":1,"messageKeys":{}}},"pendingPreKey":{"signedKeyId":16601661,"baseKey":"BWd7xf6BOOrGn7qlbhIAgJU3/omqy50HTIBrJY+VCFsl","preKeyId":11018359}},"BcjfXDWhIQAapeko/Z1A7QXyF08waWJuuSazqYFORm8L":{"registrationId":1115999599,"currentRatchet":{"ephemeralKeyPair":{"pubKey":"Bfmepl35sitM5wRV2YpVxWXDOT0WnMo25eMw5NqR9ccG","privKey":"MAbgihlbbF9W4DJb+D9LbEzGfn3NZ36tnRHhGYQ3KH8="},"lastRemoteEphemeralKey":"BUrAAY3gkgpLP4P/IMJOCc5tDSV8ha8nEaEBbV3eP1RZ","previousCounter":0,"rootKey":"qpw/876MHVYkM2v3KKYGMo98vE6ke8T+2kz8EDPNlfE="},"indexInfo":{"baseKey":"BcjfXDWhIQAapeko/Z1A7QXyF08waWJuuSazqYFORm8L","baseKeyType":1,"closed":-1,"used":1763718475422,"created":1763718475422,"remoteIdentityKey":"BQpOdq995VxkwuBOVBFfW6h9k6Q12NW3zwsHCpjyfLAu"},"_chains":{"Bfmepl35sitM5wRV2YpVxWXDOT0WnMo25eMw5NqR9ccG":{"chainKey":{"counter":145,"key":"RUBoxX+81r11pzIBEPwKqa96+4OwyYoV7r0krlq9V0k="},"chainType":1,"messageKeys":{}}},"pendingPreKey":{"signedKeyId":16601661,"baseKey":"BcjfXDWhIQAapeko/Z1A7QXyF08waWJuuSazqYFORm8L","preKeyId":11018427}}},"version":"v1"}