{"_sessions":{"BTDzGtqHNIMO3qPObko8ikhqEbnEL0ouRn5f0JCrlt4g":{"registrationId":165093200,"currentRatchet":{"ephemeralKeyPair":{"pubKey":"BV6wXpH8DxotRwMeur/1cX9+88XPM6S90ysl0NgBDiF5","privKey":"QCSC4OxnkQI0RP6TVyZ4oUekjKkTggJbHNvM2j2UT1E="},"lastRemoteEphemeralKey":"BR+SsBx16O82le9Oc0ce/TF22Q76LmmFt38Wl8xsChdR","previousCounter":0,"rootKey":"iKn09lGb5hxyN5TEzWuPYR99j3w17tNtd7L3cZczO58="},"indexInfo":{"baseKey":"BTDzGtqHNIMO3qPObko8ikhqEbnEL0ouRn5f0JCrlt4g","baseKeyType":1,"closed":1763718472812,"used":1763718471886,"created":1763718471886,"remoteIdentityKey":"BXsd9hRRz153tGFGvMtBpFd9tdj0wpW9Qiq2YKxujhZh"},"_chains":{"BV6wXpH8DxotRwMeur/1cX9+88XPM6S90ysl0NgBDiF5":{"chainKey":{"counter":-1,"key":"atXBx0mIU3RE5hjXDHtQ4vp6j3/SIjp3Cqc92+zPWvY="},"chainType":1,"messageKeys":{}}},"pendingPreKey":{"signedKeyId":41,"baseKey":"BTDzGtqHNIMO3qPObko8ikhqEbnEL0ouRn5f0JCrlt4g","preKeyId":10458073}},"BZUgriPcYn368urty+jknj3WZwxiEclsTpRYqRC+kHkN":{"registrationId":165093200,"currentRatchet":{"ephemeralKeyPair":{"pubKey":"BXLwlaVkqO/t4nnIwNHOWeyUGm0dO8DeLq9GPZG5R9h1","privKey":"ABIW0d7zSVGASYJtfqZsNKLHABF2eETdNgjV9LsQ0W0="},"lastRemoteEphemeralKey":"BR+SsBx16O82le9Oc0ce/TF22Q76LmmFt38Wl8xsChdR","previousCounter":0,"rootKey":"DxQx2iioszxFZOV8MNKLXxofz+TW+M9TSZV1IpJEqa4="},"indexInfo":{"baseKey":"BZUgriPcYn368urty+jknj3WZwxiEclsTpRYqRC+kHkN","baseKeyType":1,"closed":-1,"used":1763718472809,"created":1763718472809,"remoteIdentityKey":"BXsd9hRRz153tGFGvMtBpFd9tdj0wpW9Qiq2YKxujhZh"},"_chains":{"BXLwlaVkqO/t4nnIwNHOWeyUGm0dO8DeLq9GPZG5R9h1":{"chainKey":{"counter":145,"key":"AABwBhyW4ujVm0Bvb29jmN0NlOGlywxcMlXAr4D1DKg="},"chainType":1,"messageKeys":{}}},"pendingPreKey":{"signedKeyId":41,"baseKey":"BZUgriPcYn368urty+jknj3WZwxiEclsTpRYqRC+kHkN","preKeyId":10458106}}},"version":"v1"}