{"_sessions":{"BQfPPoneyDMTHmg3ELwN+CxG1qS1bTRVh1cRt/v++SVr":{"registrationId":1085762139,"currentRatchet":{"ephemeralKeyPair":{"pubKey":"BTHctOL41S4Zxu3WiJsR1denI+fxYxRnNO7mzQMygIp0","privKey":"uMlOv82ofYD3fDmLUuGxhwT6QkVikmRwyYP9QYsfuG8="},"lastRemoteEphemeralKey":"Bcv8noKQ7xYb9TeXlHjWiz1C6HSU3ZQlx66P+95VfKxf","previousCounter":0,"rootKey":"cvsyNNI4Z5R1VE964MOCTdpFsARjO9tjkCtDBgzkzL4="},"indexInfo":{"baseKey":"BQfPPoneyDMTHmg3ELwN+CxG1qS1bTRVh1cRt/v++SVr","baseKeyType":1,"closed":1763718473109,"used":1763718472065,"created":1763718472065,"remoteIdentityKey":"Bf8ia85W0rWk1tUz+Dm3Z4KPqfGiQ1TmcuRd23Y8UCIR"},"_chains":{"BTHctOL41S4Zxu3WiJsR1denI+fxYxRnNO7mzQMygIp0":{"chainKey":{"counter":-1,"key":"sEIOATiei+7bJ30zMKuG9jGFr0LzQCG3/EZ37JPyb90="},"chainType":1,"messageKeys":{}}},"pendingPreKey":{"signedKeyId":8,"baseKey":"BQfPPoneyDMTHmg3ELwN+CxG1qS1bTRVh1cRt/v++SVr","preKeyId":5605247}},"BTK0gAzyScBwscCz3cwr1pIjDTmBIgL0nZ1nBEYkcrdP":{"registrationId":1085762139,"currentRatchet":{"ephemeralKeyPair":{"pubKey":"BZzZwz/JArahWEU2wVZjoGIBSKJoTC+bRuuPiOuzd38p","privKey":"qKbAkeKjnA4IWwI/ffhyiWUyjPU+R81uoF7kOI42304="},"lastRemoteEphemeralKey":"Bcv8noKQ7xYb9TeXlHjWiz1C6HSU3ZQlx66P+95VfKxf","previousCounter":0,"rootKey":"P9twNKlouxjA+dhStNpq4+6c+EewZhpBs2mbCYs9ziA="},"indexInfo":{"baseKey":"BTK0gAzyScBwscCz3cwr1pIjDTmBIgL0nZ1nBEYkcrdP","baseKeyType":1,"closed":-1,"used":1763718473106,"created":1763718473106,"remoteIdentityKey":"Bf8ia85W0rWk1tUz+Dm3Z4KPqfGiQ1TmcuRd23Y8UCIR"},"_chains":{"BZzZwz/JArahWEU2wVZjoGIBSKJoTC+bRuuPiOuzd38p":{"chainKey":{"counter":145,"key":"MEgrecGbRAVHXqUSv7hhwiai7VBIzLm+EHB+osCEgYk="},"chainType":1,"messageKeys":{}}},"pendingPreKey":{"signedKeyId":8,"baseKey":"BTK0gAzyScBwscCz3cwr1pIjDTmBIgL0nZ1nBEYkcrdP","preKeyId":5605239}}},"version":"v1"}