{"_sessions":{"BTkGtd9HOadlIhx7yQy5BXal+kE71JsEaJ+/AmBdQzI1":{"registrationId":860230243,"currentRatchet":{"ephemeralKeyPair":{"pubKey":"BVezmnGfSMznUNQWrwoqpwUSq2lCXT6ls9FrGdrpvC8N","privKey":"oKKdnD2KA6Lz6aS5v9bq2fOtLsAUsuuKH7eTaUsczm0="},"lastRemoteEphemeralKey":"Bd8mzaCLBCht0JXmccUKzGpmKAcs4iiB/zBC5Npc9qp1","previousCounter":0,"rootKey":"6of4OIgClU4TKFsOz6PyGrj9ZsJcxBw9p/YbjdOr+YY="},"indexInfo":{"baseKey":"BTkGtd9HOadlIhx7yQy5BXal+kE71JsEaJ+/AmBdQzI1","baseKeyType":1,"closed":1763718474851,"used":1763718473912,"created":1763718473912,"remoteIdentityKey":"BVScjK0tXrl6WP7tOPw2tW+zW569+04i/PfQeHq4UJRk"},"_chains":{"BVezmnGfSMznUNQWrwoqpwUSq2lCXT6ls9FrGdrpvC8N":{"chainKey":{"counter":-1,"key":"brMNokdDYtkE/frGJ+FOrXV2Y4vLz/sh65iIqmavEGk="},"chainType":1,"messageKeys":{}}},"pendingPreKey":{"signedKeyId":999967,"baseKey":"BTkGtd9HOadlIhx7yQy5BXal+kE71JsEaJ+/AmBdQzI1","preKeyId":9070035}},"Bf/vPAWRDhm2sSSHsGcNWBL4tu+NTNuRwl65PHWaJKUy":{"registrationId":860230243,"currentRatchet":{"ephemeralKeyPair":{"pubKey":"BfzowSU0h5PrA+/cnn4ZrLSmoeXb81lJaVxVKfyn6Qt0","privKey":"GNdn44mirI0X0UFZL53mv5eZk2dEY2Ey4KKdl26tWFY="},"lastRemoteEphemeralKey":"Bd8mzaCLBCht0JXmccUKzGpmKAcs4iiB/zBC5Npc9qp1","previousCounter":0,"rootKey":"x+51OfN0Nkw/3sbdbmWzj8xXSHngRa4tBeVMkQZ0Pq0="},"indexInfo":{"baseKey":"Bf/vPAWRDhm2sSSHsGcNWBL4tu+NTNuRwl65PHWaJKUy","baseKeyType":1,"closed":-1,"used":1763718474848,"created":1763718474848,"remoteIdentityKey":"BVScjK0tXrl6WP7tOPw2tW+zW569+04i/PfQeHq4UJRk"},"_chains":{"BfzowSU0h5PrA+/cnn4ZrLSmoeXb81lJaVxVKfyn6Qt0":{"chainKey":{"counter":145,"key":"cwqJWVCQiWm4d3LIKcluTCcUjV7TrGtHtiLFthd2FOo="},"chainType":1,"messageKeys":{}}},"pendingPreKey":{"signedKeyId":999967,"baseKey":"Bf/vPAWRDhm2sSSHsGcNWBL4tu+NTNuRwl65PHWaJKUy","preKeyId":9070330}}},"version":"v1"}