{"_sessions":{"BbJXj/pIxC9f9pATq0yeqmwp6au6PoMs/H4izesuYIxc":{"registrationId":2046965934,"currentRatchet":{"ephemeralKeyPair":{"pubKey":"BbgjXjOTeqnFA7q6MO7S9VBjuJhMGpRgUrAEZ/XuATMV","privKey":"iLoyU6xR//13EFhbHIHda6e7UP3WViGpMS10KAI2tWM="},"lastRemoteEphemeralKey":"BeGf8xZe7k5yHBmKWq/LvT28CctfWJKwzM3yJl6Lhrtc","previousCounter":0,"rootKey":"ph7mWTVKbCni3WeOGqRBK/TqQbPj1avy3iy6+M9BrFU="},"indexInfo":{"baseKey":"BbJXj/pIxC9f9pATq0yeqmwp6au6PoMs/H4izesuYIxc","baseKeyType":1,"closed":1763718480628,"used":1763718479484,"created":1763718479484,"remoteIdentityKey":"BS9llKkk+zcust2L1POoFAu+RomFFDIv8uvrTSsBa3AN"},"_chains":{"BbgjXjOTeqnFA7q6MO7S9VBjuJhMGpRgUrAEZ/XuATMV":{"chainKey":{"counter":-1,"key":"d5uyoC46qKgdAWx5Bw6uMflcApS8qfjlLm+Sa8YCRqk="},"chainType":1,"messageKeys":{}}},"pendingPreKey":{"signedKeyId":3,"baseKey":"BbJXj/pIxC9f9pATq0yeqmwp6au6PoMs/H4izesuYIxc","preKeyId":11476184}},"Bch5d3TyFnxC+vwvP3nu5s4x+bYh15ja9LS3bL0ArNB3":{"registrationId":2046965934,"currentRatchet":{"ephemeralKeyPair":{"pubKey":"BW0NLe12eMilfzO4qhkE0libnjhXc5SrJ9stIcskf4RM","privKey":"cOf7OE6ZtvXhOtUJxLy4TjKfOZTepBm4OGg1R4XCNGo="},"lastRemoteEphemeralKey":"BeGf8xZe7k5yHBmKWq/LvT28CctfWJKwzM3yJl6Lhrtc","previousCounter":0,"rootKey":"fSmzy+w341KmzDOxdtt5fXkyWrbu8KNf2IwhBJGRO6g="},"indexInfo":{"baseKey":"Bch5d3TyFnxC+vwvP3nu5s4x+bYh15ja9LS3bL0ArNB3","baseKeyType":1,"closed":-1,"used":1763718480625,"created":1763718480625,"remoteIdentityKey":"BS9llKkk+zcust2L1POoFAu+RomFFDIv8uvrTSsBa3AN"},"_chains":{"BW0NLe12eMilfzO4qhkE0libnjhXc5SrJ9stIcskf4RM":{"chainKey":{"counter":145,"key":"ZZtOznlPZntS/0W+7syJfr3JbJUzglFLxIhyrl2ZmWU="},"chainType":1,"messageKeys":{}}},"pendingPreKey":{"signedKeyId":3,"baseKey":"Bch5d3TyFnxC+vwvP3nu5s4x+bYh15ja9LS3bL0ArNB3","preKeyId":11475833}}},"version":"v1"}