{"_sessions":{"BRfVbFjngJ0F/ZhdvEqqXCySM+dyGw3gnDKjPu83GHFe":{"registrationId":1871782459,"currentRatchet":{"ephemeralKeyPair":{"pubKey":"BYIgRF9P44hvvX5XxSzUnmJDSFgVWExUJBJx8TnYW8xY","privKey":"uH0CTnJgu1O3elaws+lNDsDTjNioE3gA/4ptDYYVBVw="},"lastRemoteEphemeralKey":"BWvO1bPEXYHisRaK6xTXqyU3Da7erKDykZipuaGWZQZG","previousCounter":0,"rootKey":"We880ri2rwbEODoqAwqHCKtKAXyDhjwv8/KCcIN/wGw="},"indexInfo":{"baseKey":"BRfVbFjngJ0F/ZhdvEqqXCySM+dyGw3gnDKjPu83GHFe","baseKeyType":1,"closed":1763718476298,"used":1763718475608,"created":1763718475608,"remoteIdentityKey":"BUIXIZvlLKmVu7G8YFKI2nYi+aOYexqDT9gT+c2q1sph"},"_chains":{"BYIgRF9P44hvvX5XxSzUnmJDSFgVWExUJBJx8TnYW8xY":{"chainKey":{"counter":-1,"key":"gqUzwHPkXcmu1qK2gDDuyAy2dPDBJU6ft3dMAu+pIh8="},"chainType":1,"messageKeys":{}}},"pendingPreKey":{"signedKeyId":5,"baseKey":"BRfVbFjngJ0F/ZhdvEqqXCySM+dyGw3gnDKjPu83GHFe","preKeyId":12728450}},"BR08yaLWKHJXpgUadUkRT7/4KsJht8/sRQw8Vn6d5GVC":{"registrationId":1871782459,"currentRatchet":{"ephemeralKeyPair":{"pubKey":"BRymaI93zWQ4/cy0dAePk4qOB0Wl3AQgJcvk5vr0IGZY","privKey":"EEvKRhpEwfj1avGy3umJO0kl3wZ6rEXvxn99Tx4DJWQ="},"lastRemoteEphemeralKey":"BWvO1bPEXYHisRaK6xTXqyU3Da7erKDykZipuaGWZQZG","previousCounter":0,"rootKey":"ujIG6yEy981bxFINEcyyitBto5OMH0izmM+7gKLVmTU="},"indexInfo":{"baseKey":"BR08yaLWKHJXpgUadUkRT7/4KsJht8/sRQw8Vn6d5GVC","baseKeyType":1,"closed":-1,"used":1763718476295,"created":1763718476295,"remoteIdentityKey":"BUIXIZvlLKmVu7G8YFKI2nYi+aOYexqDT9gT+c2q1sph"},"_chains":{"BRymaI93zWQ4/cy0dAePk4qOB0Wl3AQgJcvk5vr0IGZY":{"chainKey":{"counter":145,"key":"WfjB+AfUv/cxu/UtAt2J4tvBjzlSRqCV3AnN4d0sw9k="},"chainType":1,"messageKeys":{}}},"pendingPreKey":{"signedKeyId":5,"baseKey":"BR08yaLWKHJXpgUadUkRT7/4KsJht8/sRQw8Vn6d5GVC","preKeyId":12728451}}},"version":"v1"}