{"_sessions":{"BeSYzoLXAz6SI3rYSb8mA79D+h+KHCHdlJv9kbaEAz0f":{"registrationId":812172132,"currentRatchet":{"ephemeralKeyPair":{"pubKey":"BRPV1uKWCdwp4N8xfbYMcfcCgG4JJ97EctM+g8byMDUh","privKey":"qMftetPAS6degvhkUwU0yqIU1EE5HVq3dgCzC5QYqEA="},"lastRemoteEphemeralKey":"BRhC2Q9xE7xtUdnggPNC3ty1U0LTdz3ogHn4pPdjUxQN","previousCounter":0,"rootKey":"6FxekctkffWWcjUlgGqVTG5G9yVttXwFtk6DEBIgfoI="},"indexInfo":{"baseKey":"BeSYzoLXAz6SI3rYSb8mA79D+h+KHCHdlJv9kbaEAz0f","baseKeyType":1,"closed":1763718480237,"used":1763718479258,"created":1763718479257,"remoteIdentityKey":"BTMrRzyt33jzTH6crR0JkBgojqVPk7SZXfFuZcbWwJJy"},"_chains":{"BRPV1uKWCdwp4N8xfbYMcfcCgG4JJ97EctM+g8byMDUh":{"chainKey":{"counter":-1,"key":"DnOqHwBz1mJymjYP/M/ZUD4whIQp/QI91sWPODZkRbU="},"chainType":1,"messageKeys":{}}},"pendingPreKey":{"signedKeyId":2,"baseKey":"BeSYzoLXAz6SI3rYSb8mA79D+h+KHCHdlJv9kbaEAz0f","preKeyId":5417527}},"BRspH/aMcqg9HeAULuKcblN+fuFz91VebkaEDOBztysS":{"registrationId":812172132,"currentRatchet":{"ephemeralKeyPair":{"pubKey":"BTzCcEEGtz1IqO8qLhwBmnExoDv4ts0I9pzcXxDw16Zu","privKey":"6N+zjkB7AiM2TFXBgzoMXM6qDL/2Vu8zgkwNq3QVt1E="},"lastRemoteEphemeralKey":"BRhC2Q9xE7xtUdnggPNC3ty1U0LTdz3ogHn4pPdjUxQN","previousCounter":0,"rootKey":"QKDeIgRInY/TkzsRYI7GgKI+LHZRFAzcQ3O0uvlkYw4="},"indexInfo":{"baseKey":"BRspH/aMcqg9HeAULuKcblN+fuFz91VebkaEDOBztysS","baseKeyType":1,"closed":-1,"used":1763718480234,"created":1763718480234,"remoteIdentityKey":"BTMrRzyt33jzTH6crR0JkBgojqVPk7SZXfFuZcbWwJJy"},"_chains":{"BTzCcEEGtz1IqO8qLhwBmnExoDv4ts0I9pzcXxDw16Zu":{"chainKey":{"counter":145,"key":"kERON6o3kidLmm9O5mTKPRE3dgXLDwgoJk2yLKoGkW8="},"chainType":1,"messageKeys":{}}},"pendingPreKey":{"signedKeyId":2,"baseKey":"BRspH/aMcqg9HeAULuKcblN+fuFz91VebkaEDOBztysS","preKeyId":5417118}}},"version":"v1"}