{"_sessions":{"BScjWwQoLYon4V+4nHMBURiYssX0o4CW6fAxNDhdO8h5":{"registrationId":1555125922,"currentRatchet":{"ephemeralKeyPair":{"pubKey":"BcAgqON3Y4o0AsOfqIrBeccShcljd11N42p1lWouxO1J","privKey":"GMVh1Erdb/OL/xUOZTKHF23N1wyrSoLOdAKoN50M4E4="},"lastRemoteEphemeralKey":"BQzCktX02pu5Ec0cVhe4Mzhs1b9XVO+4HLbL55MJSzcS","previousCounter":0,"rootKey":"s5tKbn1+xRbv3qFhkDdlNrqJO2aYiNoi7qU+bsHkVoE="},"indexInfo":{"baseKey":"BScjWwQoLYon4V+4nHMBURiYssX0o4CW6fAxNDhdO8h5","baseKeyType":1,"closed":1763718473131,"used":1763718472084,"created":1763718472084,"remoteIdentityKey":"BXSsiR64W+77Fi6lx3ZPBgBFKZn0d9/kQb1LKuge9uFn"},"_chains":{"BcAgqON3Y4o0AsOfqIrBeccShcljd11N42p1lWouxO1J":{"chainKey":{"counter":-1,"key":"CT/Pv4WxVmTcBN+L9IIcEtvL7UZ8IgmXGJg8kU/eaS0="},"chainType":1,"messageKeys":{}}},"pendingPreKey":{"signedKeyId":39,"baseKey":"BScjWwQoLYon4V+4nHMBURiYssX0o4CW6fAxNDhdO8h5","preKeyId":9211251}},"BdzKxxc6ihQv1he3IchsgftJRq34/UyEcsk7RpLb9aBT":{"registrationId":1555125922,"currentRatchet":{"ephemeralKeyPair":{"pubKey":"BRIorEYsE24Pww1Qh5nhWFh7boV2CvYRdytp9movqSpX","privKey":"2KunvhkQl+je88hNk/Gj9f92KBa+CIAPFWcjT/x54EY="},"lastRemoteEphemeralKey":"BQzCktX02pu5Ec0cVhe4Mzhs1b9XVO+4HLbL55MJSzcS","previousCounter":0,"rootKey":"6FHZzU/C8QrQzmZi3Ezyb/TnT4DaxUcGnBFTF0p26Lo="},"indexInfo":{"baseKey":"BdzKxxc6ihQv1he3IchsgftJRq34/UyEcsk7RpLb9aBT","baseKeyType":1,"closed":-1,"used":1763718473128,"created":1763718473128,"remoteIdentityKey":"BXSsiR64W+77Fi6lx3ZPBgBFKZn0d9/kQb1LKuge9uFn"},"_chains":{"BRIorEYsE24Pww1Qh5nhWFh7boV2CvYRdytp9movqSpX":{"chainKey":{"counter":145,"key":"qVME2i3LDv9SwIeOVOPC1rGpd1O52ln41QLAVJ+ANGw="},"chainType":1,"messageKeys":{}}},"pendingPreKey":{"signedKeyId":39,"baseKey":"BdzKxxc6ihQv1he3IchsgftJRq34/UyEcsk7RpLb9aBT","preKeyId":9210682}}},"version":"v1"}