{"_sessions":{"BTBXle5r4CSN7THZ21ef9nPZqVew5+QERcRvXmwnwvdb":{"registrationId":2141256159,"currentRatchet":{"ephemeralKeyPair":{"pubKey":"BUZNYRUseE3bRWH8cb40v55+g4pV+fqx8JWyMLOvS8ly","privKey":"kMHEtn2H5dkHpg83VbOr8nkrnC6JirjK1wPAznNCMkA="},"lastRemoteEphemeralKey":"BY9x1/rj67z62nHXdywznNdW1LwrwVAju5ivh4bqbThz","previousCounter":0,"rootKey":"xykMAWshSzrUHTfOp7JAjFGNw02LEQVqWEEkt8RZNIs="},"indexInfo":{"baseKey":"BTBXle5r4CSN7THZ21ef9nPZqVew5+QERcRvXmwnwvdb","baseKeyType":1,"closed":1763718476625,"used":1763718475806,"created":1763718475806,"remoteIdentityKey":"BTyY2bZtEmEkJU5u/FRlfKrXKS9O0Q07INS9yJ32XVZi"},"_chains":{"BUZNYRUseE3bRWH8cb40v55+g4pV+fqx8JWyMLOvS8ly":{"chainKey":{"counter":-1,"key":"4qQtsfvs80cl/qOE8M+XfrzhQZQGEf9s9VHxqMR1yOU="},"chainType":1,"messageKeys":{}}},"pendingPreKey":{"signedKeyId":24,"baseKey":"BTBXle5r4CSN7THZ21ef9nPZqVew5+QERcRvXmwnwvdb","preKeyId":559250}},"BaiZ8mwkGyvrcmuM2LgkuZHUWlSdpSZcDCiYy9oTGX89":{"registrationId":2141256159,"currentRatchet":{"ephemeralKeyPair":{"pubKey":"BeZpiL0ighGK3Mi5Ioa3yqP1pbHoSQSN+Xh586b62fxe","privKey":"MBHZRrDc7DNt8hCkoM5zHDxoynFT93H6qrBQrcvbzkw="},"lastRemoteEphemeralKey":"BY9x1/rj67z62nHXdywznNdW1LwrwVAju5ivh4bqbThz","previousCounter":0,"rootKey":"63kCKb3XWJcKaYmzIqx6udiFgLP6VQKC6a3KBBJKMfE="},"indexInfo":{"baseKey":"BaiZ8mwkGyvrcmuM2LgkuZHUWlSdpSZcDCiYy9oTGX89","baseKeyType":1,"closed":-1,"used":1763718476622,"created":1763718476622,"remoteIdentityKey":"BTyY2bZtEmEkJU5u/FRlfKrXKS9O0Q07INS9yJ32XVZi"},"_chains":{"BeZpiL0ighGK3Mi5Ioa3yqP1pbHoSQSN+Xh586b62fxe":{"chainKey":{"counter":145,"key":"kY99b6BhHtBiyTKYrmHV0JMLlWX8TuX6/ajPX/RApl0="},"chainType":1,"messageKeys":{}}},"pendingPreKey":{"signedKeyId":24,"baseKey":"BaiZ8mwkGyvrcmuM2LgkuZHUWlSdpSZcDCiYy9oTGX89","preKeyId":559282}}},"version":"v1"}