{"_sessions":{"BQbPqfc4S3UggIYeMJffNtGJU2f2joatAbxuO4Nc90lN":{"registrationId":1787285297,"currentRatchet":{"ephemeralKeyPair":{"pubKey":"BZvPAnNMKwfMTQbFdIMCe59drwIOcjeY4hTrWFyB7+tW","privKey":"yIOgNfI6OHnxpUafmBFh9J7W7vgMcsD7RuYCtjm7jlQ="},"lastRemoteEphemeralKey":"BeYHTnJd8HTu723L9fdZvX9CXFxp/UXNd1RBQ5ISIw9D","previousCounter":0,"rootKey":"zz5sj0SDJ//NbjifRcqm2U0cvYonw4TbvUAEXu+qHXQ="},"indexInfo":{"baseKey":"BQbPqfc4S3UggIYeMJffNtGJU2f2joatAbxuO4Nc90lN","baseKeyType":1,"closed":1763718471216,"used":1763718470071,"created":1763718470071,"remoteIdentityKey":"BQNZ3GDPxf/fEqRTkoXq+4sMrzQbHyYKBPSoeE1JyNRc"},"_chains":{"BZvPAnNMKwfMTQbFdIMCe59drwIOcjeY4hTrWFyB7+tW":{"chainKey":{"counter":-1,"key":"iRacP3WafGZNmd73rXjsG5nFREXJ8PLDcvMtOFED7x8="},"chainType":1,"messageKeys":{}}},"pendingPreKey":{"signedKeyId":39,"baseKey":"BQbPqfc4S3UggIYeMJffNtGJU2f2joatAbxuO4Nc90lN","preKeyId":10831496}},"BTkcaSSWdP40+qkyykTljwtGVGKPGnSzpnBOeoDONV9Y":{"registrationId":1787285297,"currentRatchet":{"ephemeralKeyPair":{"pubKey":"BbmHRosnB9xhczjT9IFwvjs9uxoa8Oo56rXW4lc21jF0","privKey":"6M2MphdezwIQglJ2NI2sHOQ8dntcBNMi7/NTKmY9MGA="},"lastRemoteEphemeralKey":"BeYHTnJd8HTu723L9fdZvX9CXFxp/UXNd1RBQ5ISIw9D","previousCounter":0,"rootKey":"05fyV1m3Bx0tOMKdCehxikZKparqXvDr5W/lFSOOF80="},"indexInfo":{"baseKey":"BTkcaSSWdP40+qkyykTljwtGVGKPGnSzpnBOeoDONV9Y","baseKeyType":1,"closed":-1,"used":1763718471213,"created":1763718471213,"remoteIdentityKey":"BQNZ3GDPxf/fEqRTkoXq+4sMrzQbHyYKBPSoeE1JyNRc"},"_chains":{"BbmHRosnB9xhczjT9IFwvjs9uxoa8Oo56rXW4lc21jF0":{"chainKey":{"counter":145,"key":"PRiFnriU4ZjNXNy7YhqPxpicWvLdt4t7mwufsvAYLFc="},"chainType":1,"messageKeys":{}}},"pendingPreKey":{"signedKeyId":39,"baseKey":"BTkcaSSWdP40+qkyykTljwtGVGKPGnSzpnBOeoDONV9Y","preKeyId":10831218}}},"version":"v1"}