{"_sessions":{"BUo6QjpYcYeOrvwZT2+pqTHRgS157BAG8P0Es+OTAS4F":{"registrationId":1040668416,"currentRatchet":{"ephemeralKeyPair":{"pubKey":"Bf2jTKPVkSvvU9G5/Bvbk3BfIK4nU8dspGC84Ltbf90h","privKey":"aBiIYXqbO7agObsuNnRF5/dhegetHNV5YoD68IneKHQ="},"lastRemoteEphemeralKey":"BdzUOzDPoUO6ZNyxdBQeefa11nbGjcHypNZgvZHlIalR","previousCounter":0,"rootKey":"wqV3GiGSQwsplFjN9qV9oqmfwddVJWVRhnPAx4bp+m4="},"indexInfo":{"baseKey":"BUo6QjpYcYeOrvwZT2+pqTHRgS157BAG8P0Es+OTAS4F","baseKeyType":1,"closed":1763718472342,"used":1763718471670,"created":1763718471670,"remoteIdentityKey":"BemjiVvaKeoce3D24E462w4DfDJXqyUWY7ZTZPWJuxJP"},"_chains":{"Bf2jTKPVkSvvU9G5/Bvbk3BfIK4nU8dspGC84Ltbf90h":{"chainKey":{"counter":-1,"key":"o9yUdiDI+gXACelfwXEu+yJ7dh7zz04ZHWdpgUgU1sY="},"chainType":1,"messageKeys":{}}},"pendingPreKey":{"signedKeyId":16403100,"baseKey":"BUo6QjpYcYeOrvwZT2+pqTHRgS157BAG8P0Es+OTAS4F"}},"BX4A1IwHnu8H54ct/1YFOhI0UzoGPklhnk1F901/lZwD":{"registrationId":1040668416,"currentRatchet":{"ephemeralKeyPair":{"pubKey":"BWxI8e/buoykL8rvH9InqULts/s1N9erOsxC7EeGctR5","privKey":"WLcT7wW13OhuV/NVwKIB+nwPlXFvmJy6QVbewt347Vg="},"lastRemoteEphemeralKey":"BdzUOzDPoUO6ZNyxdBQeefa11nbGjcHypNZgvZHlIalR","previousCounter":0,"rootKey":"zDHBuClkwg60wiyjtRXRgAP4RBtlgvlMGvZ7zf4paXU="},"indexInfo":{"baseKey":"BX4A1IwHnu8H54ct/1YFOhI0UzoGPklhnk1F901/lZwD","baseKeyType":1,"closed":-1,"used":1763718472340,"created":1763718472340,"remoteIdentityKey":"BemjiVvaKeoce3D24E462w4DfDJXqyUWY7ZTZPWJuxJP"},"_chains":{"BWxI8e/buoykL8rvH9InqULts/s1N9erOsxC7EeGctR5":{"chainKey":{"counter":145,"key":"mIieynSv3HwqBom9lTeVa/owRnwaQ3mEn93onOLxFw4="},"chainType":1,"messageKeys":{}}},"pendingPreKey":{"signedKeyId":16403100,"baseKey":"BX4A1IwHnu8H54ct/1YFOhI0UzoGPklhnk1F901/lZwD"}}},"version":"v1"}