{"_sessions":{"BSlctwrcr/fJvH9mT+hmbKA99J4XLfgjoHFZ/Kx+pQ4t":{"registrationId":491300725,"currentRatchet":{"ephemeralKeyPair":{"pubKey":"BdEeQE84pgw0NU2JhdC8TZkTvAc+YqaI+UsUP/hkiih9","privKey":"eFDrrPVOH92mphZ7Qd2GuZIyn31Q6Lh1qpyAeu734Gc="},"lastRemoteEphemeralKey":"BTDosjSo6Sn1Q6/DEapPmMxk7TB3Fo1UtUUlmUwlsQZ5","previousCounter":0,"rootKey":"6rMuDBHHvhgY/ieY3PTdO2gtNXyfmgZ5d99aeSsE/h4="},"indexInfo":{"baseKey":"BSlctwrcr/fJvH9mT+hmbKA99J4XLfgjoHFZ/Kx+pQ4t","baseKeyType":1,"closed":1763718472708,"used":1763718471818,"created":1763718471818,"remoteIdentityKey":"BSjpMstXn2aaGf5s+btqbf521BL/0lN26wuspl5cGhd9"},"_chains":{"BdEeQE84pgw0NU2JhdC8TZkTvAc+YqaI+UsUP/hkiih9":{"chainKey":{"counter":-1,"key":"4+G/CVBo1Lj1cXgxA6Zq9s6iFkASGAnYGV/Nj/JRT+0="},"chainType":1,"messageKeys":{}}},"pendingPreKey":{"signedKeyId":17,"baseKey":"BSlctwrcr/fJvH9mT+hmbKA99J4XLfgjoHFZ/Kx+pQ4t","preKeyId":14752328}},"BZWpwszHNft6iiC/LtgTKx94ps6S0F8nN0kEmq0TZ6Mk":{"registrationId":491300725,"currentRatchet":{"ephemeralKeyPair":{"pubKey":"BdaSSuxZCiMZ4H1qdZUwJ6y0zEwRy9vEvVbCKTPWTtkm","privKey":"mL0+go45X28Z2P0+e5FrlHiz847JTwlnILjWnDQwdlY="},"lastRemoteEphemeralKey":"BTDosjSo6Sn1Q6/DEapPmMxk7TB3Fo1UtUUlmUwlsQZ5","previousCounter":0,"rootKey":"wSe2OAzucWqbqTbQJeesL5SCBdToCGuvwUQJPxKVBqE="},"indexInfo":{"baseKey":"BZWpwszHNft6iiC/LtgTKx94ps6S0F8nN0kEmq0TZ6Mk","baseKeyType":1,"closed":-1,"used":1763718472706,"created":1763718472706,"remoteIdentityKey":"BSjpMstXn2aaGf5s+btqbf521BL/0lN26wuspl5cGhd9"},"_chains":{"BdaSSuxZCiMZ4H1qdZUwJ6y0zEwRy9vEvVbCKTPWTtkm":{"chainKey":{"counter":145,"key":"w1llM8eyb8rWSIuLr3CoVpnHcuoyLjEot4NqmDONMAE="},"chainType":1,"messageKeys":{}}},"pendingPreKey":{"signedKeyId":17,"baseKey":"BZWpwszHNft6iiC/LtgTKx94ps6S0F8nN0kEmq0TZ6Mk","preKeyId":14752396}}},"version":"v1"}