{"_sessions":{"BbPgIhWfraqtnH2tHWXrDJrTIW12nO7vZPqCi9kCT7ZG":{"registrationId":1641425975,"currentRatchet":{"ephemeralKeyPair":{"pubKey":"BUPLlGJ6OdUrVxtHZO8uBpCa/FCKxqavmNkr3cnN7VNI","privKey":"KPpSijDTTzOzLFRzRgivTOXJj9NO9Afz8kT76SZIc2w="},"lastRemoteEphemeralKey":"Bd4cCWl3WPn+mgLGzQsqDN27hsriaoL4ZoK1b5J6Uuoz","previousCounter":0,"rootKey":"N4LzUjYEurv+EBMMhuQhM7eUG+wdpVrKozeOlbGRpzQ="},"indexInfo":{"baseKey":"BbPgIhWfraqtnH2tHWXrDJrTIW12nO7vZPqCi9kCT7ZG","baseKeyType":1,"closed":1763718471320,"used":1763718470140,"created":1763718470140,"remoteIdentityKey":"BW+W0d5dJLvreUkdY/ryExganwBKAwoEIVpF6hgR1v0L"},"_chains":{"BUPLlGJ6OdUrVxtHZO8uBpCa/FCKxqavmNkr3cnN7VNI":{"chainKey":{"counter":-1,"key":"oexlTmgOhaYwd1Ik+aQO/9WrnSLJi/Ds+yT4V9a3w1s="},"chainType":1,"messageKeys":{}}},"pendingPreKey":{"signedKeyId":8,"baseKey":"BbPgIhWfraqtnH2tHWXrDJrTIW12nO7vZPqCi9kCT7ZG","preKeyId":6874330}},"BR/6LL7+sd9y2WfuOOFntuV64t+4kW2AJY2ISyu0I0Ve":{"registrationId":1641425975,"currentRatchet":{"ephemeralKeyPair":{"pubKey":"BWpDVRBxberjhP1saqbhgOgmzrBCnzo8f2lpNSvBOVV4","privKey":"SB7T5HEFShYeQmYLSHMX2XTZLmuotRc3yK4rgGCklX4="},"lastRemoteEphemeralKey":"Bd4cCWl3WPn+mgLGzQsqDN27hsriaoL4ZoK1b5J6Uuoz","previousCounter":0,"rootKey":"dNMGkOJVirGne6+KEUuc2x6ssTs0brG83VguWMGbZHk="},"indexInfo":{"baseKey":"BR/6LL7+sd9y2WfuOOFntuV64t+4kW2AJY2ISyu0I0Ve","baseKeyType":1,"closed":-1,"used":1763718471317,"created":1763718471317,"remoteIdentityKey":"BW+W0d5dJLvreUkdY/ryExganwBKAwoEIVpF6hgR1v0L"},"_chains":{"BWpDVRBxberjhP1saqbhgOgmzrBCnzo8f2lpNSvBOVV4":{"chainKey":{"counter":145,"key":"knBstIIAV+8ccupzmUzxpmo6PONRUqGLm4wZGSd440o="},"chainType":1,"messageKeys":{}}},"pendingPreKey":{"signedKeyId":8,"baseKey":"BR/6LL7+sd9y2WfuOOFntuV64t+4kW2AJY2ISyu0I0Ve","preKeyId":6874355}}},"version":"v1"}