{"_sessions":{"Bc1A0RotAkaLPCikJcc4gMlXzPanabmdnKn3GXmns1Q+":{"registrationId":505858467,"currentRatchet":{"ephemeralKeyPair":{"pubKey":"BZ7Kwk91/kmg7vvHs01ZX+3chK/sI0zXpSUO4JIxdCRX","privKey":"0H24jmwsZXu1lj1oE45x8C+lvbFor2nw9jngMFuvxEk="},"lastRemoteEphemeralKey":"BaR5RxMGGdMn27WhRLc09lNmFxVJQJKt3G9A6c5WWyI5","previousCounter":0,"rootKey":"7Cxr6JK3W3YXupxUm+S5hggpORh/2R0nRdfb/C6bMSc="},"indexInfo":{"baseKey":"Bc1A0RotAkaLPCikJcc4gMlXzPanabmdnKn3GXmns1Q+","baseKeyType":1,"closed":1763718474785,"used":1763718473868,"created":1763718473868,"remoteIdentityKey":"BRk5BjeFwDuTpYbyvjyieHlUwUR9cga0Hf59BwHv+bly"},"_chains":{"BZ7Kwk91/kmg7vvHs01ZX+3chK/sI0zXpSUO4JIxdCRX":{"chainKey":{"counter":-1,"key":"UTh7SXz369YhMTfdUa4cQQ/qYOfehPnaTUXupTw51uI="},"chainType":1,"messageKeys":{}}},"pendingPreKey":{"signedKeyId":30,"baseKey":"Bc1A0RotAkaLPCikJcc4gMlXzPanabmdnKn3GXmns1Q+","preKeyId":3701586}},"BW9upoP2EKcB+xza925zSGqjjoGjau67NWJwBUGpF4xa":{"registrationId":505858467,"currentRatchet":{"ephemeralKeyPair":{"pubKey":"BWfctcpmdvEenF/sK8ZTFdqF/itRr7jfR2cW9Y/bPK9c","privKey":"iMy/RQZbmDhQPklLsqedrFJBhS6HpgwB7r/XVZvjXl4="},"lastRemoteEphemeralKey":"BdCm2ONfef+WXHO8S34lobmGcr7DL83n1l+C0Anxpugg","previousCounter":2,"rootKey":"uCcrWGPOfst/3x36SOkPBouMPAeL1HM5Fc9O4NaeIi8="},"indexInfo":{"baseKey":"BW9upoP2EKcB+xza925zSGqjjoGjau67NWJwBUGpF4xa","baseKeyType":1,"closed":-1,"used":1763720741681,"created":1763718474783,"remoteIdentityKey":"BRk5BjeFwDuTpYbyvjyieHlUwUR9cga0Hf59BwHv+bly"},"_chains":{"BdCm2ONfef+WXHO8S34lobmGcr7DL83n1l+C0Anxpugg":{"chainKey":{"counter":0,"key":"tenw+M08vhvgRK+NP317k3aHaV0Vz+SNDfXFrrDWHQc="},"chainType":2,"messageKeys":{}},"BWfctcpmdvEenF/sK8ZTFdqF/itRr7jfR2cW9Y/bPK9c":{"chainKey":{"counter":142,"key":"NvCE3ewypsZNNa2aKRh5TBWLtGuM2mSlcglxQdcJ+2U="},"chainType":1,"messageKeys":{}}}}},"version":"v1"}