{"_sessions":{"BXiI4P5jGlbPJv6qcz2RM7vsPOy7WRf4dJiE++cHSDld":{"registrationId":1582247768,"currentRatchet":{"ephemeralKeyPair":{"pubKey":"BRiib5yU7xMBl1+nUSHUUHNwx7pAtiZ6VuAOy98+WfNh","privKey":"KPS31GFdGvGEFc/yMz4OCoi0DlQOcXhlaWAdIc2b0mU="},"lastRemoteEphemeralKey":"BX+aFk86zhGNClaO2RUkPV+lfuP7VaAJPw/LOvaHCMgV","previousCounter":0,"rootKey":"iElZeV14SPt6UCwxXK9+l+eYIcWaYZk8IOPg87Dr8YA="},"indexInfo":{"baseKey":"BXiI4P5jGlbPJv6qcz2RM7vsPOy7WRf4dJiE++cHSDld","baseKeyType":1,"closed":1763718473369,"used":1763718472198,"created":1763718472198,"remoteIdentityKey":"BUOB7fqrH2MtkxFmLZ/rRJaKz8+8u/m4xCaKk8JXmqQl"},"_chains":{"BRiib5yU7xMBl1+nUSHUUHNwx7pAtiZ6VuAOy98+WfNh":{"chainKey":{"counter":-1,"key":"LzpmXEBfwpvlCdvPlI7mJZO8LsUfNsiX+Pl9nKcrKGc="},"chainType":1,"messageKeys":{}}},"pendingPreKey":{"signedKeyId":10466930,"baseKey":"BXiI4P5jGlbPJv6qcz2RM7vsPOy7WRf4dJiE++cHSDld","preKeyId":13614464}},"BQsePNbqTcRXoaGpu+Zuv1JcIthsvndNVq2aeKJBVAVJ":{"registrationId":1582247768,"currentRatchet":{"ephemeralKeyPair":{"pubKey":"BRsvV84cDXxA6x3A6PccAT4T6W7WacTqac/vg5CIOYVr","privKey":"YKUfPKHgc3QJ97eJqI8iGQ3JDwRrr2qHvcXDH/u6q1U="},"lastRemoteEphemeralKey":"BX+aFk86zhGNClaO2RUkPV+lfuP7VaAJPw/LOvaHCMgV","previousCounter":0,"rootKey":"EyvIfC6uTOWkIoxeULnC40EdVi5Q9k+9aJPWOZ95FOA="},"indexInfo":{"baseKey":"BQsePNbqTcRXoaGpu+Zuv1JcIthsvndNVq2aeKJBVAVJ","baseKeyType":1,"closed":-1,"used":1763718473366,"created":1763718473366,"remoteIdentityKey":"BUOB7fqrH2MtkxFmLZ/rRJaKz8+8u/m4xCaKk8JXmqQl"},"_chains":{"BRsvV84cDXxA6x3A6PccAT4T6W7WacTqac/vg5CIOYVr":{"chainKey":{"counter":145,"key":"OqvJVjrMvA8IFlUcpNmj/14HU8JPDoO4Crr57jDsLYc="},"chainType":1,"messageKeys":{}}},"pendingPreKey":{"signedKeyId":10466930,"baseKey":"BQsePNbqTcRXoaGpu+Zuv1JcIthsvndNVq2aeKJBVAVJ","preKeyId":13614475}}},"version":"v1"}