{"_sessions":{"BV2dbhibpkv4S+jSGuzlHqzeAcUD/cEsmTaehgxHqUM0":{"registrationId":205381515,"currentRatchet":{"ephemeralKeyPair":{"pubKey":"BayDb/tTxlwL293u8Uhw+LMiUaJH3zo8r7Yslcr42TlZ","privKey":"ACC1Os3AftC1IVvGUd4WrH5yfkLE6PHiw4mws0h9mnI="},"lastRemoteEphemeralKey":"BZkHkT31W5RK+y4vy+l5m6Ya0urFo+yavsIzGvZkXmZJ","previousCounter":0,"rootKey":"jMG2OEmI9bJGl7DvEeHsvv849rFIIvxNLIdJ+ImYOU8="},"indexInfo":{"baseKey":"BV2dbhibpkv4S+jSGuzlHqzeAcUD/cEsmTaehgxHqUM0","baseKeyType":1,"closed":1763718472472,"used":1763718471710,"created":1763718471710,"remoteIdentityKey":"BVBTPidYSPTDvCd4k9lJv78+mweJiyl5/bR0iZLIqTUc"},"_chains":{"BayDb/tTxlwL293u8Uhw+LMiUaJH3zo8r7Yslcr42TlZ":{"chainKey":{"counter":-1,"key":"QbRseS4RUbZHBh7ylidJvTB9tNSe4FRJDI94ZN1xfIw="},"chainType":1,"messageKeys":{}}},"pendingPreKey":{"signedKeyId":5,"baseKey":"BV2dbhibpkv4S+jSGuzlHqzeAcUD/cEsmTaehgxHqUM0","preKeyId":3732369}},"BVoQAztXTPLRHL94lGVeoRk1iiUEjMEUilM7o9HQMoNM":{"registrationId":205381515,"currentRatchet":{"ephemeralKeyPair":{"pubKey":"BZ49Cs3vryRziwte6OxS66qNTaxRBqiiMagY5yhAHjxC","privKey":"IIQlTIz6K8/j2zu39zXLDmK6+OtKmY2iaEs2pGtMj0M="},"lastRemoteEphemeralKey":"BZkHkT31W5RK+y4vy+l5m6Ya0urFo+yavsIzGvZkXmZJ","previousCounter":0,"rootKey":"eCUG75nw7DU5GGGVOCl/gJWpeBkAh1kRjLrbdlc6408="},"indexInfo":{"baseKey":"BVoQAztXTPLRHL94lGVeoRk1iiUEjMEUilM7o9HQMoNM","baseKeyType":1,"closed":-1,"used":1763718472470,"created":1763718472470,"remoteIdentityKey":"BVBTPidYSPTDvCd4k9lJv78+mweJiyl5/bR0iZLIqTUc"},"_chains":{"BZ49Cs3vryRziwte6OxS66qNTaxRBqiiMagY5yhAHjxC":{"chainKey":{"counter":145,"key":"gSjboAnCqNRUoMwRvlQt57hy9UfTosAf0R504+BOluU="},"chainType":1,"messageKeys":{}}},"pendingPreKey":{"signedKeyId":5,"baseKey":"BVoQAztXTPLRHL94lGVeoRk1iiUEjMEUilM7o9HQMoNM","preKeyId":3732403}}},"version":"v1"}