{"_sessions":{"BcOxWA3TvHPc9x5iXJaIUL/9afC2yKbzTAq/iNF/Uhon":{"registrationId":860170061,"currentRatchet":{"ephemeralKeyPair":{"pubKey":"BQBzoZ4ZRoEDnaJ3O7g8gyZiZ8VDxYnN5QF185w1+Xt3","privKey":"QHNxnapKCCvhHFRBMSgY0ODqwc1HbUiLfKjhr31MjUE="},"lastRemoteEphemeralKey":"BW7XK2KRUsz83gEk+bbT086+U30RFVGKur8zbQtuJ4cg","previousCounter":0,"rootKey":"yo1BLrJG2jksJQEro4wjFKszKh3D2YE7FFaBeAnt57E="},"indexInfo":{"baseKey":"BcOxWA3TvHPc9x5iXJaIUL/9afC2yKbzTAq/iNF/Uhon","baseKeyType":1,"closed":1763718476738,"used":1763718475882,"created":1763718475882,"remoteIdentityKey":"BavmiT+HbRUdcApFLM50Ut4+NunjxHliiivqZyqZkXIg"},"_chains":{"BQBzoZ4ZRoEDnaJ3O7g8gyZiZ8VDxYnN5QF185w1+Xt3":{"chainKey":{"counter":-1,"key":"SSafyewKBcmmcSO/NV53Oz5KaYl1Vo45Z4nka8UMz98="},"chainType":1,"messageKeys":{}}},"pendingPreKey":{"signedKeyId":14,"baseKey":"BcOxWA3TvHPc9x5iXJaIUL/9afC2yKbzTAq/iNF/Uhon","preKeyId":9379003}},"BWgRaxxWB7/FbjUnY1nDt4xcyuOA4DysvdRR3kwZh1g1":{"registrationId":860170061,"currentRatchet":{"ephemeralKeyPair":{"pubKey":"BarMKXbjcokoGJAv/cNgPPuApTFV34D2RKolW8/0vGlA","privKey":"CIe91e6yJ377Sx/h7UDM4pRF/XAEU6f4aWynDkiLg20="},"lastRemoteEphemeralKey":"BW7XK2KRUsz83gEk+bbT086+U30RFVGKur8zbQtuJ4cg","previousCounter":0,"rootKey":"hqSHLag37guQf2TueEZyUlayzX30ih9SkLfyjYIlM90="},"indexInfo":{"baseKey":"BWgRaxxWB7/FbjUnY1nDt4xcyuOA4DysvdRR3kwZh1g1","baseKeyType":1,"closed":-1,"used":1763718476736,"created":1763718476736,"remoteIdentityKey":"BavmiT+HbRUdcApFLM50Ut4+NunjxHliiivqZyqZkXIg"},"_chains":{"BarMKXbjcokoGJAv/cNgPPuApTFV34D2RKolW8/0vGlA":{"chainKey":{"counter":145,"key":"pL6ugQmD4m+fBMC8Fa6cYDI3WwilWp3nVvfGj9Z+/kQ="},"chainType":1,"messageKeys":{}}},"pendingPreKey":{"signedKeyId":14,"baseKey":"BWgRaxxWB7/FbjUnY1nDt4xcyuOA4DysvdRR3kwZh1g1","preKeyId":9379199}}},"version":"v1"}