{"_sessions":{"BR8N+Vj1z2NBpQOpzJU7/SrjxedCUwTyPgIbKmo0hiNK":{"registrationId":1118402863,"currentRatchet":{"ephemeralKeyPair":{"pubKey":"BZ08TijL0urkcOUcf8TfagLjtHjTBxL8/H14urLRE1Jg","privKey":"OApaXvmt7mUkP8pSN1eWg+bjWPBvoeZ0EfV17TlyXlI="},"lastRemoteEphemeralKey":"BanZVO99VobSr/w9UAn4tvszuX8f7biWpF8mBRh3FZZn","previousCounter":0,"rootKey":"K9T3i7kcQUzfVxC0Qcxg3PiuLlEQfzUM+6cyHl4OPdg="},"indexInfo":{"baseKey":"BR8N+Vj1z2NBpQOpzJU7/SrjxedCUwTyPgIbKmo0hiNK","baseKeyType":1,"closed":1763718472492,"used":1763718471717,"created":1763718471717,"remoteIdentityKey":"BezqNe2Cjjr6a0UKxJE6NSd40Omae/inkEEoncLkKQkV"},"_chains":{"BZ08TijL0urkcOUcf8TfagLjtHjTBxL8/H14urLRE1Jg":{"chainKey":{"counter":-1,"key":"5VsBFegCjb1tI8NprtZNDUSuM8G89zqRum+37fb1ZSY="},"chainType":1,"messageKeys":{}}},"pendingPreKey":{"signedKeyId":16,"baseKey":"BR8N+Vj1z2NBpQOpzJU7/SrjxedCUwTyPgIbKmo0hiNK","preKeyId":4601888}},"BbmEVrDIomequuI/GkeleuaHwK8HlFs451lNsVBaHxts":{"registrationId":1118402863,"currentRatchet":{"ephemeralKeyPair":{"pubKey":"BT33wMpw1fgJDyINSMpSnFk6BVZo8bghW8xZYyFMXg9T","privKey":"GGvZFoAtsdTswf2diEyHs88A0UL6O2ug+14mcVX0I2Y="},"lastRemoteEphemeralKey":"BanZVO99VobSr/w9UAn4tvszuX8f7biWpF8mBRh3FZZn","previousCounter":0,"rootKey":"V8iDohcYEa7jnVdT6tJDjoJ/N2o8oO5xxsa6mvwe4TI="},"indexInfo":{"baseKey":"BbmEVrDIomequuI/GkeleuaHwK8HlFs451lNsVBaHxts","baseKeyType":1,"closed":-1,"used":1763718472489,"created":1763718472489,"remoteIdentityKey":"BezqNe2Cjjr6a0UKxJE6NSd40Omae/inkEEoncLkKQkV"},"_chains":{"BT33wMpw1fgJDyINSMpSnFk6BVZo8bghW8xZYyFMXg9T":{"chainKey":{"counter":145,"key":"sGZgz4R3fBn/KzCH0SbX3GARnsMR6glYN1t6D5pSU+I="},"chainType":1,"messageKeys":{}}},"pendingPreKey":{"signedKeyId":16,"baseKey":"BbmEVrDIomequuI/GkeleuaHwK8HlFs451lNsVBaHxts","preKeyId":4601769}}},"version":"v1"}