{"_sessions":{"BbiI+1b40cj31HOfVPYWMnccbp/GCqeaYg5nHqxQfmQ8":{"registrationId":679149425,"currentRatchet":{"ephemeralKeyPair":{"pubKey":"BVma8iFlG2frI9Ndbq9TKkFYszIuDG0kbJqWcq9/XdYV","privKey":"4EM91IqMMBWFSWel4oC1gx3SjShSGxa+AZdPExOJMVM="},"lastRemoteEphemeralKey":"BXe8u0+JzTtEOJS9/+9YzaR6Cde3SAImTUhuESADyo10","previousCounter":0,"rootKey":"z0sML1lUZaykCHYLB23wXaZrvs4dnqHKbjNyH/jVZS8="},"indexInfo":{"baseKey":"BbiI+1b40cj31HOfVPYWMnccbp/GCqeaYg5nHqxQfmQ8","baseKeyType":1,"closed":1763718471152,"used":1763718470034,"created":1763718470034,"remoteIdentityKey":"Be45k71xbTEYdv5l1oCmyc6DneXO6HgP+x6pjwtvHXkP"},"_chains":{"BVma8iFlG2frI9Ndbq9TKkFYszIuDG0kbJqWcq9/XdYV":{"chainKey":{"counter":-1,"key":"UWonWrQ6op7yO2az44j8u/a1uMueBnHGLM1pWuct7Jc="},"chainType":1,"messageKeys":{}}},"pendingPreKey":{"signedKeyId":27,"baseKey":"BbiI+1b40cj31HOfVPYWMnccbp/GCqeaYg5nHqxQfmQ8","preKeyId":15829713}},"BaVLL2kvU9MhBEprjZjbKeNd1NGIw4ps4bxIW8uZhDBS":{"registrationId":679149425,"currentRatchet":{"ephemeralKeyPair":{"pubKey":"BZwna+TwcVLbeg2rYqCDsfnY5RiTvhQfHTrpRVgxQfle","privKey":"YBGZWpj+2+ZpGl5y5FhnU4FQ7+AFoCE9blpV2cuLTlY="},"lastRemoteEphemeralKey":"BXe8u0+JzTtEOJS9/+9YzaR6Cde3SAImTUhuESADyo10","previousCounter":0,"rootKey":"hvHCJ71GW/Fr3ZMjLIM7qtzkmt24ZYVA21p9f6PEIP4="},"indexInfo":{"baseKey":"BaVLL2kvU9MhBEprjZjbKeNd1NGIw4ps4bxIW8uZhDBS","baseKeyType":1,"closed":-1,"used":1763718471149,"created":1763718471149,"remoteIdentityKey":"Be45k71xbTEYdv5l1oCmyc6DneXO6HgP+x6pjwtvHXkP"},"_chains":{"BZwna+TwcVLbeg2rYqCDsfnY5RiTvhQfHTrpRVgxQfle":{"chainKey":{"counter":145,"key":"nyZnAWlKUpHgWajKitJrwkygl6G38W8XR2zyvgIB8vg="},"chainType":1,"messageKeys":{}}},"pendingPreKey":{"signedKeyId":27,"baseKey":"BaVLL2kvU9MhBEprjZjbKeNd1NGIw4ps4bxIW8uZhDBS","preKeyId":15830010}}},"version":"v1"}