{"_sessions":{"BWujxwriVeHZfFRRrqbcc0U+UsGK5/zIxIaHXqAepsE3":{"registrationId":1341341017,"currentRatchet":{"ephemeralKeyPair":{"pubKey":"Bbx0WYGlFOyc2kGEyt6Lt0p1vqI57AaG8N8vM0CGrhdd","privKey":"WOjsqRMJBAbcu+AqST2X065m3qp0etQLZ6irKQJOk34="},"lastRemoteEphemeralKey":"BSoLoSmA/9q8a5Gp25rpoF1nMq8+Z2zOxtL00Vx7ILRJ","previousCounter":0,"rootKey":"BaCD25Gf+cJszwFge7bdCrc/LflzSo8kw0nrIUpXfQg="},"indexInfo":{"baseKey":"BWujxwriVeHZfFRRrqbcc0U+UsGK5/zIxIaHXqAepsE3","baseKeyType":1,"closed":1763718476185,"used":1763718475535,"created":1763718475535,"remoteIdentityKey":"Be6iuwKFK3uuzA/EoHpmtl+EN1pdyLRtrF3WKaSPB6Uq"},"_chains":{"Bbx0WYGlFOyc2kGEyt6Lt0p1vqI57AaG8N8vM0CGrhdd":{"chainKey":{"counter":-1,"key":"Qctkw69RuqBdcJzie1I+bUFO2fj3lotibotHasvcuJ8="},"chainType":1,"messageKeys":{}}},"pendingPreKey":{"signedKeyId":3123797,"baseKey":"BWujxwriVeHZfFRRrqbcc0U+UsGK5/zIxIaHXqAepsE3","preKeyId":1725293}},"BZBe9SqaJQN9+M4x+D23nuMsZrxHr1yZrz0mVYN5LCkb":{"registrationId":1341341017,"currentRatchet":{"ephemeralKeyPair":{"pubKey":"Bc52oeoWVYRjI3IWpztTWJS3955732A4wKQRJewer3Vv","privKey":"MMWf9rVN7ksTQamWB1f5EneuDx4lSMqxTPsFTxmBk3Y="},"lastRemoteEphemeralKey":"BSoLoSmA/9q8a5Gp25rpoF1nMq8+Z2zOxtL00Vx7ILRJ","previousCounter":0,"rootKey":"ELX3CMOEo4JlxZJpYbpWsIVlpJxQJVfeZKpAh7q719U="},"indexInfo":{"baseKey":"BZBe9SqaJQN9+M4x+D23nuMsZrxHr1yZrz0mVYN5LCkb","baseKeyType":1,"closed":-1,"used":1763718476182,"created":1763718476182,"remoteIdentityKey":"Be6iuwKFK3uuzA/EoHpmtl+EN1pdyLRtrF3WKaSPB6Uq"},"_chains":{"Bc52oeoWVYRjI3IWpztTWJS3955732A4wKQRJewer3Vv":{"chainKey":{"counter":145,"key":"PRA5fW3y/Iry8rrfczW3pvmfBRNeQfxXoSsKXwyJWGc="},"chainType":1,"messageKeys":{}}},"pendingPreKey":{"signedKeyId":3123797,"baseKey":"BZBe9SqaJQN9+M4x+D23nuMsZrxHr1yZrz0mVYN5LCkb","preKeyId":1725846}}},"version":"v1"}