{"_sessions":{"BeKDx0aAYn7b+fwh8bgrrZYeFiY+I3m0PAc8DBMgW+01":{"registrationId":520020350,"currentRatchet":{"ephemeralKeyPair":{"pubKey":"BbDCq7MDrS5WTyWsMqknTxVjzK58HescwO+S81p/EH4B","privKey":"YBj6LKmSyigMDJI6PNg9N1NKS4wYjeqRuAUvl/kNcGw="},"lastRemoteEphemeralKey":"BWXUdIzYTp33XJntsK9wuLhYON4OiedZOmwiINf2FcAO","previousCounter":0,"rootKey":"6Wcdf/aHI34O9Pa2NKga2ZSMFZna6XERTdE1KR+N2+0="},"indexInfo":{"baseKey":"BeKDx0aAYn7b+fwh8bgrrZYeFiY+I3m0PAc8DBMgW+01","baseKeyType":1,"closed":1763718470674,"used":1763718469760,"created":1763718469760,"remoteIdentityKey":"BQJjI7TvTKKYpF+lv4ET0UPqW7hFGcysF0e2a3Qi3zYQ"},"_chains":{"BbDCq7MDrS5WTyWsMqknTxVjzK58HescwO+S81p/EH4B":{"chainKey":{"counter":-1,"key":"G9Y6NaUZwheVkPsm3BNjYqnIhRDGX1F7+LakVA/4BBk="},"chainType":1,"messageKeys":{}}},"pendingPreKey":{"signedKeyId":7,"baseKey":"BeKDx0aAYn7b+fwh8bgrrZYeFiY+I3m0PAc8DBMgW+01","preKeyId":12777549}},"BQrO2pfNrwoR4yuKR/2BbjBN5lZbT2nCex8x6f+clt9S":{"registrationId":520020350,"currentRatchet":{"ephemeralKeyPair":{"pubKey":"BRT+ykbsb+Hj8LqjbCa3pMxr8YQXJcKzYDiXC4+Meusx","privKey":"YGjp+wA0voMtMHpuSo4C6ZeoiWy6/qkZmJvGNQ862UM="},"lastRemoteEphemeralKey":"BWXUdIzYTp33XJntsK9wuLhYON4OiedZOmwiINf2FcAO","previousCounter":0,"rootKey":"3CJaiC23Kh2GDsurNep8SE+xFuZI5Ops0KatcOSMxWw="},"indexInfo":{"baseKey":"BQrO2pfNrwoR4yuKR/2BbjBN5lZbT2nCex8x6f+clt9S","baseKeyType":1,"closed":-1,"used":1763718470671,"created":1763718470671,"remoteIdentityKey":"BQJjI7TvTKKYpF+lv4ET0UPqW7hFGcysF0e2a3Qi3zYQ"},"_chains":{"BRT+ykbsb+Hj8LqjbCa3pMxr8YQXJcKzYDiXC4+Meusx":{"chainKey":{"counter":145,"key":"KvPZA3cK81MHgW0BbTTsa5/aWHgSMjPeKi+B7kWJKvU="},"chainType":1,"messageKeys":{}}},"pendingPreKey":{"signedKeyId":7,"baseKey":"BQrO2pfNrwoR4yuKR/2BbjBN5lZbT2nCex8x6f+clt9S","preKeyId":12777394}}},"version":"v1"}