{"_sessions":{"BfOjZ2niwDazW5coSfiU7UIrJDN0G+luM2RwE/9T8XBs":{"registrationId":1526651266,"currentRatchet":{"ephemeralKeyPair":{"pubKey":"BWFx3EXFl6BDRSelgQjoN7+OhVo8Mb485EDfy4AGNQpP","privKey":"+EgeYq7EABYDUHepteUpM7TldKGhYWlsU63zLbvVBlY="},"lastRemoteEphemeralKey":"BUM+oy61G90M5f72BdTWPt7yKuYmrzy6ZaFqtiIx3b9V","previousCounter":0,"rootKey":"caufoe+Dpbf65a8N0ES62FyUqcwCbYp9b1CAPaepRfs="},"indexInfo":{"baseKey":"BfOjZ2niwDazW5coSfiU7UIrJDN0G+luM2RwE/9T8XBs","baseKeyType":1,"closed":1763718473487,"used":1763718472255,"created":1763718472255,"remoteIdentityKey":"BUlSGOo1DzZVzOBRLmQ1e5BMrP/KcO2ShCw5HChiClwa"},"_chains":{"BWFx3EXFl6BDRSelgQjoN7+OhVo8Mb485EDfy4AGNQpP":{"chainKey":{"counter":-1,"key":"Jl5kGp6Fns2X4u+PjEoQsYQsaezhfflh23Uj+gtjPXY="},"chainType":1,"messageKeys":{}}},"pendingPreKey":{"signedKeyId":8115123,"baseKey":"BfOjZ2niwDazW5coSfiU7UIrJDN0G+luM2RwE/9T8XBs","preKeyId":2824112}},"Bf1IqzwUKMiFHXTDmT1U1kXeMtxY/Z8Vf1Bgaapeu+sw":{"registrationId":1526651266,"currentRatchet":{"ephemeralKeyPair":{"pubKey":"BSnYFBYcnFD01Xko/Le1sEOrzAZa/o29KfcQnzHdWKQg","privKey":"CMGCmu//gnaHfajY4buJxxMEsPIIguHJUqGjaxzchk4="},"lastRemoteEphemeralKey":"BUM+oy61G90M5f72BdTWPt7yKuYmrzy6ZaFqtiIx3b9V","previousCounter":0,"rootKey":"P4uZmQknzanhYtzwxLP/VtCdPwslKphvd7jp6P5/le4="},"indexInfo":{"baseKey":"Bf1IqzwUKMiFHXTDmT1U1kXeMtxY/Z8Vf1Bgaapeu+sw","baseKeyType":1,"closed":-1,"used":1763718473480,"created":1763718473480,"remoteIdentityKey":"BUlSGOo1DzZVzOBRLmQ1e5BMrP/KcO2ShCw5HChiClwa"},"_chains":{"BSnYFBYcnFD01Xko/Le1sEOrzAZa/o29KfcQnzHdWKQg":{"chainKey":{"counter":145,"key":"gN85Svy0Tcydlwmsv2y4jyvGSNO4Fc0loib2t5c7rGA="},"chainType":1,"messageKeys":{}}},"pendingPreKey":{"signedKeyId":8115123,"baseKey":"Bf1IqzwUKMiFHXTDmT1U1kXeMtxY/Z8Vf1Bgaapeu+sw","preKeyId":2824136}}},"version":"v1"}