{"_sessions":{"Bcv/Lz9Jd56mQrx9Z5OiyUguSTU4tj3IUWVR4Srx5zda":{"registrationId":323797194,"currentRatchet":{"ephemeralKeyPair":{"pubKey":"BR3JIXwHdyIneVu5zrciXC7t+/f46PFtLtN2N74CFC5s","privKey":"AC4QrxG3GsvtWAD6qxudc7cx5pZJNW7+1bT/+NH8o0I="},"lastRemoteEphemeralKey":"BQea23aXteQO+w6aPhsjbGKDWP0jqepqPHXlpsQiHWxv","previousCounter":0,"rootKey":"G1qySTrGPEp9RZBikICrwp3eveQKhhvYxSzXc0wOxqU="},"indexInfo":{"baseKey":"Bcv/Lz9Jd56mQrx9Z5OiyUguSTU4tj3IUWVR4Srx5zda","baseKeyType":1,"closed":1763718472641,"used":1763718471772,"created":1763718471772,"remoteIdentityKey":"Bf/U1xOZ05tqIzVrxyXOCWKyN9ia+iIAdNmAlE/3t5R9"},"_chains":{"BR3JIXwHdyIneVu5zrciXC7t+/f46PFtLtN2N74CFC5s":{"chainKey":{"counter":-1,"key":"F11qSJcMZb9w5/RjGWnvardYanzzeOsrUvsIK3o1S+A="},"chainType":1,"messageKeys":{}}},"pendingPreKey":{"signedKeyId":3,"baseKey":"Bcv/Lz9Jd56mQrx9Z5OiyUguSTU4tj3IUWVR4Srx5zda","preKeyId":8321652}},"BVy/Z2y6Um4E08Kf0NdHT2bUKpvXpIMicMzc6ISHESEn":{"registrationId":323797194,"currentRatchet":{"ephemeralKeyPair":{"pubKey":"BdOmf0UiWpUMbYR+fnTp8aBbTLLayqdzngxbhJjWFolG","privKey":"KDkh5CmNm2moDqFGkprHqfCSFMNt6pIWEwaoWQHsymg="},"lastRemoteEphemeralKey":"BQea23aXteQO+w6aPhsjbGKDWP0jqepqPHXlpsQiHWxv","previousCounter":0,"rootKey":"7l+YSycIR71qBCQAdHjHcrVpe1K3DoHL8Byh2DFH7aw="},"indexInfo":{"baseKey":"BVy/Z2y6Um4E08Kf0NdHT2bUKpvXpIMicMzc6ISHESEn","baseKeyType":1,"closed":-1,"used":1763718472638,"created":1763718472638,"remoteIdentityKey":"Bf/U1xOZ05tqIzVrxyXOCWKyN9ia+iIAdNmAlE/3t5R9"},"_chains":{"BdOmf0UiWpUMbYR+fnTp8aBbTLLayqdzngxbhJjWFolG":{"chainKey":{"counter":145,"key":"7DbEqBk9hpjKipreRecktV+l+zzZatHnboPb4Ap9Ems="},"chainType":1,"messageKeys":{}}},"pendingPreKey":{"signedKeyId":3,"baseKey":"BVy/Z2y6Um4E08Kf0NdHT2bUKpvXpIMicMzc6ISHESEn","preKeyId":8321953}}},"version":"v1"}