{"_sessions":{"BZ1OxA9v9jfYS8gmyFBblR1pq5x4RlIiJ9/1wGRru0d6":{"registrationId":1477034935,"currentRatchet":{"ephemeralKeyPair":{"pubKey":"BfYaZsK6XC4XFKMIzE7n/b2+S9bJIoNjdvgIxXCD7J51","privKey":"eMXfek0vu4XBKnCW7B2GSAqT7AB+UFmDQFv6xoj750E="},"lastRemoteEphemeralKey":"BSsI1cRguwvYVbUeLFbGvTDKoknVbmD3NbveRkrhgzQm","previousCounter":0,"rootKey":"7KaNC6/nynWDtchPhIuDLIbEWYrwLNXyygLxxglVg8U="},"indexInfo":{"baseKey":"BZ1OxA9v9jfYS8gmyFBblR1pq5x4RlIiJ9/1wGRru0d6","baseKeyType":1,"closed":1763718478381,"used":1763718477454,"created":1763718477454,"remoteIdentityKey":"BUvYqalHT1PqsKCOGG8geJlVimzyI32i3ksNyVf+RCxi"},"_chains":{"BfYaZsK6XC4XFKMIzE7n/b2+S9bJIoNjdvgIxXCD7J51":{"chainKey":{"counter":-1,"key":"lRBmUH/u6vdtdHLMxNbs2Bi2stkXDEvBvTGWs6Fyu/k="},"chainType":1,"messageKeys":{}}},"pendingPreKey":{"signedKeyId":12552583,"baseKey":"BZ1OxA9v9jfYS8gmyFBblR1pq5x4RlIiJ9/1wGRru0d6","preKeyId":2579239}},"BT7dW0eKOTUUjVL/lbQAcgAKl8Inbo7K5yqOcoAi4Nhy":{"registrationId":1477034935,"currentRatchet":{"ephemeralKeyPair":{"pubKey":"BdBMyN7yLTes401MYqGM1PlKmQLt79Cy9wAcmfYzuwYH","privKey":"yPzejDk5llzWXAj7UXw3AUZczvMnCbgexpT7N6KbmXI="},"lastRemoteEphemeralKey":"BSsI1cRguwvYVbUeLFbGvTDKoknVbmD3NbveRkrhgzQm","previousCounter":0,"rootKey":"hkK01yVXTAMjJ7hgA3N3J9itQibZKgv+9OMzH0/ai+0="},"indexInfo":{"baseKey":"BT7dW0eKOTUUjVL/lbQAcgAKl8Inbo7K5yqOcoAi4Nhy","baseKeyType":1,"closed":-1,"used":1763718478378,"created":1763718478378,"remoteIdentityKey":"BUvYqalHT1PqsKCOGG8geJlVimzyI32i3ksNyVf+RCxi"},"_chains":{"BdBMyN7yLTes401MYqGM1PlKmQLt79Cy9wAcmfYzuwYH":{"chainKey":{"counter":145,"key":"+zGIXgVeidDF0LT8J/jlvIJESCPVMG7L/Tk6H0ydTi8="},"chainType":1,"messageKeys":{}}},"pendingPreKey":{"signedKeyId":12552583,"baseKey":"BT7dW0eKOTUUjVL/lbQAcgAKl8Inbo7K5yqOcoAi4Nhy","preKeyId":2579634}}},"version":"v1"}