{"_sessions":{"BVqh9n+Wo1fi1s2RSLKhY2iK+41g0b+yCDeOhNr0BJQa":{"registrationId":1114461644,"currentRatchet":{"ephemeralKeyPair":{"pubKey":"BU2D+y5gyUd466JpALf43QG4TyPqIcWkkSgagxztWiMV","privKey":"wNp0I0BRhkCl0k+oJ520M6Y+E5tSblA+4iO9SKDWfW0="},"lastRemoteEphemeralKey":"BaozxWMRr5GTHbZUGIGlrRuCIRSL1AEL0zTNs4HX6e09","previousCounter":0,"rootKey":"nC76R2RxOEEg74l/vwi0a5Z5ssWlrYUVdXVlU+Tg0Gg="},"indexInfo":{"baseKey":"BVqh9n+Wo1fi1s2RSLKhY2iK+41g0b+yCDeOhNr0BJQa","baseKeyType":1,"closed":1763718474860,"used":1763718473919,"created":1763718473919,"remoteIdentityKey":"BYArELSaGrkj76b43S45uUMKG5VkBBWXDqDvrebcLKgy"},"_chains":{"BU2D+y5gyUd466JpALf43QG4TyPqIcWkkSgagxztWiMV":{"chainKey":{"counter":-1,"key":"xRR6QIp/NinZ2wUXFd575ekBGuQVIQI8Fsmz1ho4EJk="},"chainType":1,"messageKeys":{}}},"pendingPreKey":{"signedKeyId":14,"baseKey":"BVqh9n+Wo1fi1s2RSLKhY2iK+41g0b+yCDeOhNr0BJQa","preKeyId":2467337}},"BZM6ao6w3mq/U7tHriQEo0dvu7t2kMvyRSncMsyMg39d":{"registrationId":1114461644,"currentRatchet":{"ephemeralKeyPair":{"pubKey":"BVODI6bhjWxXq6Usz7C7ZjfVN6O85pGNyUcI1NsDDxoh","privKey":"+HchXuIYbYWltUBwdM+nSSxrUespiljPe0EiEoFaVFU="},"lastRemoteEphemeralKey":"BaozxWMRr5GTHbZUGIGlrRuCIRSL1AEL0zTNs4HX6e09","previousCounter":0,"rootKey":"LAeLCdieDG9ocehBQ1kSbbWF2mBW6vqJB99USLVg6YY="},"indexInfo":{"baseKey":"BZM6ao6w3mq/U7tHriQEo0dvu7t2kMvyRSncMsyMg39d","baseKeyType":1,"closed":-1,"used":1763718474858,"created":1763718474858,"remoteIdentityKey":"BYArELSaGrkj76b43S45uUMKG5VkBBWXDqDvrebcLKgy"},"_chains":{"BVODI6bhjWxXq6Usz7C7ZjfVN6O85pGNyUcI1NsDDxoh":{"chainKey":{"counter":145,"key":"8qAZZ+XZpr6lKUZHAzHX/dUc3xrqLzgiDFobxkwIueQ="},"chainType":1,"messageKeys":{}}},"pendingPreKey":{"signedKeyId":14,"baseKey":"BZM6ao6w3mq/U7tHriQEo0dvu7t2kMvyRSncMsyMg39d","preKeyId":2467274}}},"version":"v1"}