{"_sessions":{"BdaVETN8/N4L8sHwuotDQhHofkHbBOW/ovWpntqXKq86":{"registrationId":1179312402,"currentRatchet":{"ephemeralKeyPair":{"pubKey":"Bc/KD5iTGWMQHSE1uxJQaiaP76iS1W1+rWX/2W/n2lQL","privKey":"8LI+1QsvbwGB7vc0UYeGT8L+pORnK89jMiV7TRvVbXQ="},"lastRemoteEphemeralKey":"BbviOknaSMJAfRMnyEsRl09aTQjhJNm64o+rXJCNYFMv","previousCounter":0,"rootKey":"fSsKz0iNBfERd+wBzQc7xQbMJIb9t1w4VOOZ9psg/EM="},"indexInfo":{"baseKey":"BdaVETN8/N4L8sHwuotDQhHofkHbBOW/ovWpntqXKq86","baseKeyType":1,"closed":1763718476902,"used":1763718475986,"created":1763718475986,"remoteIdentityKey":"BWu14J1BzOKkrb/JspWXALMYcL+0PWnnReNT00unz/gM"},"_chains":{"Bc/KD5iTGWMQHSE1uxJQaiaP76iS1W1+rWX/2W/n2lQL":{"chainKey":{"counter":-1,"key":"KqA2OoIsML0K5vOCHvL9jZUhO4AFSAYAlqRhWhV/FsY="},"chainType":1,"messageKeys":{}}},"pendingPreKey":{"signedKeyId":5838800,"baseKey":"BdaVETN8/N4L8sHwuotDQhHofkHbBOW/ovWpntqXKq86","preKeyId":9811069}},"BYcmkrpFOjn+KkNKYBRVxzI4nb0Ia4FppbYv3WYdJBdV":{"registrationId":1179312402,"currentRatchet":{"ephemeralKeyPair":{"pubKey":"BeHGShdi0RWx32YrD/dtkG1TS79/MUgU1+WnL0DLkgkW","privKey":"8Iu6BCFp8CkE2v5Fl2dyBgnHtn4zHc531WeI1p+eUXE="},"lastRemoteEphemeralKey":"BbviOknaSMJAfRMnyEsRl09aTQjhJNm64o+rXJCNYFMv","previousCounter":0,"rootKey":"zWbAoBap+1jhQxdIbcy3HtJZdLhVaE8IKhJuNAdkHgM="},"indexInfo":{"baseKey":"BYcmkrpFOjn+KkNKYBRVxzI4nb0Ia4FppbYv3WYdJBdV","baseKeyType":1,"closed":-1,"used":1763718476900,"created":1763718476900,"remoteIdentityKey":"BWu14J1BzOKkrb/JspWXALMYcL+0PWnnReNT00unz/gM"},"_chains":{"BeHGShdi0RWx32YrD/dtkG1TS79/MUgU1+WnL0DLkgkW":{"chainKey":{"counter":145,"key":"L2oVmlHszirL6+YaAC6smJpRfdI3CyJZ1F44iqi9Osk="},"chainType":1,"messageKeys":{}}},"pendingPreKey":{"signedKeyId":5838800,"baseKey":"BYcmkrpFOjn+KkNKYBRVxzI4nb0Ia4FppbYv3WYdJBdV","preKeyId":9811714}}},"version":"v1"}