{"_sessions":{"BUP5Zi2SPJjA+H6H4rBDlyaBTA3i+sOqwN7V0uMbxr93":{"registrationId":1572096342,"currentRatchet":{"ephemeralKeyPair":{"pubKey":"BcZz3Ic0hc2hgiDpnCoisA/U7PPoZ0YZuuhKrVVIQnF7","privKey":"kIq0Ce8pif9+zN0tF3OSRT8RZ2wu/08LmhKThXsIqls="},"lastRemoteEphemeralKey":"BZ391O8oW2oY4xPjxYUMD7lCHTUhp8/eUCpsYveoVfc5","previousCounter":0,"rootKey":"ebfc0sVLFRatz0HAc2Msp3ZhZrXYqyvBVMgexBWI8sk="},"indexInfo":{"baseKey":"BUP5Zi2SPJjA+H6H4rBDlyaBTA3i+sOqwN7V0uMbxr93","baseKeyType":1,"closed":1763718470844,"used":1763718469864,"created":1763718469864,"remoteIdentityKey":"BSBzT5bWaPSEqNghJH9+7oMbgiJWLpksHweNDZgSMzZ8"},"_chains":{"BcZz3Ic0hc2hgiDpnCoisA/U7PPoZ0YZuuhKrVVIQnF7":{"chainKey":{"counter":-1,"key":"eKBiEQ6sBw5OOij0a4cABXRCzXQh/1zmk8EeV9POBJ0="},"chainType":1,"messageKeys":{}}},"pendingPreKey":{"signedKeyId":7,"baseKey":"BUP5Zi2SPJjA+H6H4rBDlyaBTA3i+sOqwN7V0uMbxr93","preKeyId":2644760}},"Bf7GYRNKld/ckv8yg4h7NF3t/ks8PKeSvBkr9V1J+SAx":{"registrationId":1572096342,"currentRatchet":{"ephemeralKeyPair":{"pubKey":"BVFCU7pKE2GBfYueVNFjFIP+qLuoc6S0LecSGtea4VgW","privKey":"0JttvOFkMEz36y0AcfX0edyXvLjnjV//WR5QQglfh0A="},"lastRemoteEphemeralKey":"BZ391O8oW2oY4xPjxYUMD7lCHTUhp8/eUCpsYveoVfc5","previousCounter":0,"rootKey":"TQu5UnZSLT1xCCAXlQNlMW+kcYovCnh/IcWSMahl5IM="},"indexInfo":{"baseKey":"Bf7GYRNKld/ckv8yg4h7NF3t/ks8PKeSvBkr9V1J+SAx","baseKeyType":1,"closed":-1,"used":1763718470841,"created":1763718470841,"remoteIdentityKey":"BSBzT5bWaPSEqNghJH9+7oMbgiJWLpksHweNDZgSMzZ8"},"_chains":{"BVFCU7pKE2GBfYueVNFjFIP+qLuoc6S0LecSGtea4VgW":{"chainKey":{"counter":145,"key":"JTSpiWMV0irASGz6F6UNvNyyczJ9ClY2tzWQP+Lqu4A="},"chainType":1,"messageKeys":{}}},"pendingPreKey":{"signedKeyId":7,"baseKey":"Bf7GYRNKld/ckv8yg4h7NF3t/ks8PKeSvBkr9V1J+SAx","preKeyId":2644913}}},"version":"v1"}