{"_sessions":{"BfXibcm0rkKiBsd08xDn4KakXqYy8M8hOW7ln5meL4h0":{"registrationId":2101818218,"currentRatchet":{"ephemeralKeyPair":{"pubKey":"BUmYLtlw4OSG+zVjKqHqEPX2VH8EKeWVxoM6UfVcf3Nj","privKey":"WDS0yhfPtWHyRSUnniMjxGUkm+XLFoNbZO5BbAgQAFU="},"lastRemoteEphemeralKey":"BUUaMx4K5YffxBR2NdPlfoBKsvoCPEK8qq8UxqdDljRJ","previousCounter":0,"rootKey":"vA2+X0M1my8WRB09cuEbJ3Xm2TPcmvHz1AY3rHf9jeY="},"indexInfo":{"baseKey":"BfXibcm0rkKiBsd08xDn4KakXqYy8M8hOW7ln5meL4h0","baseKeyType":1,"closed":1763718475267,"used":1763718474217,"created":1763718474217,"remoteIdentityKey":"BdfLDPJeCSIvdEdaASWbexoylLJwzsPo84S9S8TWNB9E"},"_chains":{"BUmYLtlw4OSG+zVjKqHqEPX2VH8EKeWVxoM6UfVcf3Nj":{"chainKey":{"counter":-1,"key":"25LJxfVtCJltGAnL6aulfKBzwZUlcxH8HzYC2tRwAEU="},"chainType":1,"messageKeys":{}}},"pendingPreKey":{"signedKeyId":6387503,"baseKey":"BfXibcm0rkKiBsd08xDn4KakXqYy8M8hOW7ln5meL4h0","preKeyId":9580868}},"BUN9pKRGeK7cw+7dWH5gx9tpiLVAXAie4L7FMSfFVeld":{"registrationId":2101818218,"currentRatchet":{"ephemeralKeyPair":{"pubKey":"BWArG6CnAkaO2rSHJW2AjwxJrI9Jgm577w3g9FbzEoIb","privKey":"yGveEE7E/eNCMiy8MNqKGB8wU581BvDTldzjpDNplWU="},"lastRemoteEphemeralKey":"BUUaMx4K5YffxBR2NdPlfoBKsvoCPEK8qq8UxqdDljRJ","previousCounter":0,"rootKey":"Uo2NwxWpX7oPmZFKiBD2ZD/xMI6DhuG/kj9U2JaoMOE="},"indexInfo":{"baseKey":"BUN9pKRGeK7cw+7dWH5gx9tpiLVAXAie4L7FMSfFVeld","baseKeyType":1,"closed":-1,"used":1763718475264,"created":1763718475264,"remoteIdentityKey":"BdfLDPJeCSIvdEdaASWbexoylLJwzsPo84S9S8TWNB9E"},"_chains":{"BWArG6CnAkaO2rSHJW2AjwxJrI9Jgm577w3g9FbzEoIb":{"chainKey":{"counter":145,"key":"TYweamPBW0lhTPgYgoC1eHhi8+TXYPxHVIp5BYB8TRY="},"chainType":1,"messageKeys":{}}},"pendingPreKey":{"signedKeyId":6387503,"baseKey":"BUN9pKRGeK7cw+7dWH5gx9tpiLVAXAie4L7FMSfFVeld","preKeyId":9580553}}},"version":"v1"}