{"_sessions":{"BbOTqNZaPZ90n1akFb58n/yWGJu82qXzURqfVETLRW1l":{"registrationId":88045310,"currentRatchet":{"ephemeralKeyPair":{"pubKey":"BWRiUgdiNNgeGVIsoRnPbGdM4PcdqeCbZhXGi7IT5DJd","privKey":"WCQL0gnFdSJdYhChQz7GK2oXfjndr+qfwo0cSLwO8WQ="},"lastRemoteEphemeralKey":"BQCB6naWlykJrM5eaJUQLKhyzfbRTqYypZj6ada9uwto","previousCounter":0,"rootKey":"QYQbib7KjpCvP8xuRhlRy0rPlXILJdRpARWC5XM+4ZY="},"indexInfo":{"baseKey":"BbOTqNZaPZ90n1akFb58n/yWGJu82qXzURqfVETLRW1l","baseKeyType":1,"closed":1763718471226,"used":1763718470078,"created":1763718470078,"remoteIdentityKey":"BdW04F4DTRzpn4FJwHJc+20Zrn7yOpFuzIxYMjKB1P8r"},"_chains":{"BWRiUgdiNNgeGVIsoRnPbGdM4PcdqeCbZhXGi7IT5DJd":{"chainKey":{"counter":-1,"key":"FuYbobC7zuchpesuMtvsR4EhuI5BPZ6nTI3KHgQmGi4="},"chainType":1,"messageKeys":{}}},"pendingPreKey":{"signedKeyId":13728525,"baseKey":"BbOTqNZaPZ90n1akFb58n/yWGJu82qXzURqfVETLRW1l","preKeyId":10675633}},"BcYZJ/5ej2R5SjiLyDmnRg0JbwJiJGfUShkfnNNOQYs9":{"registrationId":88045310,"currentRatchet":{"ephemeralKeyPair":{"pubKey":"BRFfIP1Nn/0lQzxxk4VLDTVefm4/z3pNZlZYsIlWMyt4","privKey":"SOlVmqtFA7CsLdaG8uQ9fyb9C21sUUK0TVDKxei7Dm4="},"lastRemoteEphemeralKey":"BQCB6naWlykJrM5eaJUQLKhyzfbRTqYypZj6ada9uwto","previousCounter":0,"rootKey":"AXft/tzKjR/G/rb3A9aIAEiAUBs+VUdsvbEUJTr1X9w="},"indexInfo":{"baseKey":"BcYZJ/5ej2R5SjiLyDmnRg0JbwJiJGfUShkfnNNOQYs9","baseKeyType":1,"closed":-1,"used":1763718471223,"created":1763718471223,"remoteIdentityKey":"BdW04F4DTRzpn4FJwHJc+20Zrn7yOpFuzIxYMjKB1P8r"},"_chains":{"BRFfIP1Nn/0lQzxxk4VLDTVefm4/z3pNZlZYsIlWMyt4":{"chainKey":{"counter":145,"key":"N1Ja3zPUgM6mofMn0cOjp3Zd6zHzj8V398/q0m/KnmY="},"chainType":1,"messageKeys":{}}},"pendingPreKey":{"signedKeyId":13728525,"baseKey":"BcYZJ/5ej2R5SjiLyDmnRg0JbwJiJGfUShkfnNNOQYs9","preKeyId":10675605}}},"version":"v1"}