{"_sessions":{"BZVRnIQAeLQHsPF7nb/XYSPGzLGmUdrM31J97GNxenJT":{"registrationId":1952342459,"currentRatchet":{"ephemeralKeyPair":{"pubKey":"BfsyS60w90X8OQf0n4zaqP6k3GpUKxI1cHglki9JYVQO","privKey":"OD2RKEg8LWVm1dLkiDTrlXbzpILMoKEX139G3RxCHGY="},"lastRemoteEphemeralKey":"BVZsq9mxpHvmiJbIJ3IkEgMMxMqHTbGcPFz9etdaPZJ5","previousCounter":0,"rootKey":"CZAkgojmvxa2Gb1Kv3LBf0zotN88BKQGe9AbvmVuQiw="},"indexInfo":{"baseKey":"BZVRnIQAeLQHsPF7nb/XYSPGzLGmUdrM31J97GNxenJT","baseKeyType":1,"closed":1763718473241,"used":1763718472134,"created":1763718472134,"remoteIdentityKey":"BWKN9MZRSy+vRmwQwaMRXftsAFnJp4RUszcRuiL8F5ts"},"_chains":{"BfsyS60w90X8OQf0n4zaqP6k3GpUKxI1cHglki9JYVQO":{"chainKey":{"counter":-1,"key":"eqJWJXGR/O5R+zBqUwDduZ9/TXzFgyrUEVpJCo84es8="},"chainType":1,"messageKeys":{}}},"pendingPreKey":{"signedKeyId":3313756,"baseKey":"BZVRnIQAeLQHsPF7nb/XYSPGzLGmUdrM31J97GNxenJT","preKeyId":54495}},"BZmIr8z8d1Xvlir6qwcGG+NJx4znJXnSa61xrVzEmWcu":{"registrationId":1952342459,"currentRatchet":{"ephemeralKeyPair":{"pubKey":"BbLosrR3GlDvzQYrxDRGNyLzc+7oa+GKtJIlHcZuTgwE","privKey":"wKIY/Me9eeOI8ckOAqabeSOzSBl0WtX4Exa0gEq8iEk="},"lastRemoteEphemeralKey":"BVZsq9mxpHvmiJbIJ3IkEgMMxMqHTbGcPFz9etdaPZJ5","previousCounter":0,"rootKey":"zNMEBn4lFMwC7vMVwJtM5L7zQz1rtWd445jAF0bFo/8="},"indexInfo":{"baseKey":"BZmIr8z8d1Xvlir6qwcGG+NJx4znJXnSa61xrVzEmWcu","baseKeyType":1,"closed":-1,"used":1763718473237,"created":1763718473237,"remoteIdentityKey":"BWKN9MZRSy+vRmwQwaMRXftsAFnJp4RUszcRuiL8F5ts"},"_chains":{"BbLosrR3GlDvzQYrxDRGNyLzc+7oa+GKtJIlHcZuTgwE":{"chainKey":{"counter":145,"key":"8A1SgzYApAZNnG+wSfhLQ1Aik7Z4lfuQgR+rYYjblp8="},"chainType":1,"messageKeys":{}}},"pendingPreKey":{"signedKeyId":3313756,"baseKey":"BZmIr8z8d1Xvlir6qwcGG+NJx4znJXnSa61xrVzEmWcu","preKeyId":54458}}},"version":"v1"}