{"_sessions":{"BaQ0fC7tAPRTrXkGLJmioxuQU1exVE6ztN0mYtbILa5Y":{"registrationId":1351212738,"currentRatchet":{"ephemeralKeyPair":{"pubKey":"BT+j7nEx94uHyWP5IeeLXEjPycUo+C6KEgHL5becvz93","privKey":"yNNomj+mw0/WHxijg0mcdJtvlIBFOtyHDE604wfv9ms="},"lastRemoteEphemeralKey":"BWh/z+v36jiThVcsc/y5dQiRWl/F1JfPjEGZcd/nXN1W","previousCounter":0,"rootKey":"Su7cXBuHogPQN4Uf9m/IcIePADxhOfaoLhwKxq2cRXo="},"indexInfo":{"baseKey":"BaQ0fC7tAPRTrXkGLJmioxuQU1exVE6ztN0mYtbILa5Y","baseKeyType":1,"closed":1763718474869,"used":1763718473926,"created":1763718473926,"remoteIdentityKey":"BTJgowj6fKmsNUDLNx3p5r0E+61ScIPLzUyP8+nIXNRL"},"_chains":{"BT+j7nEx94uHyWP5IeeLXEjPycUo+C6KEgHL5becvz93":{"chainKey":{"counter":-1,"key":"h0Uvi47GJFaFzbAOpcTEl7HvLc9Ox4Fs039v13opRdE="},"chainType":1,"messageKeys":{}}},"pendingPreKey":{"signedKeyId":2,"baseKey":"BaQ0fC7tAPRTrXkGLJmioxuQU1exVE6ztN0mYtbILa5Y","preKeyId":14012234}},"BbVKVc4X6ZXRujUcXjdqzSYdD4NwzEAKPeOBcqi52Qws":{"registrationId":1351212738,"currentRatchet":{"ephemeralKeyPair":{"pubKey":"Bb9tUpMr91eVctEUeXKPly2vIs9lSJ57BtCOWaWybkhU","privKey":"IAkmPnLdT+M5/HR7WtRhmUVSXHXLFpriAiApP2ppNno="},"lastRemoteEphemeralKey":"BWh/z+v36jiThVcsc/y5dQiRWl/F1JfPjEGZcd/nXN1W","previousCounter":0,"rootKey":"gl7jvjyzru45wbBat7eO9P2MmyrW4Cg00peYXBvoBj0="},"indexInfo":{"baseKey":"BbVKVc4X6ZXRujUcXjdqzSYdD4NwzEAKPeOBcqi52Qws","baseKeyType":1,"closed":-1,"used":1763718474867,"created":1763718474867,"remoteIdentityKey":"BTJgowj6fKmsNUDLNx3p5r0E+61ScIPLzUyP8+nIXNRL"},"_chains":{"Bb9tUpMr91eVctEUeXKPly2vIs9lSJ57BtCOWaWybkhU":{"chainKey":{"counter":145,"key":"uicT6S4CwqmryfFck84yZ3mi/1fvmVHOwv6c9h92Lg8="},"chainType":1,"messageKeys":{}}},"pendingPreKey":{"signedKeyId":2,"baseKey":"BbVKVc4X6ZXRujUcXjdqzSYdD4NwzEAKPeOBcqi52Qws","preKeyId":14012701}}},"version":"v1"}