{"_sessions":{"BYK+ni+wYLZqbn7GL1v7LMombZSuK9vjMxIuaiQ4XQhr":{"registrationId":1914506214,"currentRatchet":{"ephemeralKeyPair":{"pubKey":"BTlMNVAqnU5vHArn3FXeyPB9Y1YeEhI5ofwL6wiLEDoU","privKey":"wHMRya6Y5k/UrVCFnIZ/MLIEpfte+r6tV6iYjTEfp14="},"lastRemoteEphemeralKey":"BbCRQZ+YI5PRfpL0f6zPUXZ5LJkGwU/KCenxobBl3Tsp","previousCounter":0,"rootKey":"omfJoI77brI0b6F2FEbsWG1zGrsTqdwcEOf854LvC/k="},"indexInfo":{"baseKey":"BYK+ni+wYLZqbn7GL1v7LMombZSuK9vjMxIuaiQ4XQhr","baseKeyType":1,"closed":1763718474819,"used":1763718473890,"created":1763718473890,"remoteIdentityKey":"BRZd+nNGsFpg2q7k/il/YTF95jn5tb0YFvS4gqCaHkoX"},"_chains":{"BTlMNVAqnU5vHArn3FXeyPB9Y1YeEhI5ofwL6wiLEDoU":{"chainKey":{"counter":-1,"key":"BJ9xCz9y/uLIDhNVBExtV4mx8ouVQo2R0nwy3ZfG2Hc="},"chainType":1,"messageKeys":{}}},"pendingPreKey":{"signedKeyId":7178063,"baseKey":"BYK+ni+wYLZqbn7GL1v7LMombZSuK9vjMxIuaiQ4XQhr","preKeyId":14055333}},"BbmT5Kht0UXnJtKl+DLoqcr42+61QqwOEix38toj/i4t":{"registrationId":1914506214,"currentRatchet":{"ephemeralKeyPair":{"pubKey":"BeTRNFE3n0AjEZLSH6l/J8R6PIiCb44+PKFjjuj6D6gx","privKey":"MEVqUL59MEorcjnpOdXoEkcUTcc6WARJLmZx4gpKG1M="},"lastRemoteEphemeralKey":"BbCRQZ+YI5PRfpL0f6zPUXZ5LJkGwU/KCenxobBl3Tsp","previousCounter":0,"rootKey":"hyBw8Sf7S0XqwS07DOOYa/lXQ9eaVqzi5YKzvK/ZesE="},"indexInfo":{"baseKey":"BbmT5Kht0UXnJtKl+DLoqcr42+61QqwOEix38toj/i4t","baseKeyType":1,"closed":-1,"used":1763718474815,"created":1763718474815,"remoteIdentityKey":"BRZd+nNGsFpg2q7k/il/YTF95jn5tb0YFvS4gqCaHkoX"},"_chains":{"BeTRNFE3n0AjEZLSH6l/J8R6PIiCb44+PKFjjuj6D6gx":{"chainKey":{"counter":145,"key":"xouFUR4yLz6itpjdypsP59WtM/NJhsvwMZqX216q2g4="},"chainType":1,"messageKeys":{}}},"pendingPreKey":{"signedKeyId":7178063,"baseKey":"BbmT5Kht0UXnJtKl+DLoqcr42+61QqwOEix38toj/i4t","preKeyId":14054758}}},"version":"v1"}