{"_sessions":{"Ba4xmxB6xq0GqxEV6FP3+kARs4FLUQZbYZrwJeosaXsL":{"registrationId":378213140,"currentRatchet":{"ephemeralKeyPair":{"pubKey":"BWjwXKBkee8Y/g88HsMMkNlHy7YBKxE2+F/MKageAJYt","privKey":"EHwhKneRYps+XzRCXBG6SZCUNJ3BUcZUjOgoKALe0X8="},"lastRemoteEphemeralKey":"BZbr+LO7IzIqfpaxXgVtBJ8erpg/X1zTlp0Y+y2+bXZ2","previousCounter":0,"rootKey":"J2WkCcgtrML5KjQcaDxbWfTnkMOecABhbEtDV7sCkmw="},"indexInfo":{"baseKey":"Ba4xmxB6xq0GqxEV6FP3+kARs4FLUQZbYZrwJeosaXsL","baseKeyType":1,"closed":1763718480261,"used":1763718479271,"created":1763718479271,"remoteIdentityKey":"Bd8gE84tslaSr+CKQalP5rW5jLgLECE6Vzqpxl1kDkYo"},"_chains":{"BWjwXKBkee8Y/g88HsMMkNlHy7YBKxE2+F/MKageAJYt":{"chainKey":{"counter":-1,"key":"kgqahkbko78/Bcz5dS3OwFgqlA0mA6d0qivCJz9GevM="},"chainType":1,"messageKeys":{}}},"pendingPreKey":{"signedKeyId":19,"baseKey":"Ba4xmxB6xq0GqxEV6FP3+kARs4FLUQZbYZrwJeosaXsL","preKeyId":4309074}},"BW8uB+1rFgXU2X9jiR2rHs0affzL+KCUQG48bAdLwys1":{"registrationId":378213140,"currentRatchet":{"ephemeralKeyPair":{"pubKey":"BQ4/NXY7+5NQUkjd/xCQFmHr+owk70zH+nsMJa9mfh1u","privKey":"ABcGJWeFtBNwrqz9HC1biWpKSN40Brq5NCRprZ4pHXU="},"lastRemoteEphemeralKey":"BZbr+LO7IzIqfpaxXgVtBJ8erpg/X1zTlp0Y+y2+bXZ2","previousCounter":0,"rootKey":"dL0/O3Aecypjm8fgFmGt8l7zrJCFN8nPaRceoUIIyAA="},"indexInfo":{"baseKey":"BW8uB+1rFgXU2X9jiR2rHs0affzL+KCUQG48bAdLwys1","baseKeyType":1,"closed":-1,"used":1763718480257,"created":1763718480257,"remoteIdentityKey":"Bd8gE84tslaSr+CKQalP5rW5jLgLECE6Vzqpxl1kDkYo"},"_chains":{"BQ4/NXY7+5NQUkjd/xCQFmHr+owk70zH+nsMJa9mfh1u":{"chainKey":{"counter":145,"key":"2YLduix606GhiqRmyGjXcxRp6dzvUgkgwI7H/+++y4U="},"chainType":1,"messageKeys":{}}},"pendingPreKey":{"signedKeyId":19,"baseKey":"BW8uB+1rFgXU2X9jiR2rHs0affzL+KCUQG48bAdLwys1","preKeyId":4309206}}},"version":"v1"}