{"_sessions":{"BTQ8+mzA1WqIfjCc0x1XDJ/HR5IzzCzcygYmUWpg3zgL":{"registrationId":1924522856,"currentRatchet":{"ephemeralKeyPair":{"pubKey":"BdfMDS+G9Mwoe5uB3fmdG1Aa3hxGhMTBLCwEMjT2NuMs","privKey":"gHjKBy1t04oDCT4P00cbB5VPJ+2xCjyxFKQEN6eXRXk="},"lastRemoteEphemeralKey":"BaPS7WiY57o85T0g0yiWZ6T/V/1mH314LFRPL8es92A+","previousCounter":0,"rootKey":"Y16gksGyMvD1TlJ/nQg1yyi16Kil5H4TMvihwFYvE5Q="},"indexInfo":{"baseKey":"BTQ8+mzA1WqIfjCc0x1XDJ/HR5IzzCzcygYmUWpg3zgL","baseKeyType":1,"closed":1763718470654,"used":1763718469746,"created":1763718469746,"remoteIdentityKey":"BWxFtMNG4HNFNC7qmTh77ovdcUSOl0WHymWIiKzEOfhy"},"_chains":{"BdfMDS+G9Mwoe5uB3fmdG1Aa3hxGhMTBLCwEMjT2NuMs":{"chainKey":{"counter":-1,"key":"dAcvBR77a821inU9ZdrLtUWKgLg/uCZYSSQgFIMM2MI="},"chainType":1,"messageKeys":{}}},"pendingPreKey":{"signedKeyId":3451405,"baseKey":"BTQ8+mzA1WqIfjCc0x1XDJ/HR5IzzCzcygYmUWpg3zgL","preKeyId":15591386}},"BR/qsK9OIwJx5PgHLIoca+9R2EwKpa5+/qd6nNlojiVB":{"registrationId":1924522856,"currentRatchet":{"ephemeralKeyPair":{"pubKey":"BQykDAz8h08KBie16wNrtLhu6Zci0vt9XQdEnigISHNn","privKey":"GIH6jrfpxRvs8HIToV7G+OmsIlC9WgvT7lzh169KZ0g="},"lastRemoteEphemeralKey":"BaPS7WiY57o85T0g0yiWZ6T/V/1mH314LFRPL8es92A+","previousCounter":0,"rootKey":"KU5ymFOGx9j8EE73Icn/fRzi4xpRejR6LdrR/jASHJ8="},"indexInfo":{"baseKey":"BR/qsK9OIwJx5PgHLIoca+9R2EwKpa5+/qd6nNlojiVB","baseKeyType":1,"closed":-1,"used":1763718470651,"created":1763718470651,"remoteIdentityKey":"BWxFtMNG4HNFNC7qmTh77ovdcUSOl0WHymWIiKzEOfhy"},"_chains":{"BQykDAz8h08KBie16wNrtLhu6Zci0vt9XQdEnigISHNn":{"chainKey":{"counter":145,"key":"31BKT/SHfausAM1fMET4aakonlaNGDU7AI6uwTKHuUg="},"chainType":1,"messageKeys":{}}},"pendingPreKey":{"signedKeyId":3451405,"baseKey":"BR/qsK9OIwJx5PgHLIoca+9R2EwKpa5+/qd6nNlojiVB","preKeyId":15591317}}},"version":"v1"}