{"_sessions":{"BSzLUW9n9z68+yWoasLyAVlsyjSbm7uAqaHPYUxdmxwW":{"registrationId":1253185659,"currentRatchet":{"ephemeralKeyPair":{"pubKey":"BRzS61JGRdNdJwRfnm79sCnvIF57FgqWGqJItuc+2Y06","privKey":"UF1jK4kqLZ9PfXXcuAIx6985isZW15/9lCs4HHjNYWg="},"lastRemoteEphemeralKey":"BaqoRSvgtGrCM7QEPBp5QVL59OWbxwJz6tkoA4gbp2gb","previousCounter":0,"rootKey":"Wi/QgFooWT/Jh/vlw/2cpk3WF1qMP3aC1d4BF3tvg/o="},"indexInfo":{"baseKey":"BSzLUW9n9z68+yWoasLyAVlsyjSbm7uAqaHPYUxdmxwW","baseKeyType":1,"closed":1763718471524,"used":1763718470264,"created":1763718470264,"remoteIdentityKey":"BS9ww2JhAZ1wK2tjqTuWPG/i4iHVRbFjO9pj7Wd4Qsod"},"_chains":{"BRzS61JGRdNdJwRfnm79sCnvIF57FgqWGqJItuc+2Y06":{"chainKey":{"counter":-1,"key":"YAx9clF+Od8TENE0oZFadsCdjoY6f/o5KCaxBSF3AiU="},"chainType":1,"messageKeys":{}}},"pendingPreKey":{"signedKeyId":15169266,"baseKey":"BSzLUW9n9z68+yWoasLyAVlsyjSbm7uAqaHPYUxdmxwW","preKeyId":12936960}},"BVNrwqmeNao2flG1wZLCpJ8oSYoJEuLILnk6Ucd8ngkU":{"registrationId":1253185659,"currentRatchet":{"ephemeralKeyPair":{"pubKey":"BRmmfuT+q5CcRreszrLcZWgCPcsf7M+oUGxz9XexISsA","privKey":"6LNNmLgzeXRn3757OqAKFO3rndns4HqhD+7UbZk2MF8="},"lastRemoteEphemeralKey":"BaqoRSvgtGrCM7QEPBp5QVL59OWbxwJz6tkoA4gbp2gb","previousCounter":0,"rootKey":"4c2a0s1/MPzyPtPFcpvv6DzlKkD2Qxk7S7ALJVlseAk="},"indexInfo":{"baseKey":"BVNrwqmeNao2flG1wZLCpJ8oSYoJEuLILnk6Ucd8ngkU","baseKeyType":1,"closed":-1,"used":1763718471521,"created":1763718471521,"remoteIdentityKey":"BS9ww2JhAZ1wK2tjqTuWPG/i4iHVRbFjO9pj7Wd4Qsod"},"_chains":{"BRmmfuT+q5CcRreszrLcZWgCPcsf7M+oUGxz9XexISsA":{"chainKey":{"counter":145,"key":"84v9GDA23p1WN55I2AEMlV6YGnvOfSX1twG0VhL9ecg="},"chainType":1,"messageKeys":{}}},"pendingPreKey":{"signedKeyId":15169266,"baseKey":"BVNrwqmeNao2flG1wZLCpJ8oSYoJEuLILnk6Ucd8ngkU","preKeyId":12936769}}},"version":"v1"}