{"_sessions":{"Bc7DsARb3IA440MBNzHIp+K4ae5nhrfphH+8dvoBIPkY":{"registrationId":2011009337,"currentRatchet":{"ephemeralKeyPair":{"pubKey":"BYZ94fTjuOmCkq4z+ZGKOQvEwCK2wJNbI0Amh0WGdkdS","privKey":"wKOQFk7vJE3pJKjWjuEoRTQIwhc4QKTiDb16kz8AIkE="},"lastRemoteEphemeralKey":"BaccSdCpO4DoEvhZ0vnEf8PTMpvJ1ll0FcslBd7fg+so","previousCounter":0,"rootKey":"Rfb0iZwYxIrYK+q7v/9bZGBTg/PiCFdP/GAvKzDNVZE="},"indexInfo":{"baseKey":"Bc7DsARb3IA440MBNzHIp+K4ae5nhrfphH+8dvoBIPkY","baseKeyType":1,"closed":1763718481779,"used":1763718481025,"created":1763718481025,"remoteIdentityKey":"BRm1bf7xkXrdXqq2YJzlnykWISWZKDuoGsRCKXUDRqkS"},"_chains":{"BYZ94fTjuOmCkq4z+ZGKOQvEwCK2wJNbI0Amh0WGdkdS":{"chainKey":{"counter":-1,"key":"ERW5UZNlDhThoYqqp2ZlHdPMiHB6bKZVTOFsZ/Qh6hE="},"chainType":1,"messageKeys":{}}},"pendingPreKey":{"signedKeyId":7,"baseKey":"Bc7DsARb3IA440MBNzHIp+K4ae5nhrfphH+8dvoBIPkY","preKeyId":6043389}},"BYZrQAxrsmoUaKlazl0uVwDgShW/ovyNNpQHhwG7jeZj":{"registrationId":2011009337,"currentRatchet":{"ephemeralKeyPair":{"pubKey":"BV6+7LLbKDW8rcAFQtmwD7lILmFBW2HYGARDuz1HMed+","privKey":"8EKN03w7TitrHeD9EhZwpbFG3HGDBKuy6mWXWW4mz24="},"lastRemoteEphemeralKey":"BaccSdCpO4DoEvhZ0vnEf8PTMpvJ1ll0FcslBd7fg+so","previousCounter":0,"rootKey":"AxqwNy7oH1XKjDE9VoBb7R7kqUwAWcT9Hf0nTlfCvS0="},"indexInfo":{"baseKey":"BYZrQAxrsmoUaKlazl0uVwDgShW/ovyNNpQHhwG7jeZj","baseKeyType":1,"closed":-1,"used":1763718481777,"created":1763718481777,"remoteIdentityKey":"BRm1bf7xkXrdXqq2YJzlnykWISWZKDuoGsRCKXUDRqkS"},"_chains":{"BV6+7LLbKDW8rcAFQtmwD7lILmFBW2HYGARDuz1HMed+":{"chainKey":{"counter":145,"key":"jVGMRfsE2ypQdJD0lXv5VE/zIAxdFSd8PIgzBlez8oE="},"chainType":1,"messageKeys":{}}},"pendingPreKey":{"signedKeyId":7,"baseKey":"BYZrQAxrsmoUaKlazl0uVwDgShW/ovyNNpQHhwG7jeZj","preKeyId":6042833}}},"version":"v1"}