{"_sessions":{"BWFbOicJGIpKELqctcWRJRfiRmEA6MhAEgkeX6XDMlom":{"registrationId":1839758191,"currentRatchet":{"ephemeralKeyPair":{"pubKey":"BcTgwub08dk9rMmCshnR5frEWi83d1yp+f93me47+Yhw","privKey":"CDE7a4p5Q5eoYDywKfYzpR52+xpy9R1muAL5ZB/Ydk8="},"lastRemoteEphemeralKey":"BUc5Kfs4hAk0ELh/catXQhlO6BDjh4HHn9hfEiMU/bBW","previousCounter":0,"rootKey":"MZeoHtDtBDS0fjGRvtzyZUrCoUivD56cVRwg2lJJeeM="},"indexInfo":{"baseKey":"BWFbOicJGIpKELqctcWRJRfiRmEA6MhAEgkeX6XDMlom","baseKeyType":1,"closed":1763718470685,"used":1763718469767,"created":1763718469767,"remoteIdentityKey":"BZwqF9arHz9rtmaHXeCqtODPwasN0RmvbGNjSDQWUOZl"},"_chains":{"BcTgwub08dk9rMmCshnR5frEWi83d1yp+f93me47+Yhw":{"chainKey":{"counter":-1,"key":"vZVjBRgDS5GgRXzT/MHfGoBgVUc2qOVwoaxWaX12gDs="},"chainType":1,"messageKeys":{}}},"pendingPreKey":{"signedKeyId":4,"baseKey":"BWFbOicJGIpKELqctcWRJRfiRmEA6MhAEgkeX6XDMlom","preKeyId":10239691}},"BQDgGRLpLHIQcCUfhxD7Zax/SB9G0KD+8DNS+OAdMJYy":{"registrationId":1839758191,"currentRatchet":{"ephemeralKeyPair":{"pubKey":"BZI6fluG5FeO2b2mNA5L4ONsGckaSs5cUw5wsor/kZ8i","privKey":"UBpqhbjJBh8pzJW01TJmsJfK+vc723bqke0mbu3tFFs="},"lastRemoteEphemeralKey":"BUc5Kfs4hAk0ELh/catXQhlO6BDjh4HHn9hfEiMU/bBW","previousCounter":0,"rootKey":"fGYqfJqA9ZMbBV746i31Cmy+UDnEbOQPgeteMpapO+g="},"indexInfo":{"baseKey":"BQDgGRLpLHIQcCUfhxD7Zax/SB9G0KD+8DNS+OAdMJYy","baseKeyType":1,"closed":-1,"used":1763718470682,"created":1763718470682,"remoteIdentityKey":"BZwqF9arHz9rtmaHXeCqtODPwasN0RmvbGNjSDQWUOZl"},"_chains":{"BZI6fluG5FeO2b2mNA5L4ONsGckaSs5cUw5wsor/kZ8i":{"chainKey":{"counter":145,"key":"BsUWv5z5tRgi3fcHlH4V26h0rjuTuWCgt2mtScJnOI0="},"chainType":1,"messageKeys":{}}},"pendingPreKey":{"signedKeyId":4,"baseKey":"BQDgGRLpLHIQcCUfhxD7Zax/SB9G0KD+8DNS+OAdMJYy","preKeyId":10239943}}},"version":"v1"}