{"_sessions":{"BWEDfSa9g1kIzccCq3OGLHtlkWnOXEPgb5ZY/wi1mecY":{"registrationId":1374528261,"currentRatchet":{"ephemeralKeyPair":{"pubKey":"BXmsnST5+Nil+dLOgsbd30QGKCZEQZJ/sIF9NXlaokk2","privKey":"QOazSil/XIiYrBsI4sNawVf8xI2MXruYOf9vfiM7/E8="},"lastRemoteEphemeralKey":"BaUXAtt7NZ60R7MsnbVhpGCvqxVu+zsakNCUJzueZ+Z9","previousCounter":0,"rootKey":"lbiEy4by7b57B5gF8VEzp8OyB3uUIkQWOD2CKI6VEvU="},"indexInfo":{"baseKey":"BWEDfSa9g1kIzccCq3OGLHtlkWnOXEPgb5ZY/wi1mecY","baseKeyType":1,"closed":1763718478359,"used":1763718477441,"created":1763718477441,"remoteIdentityKey":"BYcyRiB34msYll1fFTInW2zY8TJMXxBCBsJCPulgmeUQ"},"_chains":{"BXmsnST5+Nil+dLOgsbd30QGKCZEQZJ/sIF9NXlaokk2":{"chainKey":{"counter":-1,"key":"lMHWHyreyQCLYXna9D5GKq7UPD0chLe6fSISMwSUFps="},"chainType":1,"messageKeys":{}}},"pendingPreKey":{"signedKeyId":3150883,"baseKey":"BWEDfSa9g1kIzccCq3OGLHtlkWnOXEPgb5ZY/wi1mecY","preKeyId":3175177}},"Ba4lReE3dlMh5+eEY4W67Ugzp2L5wNfGy9PUq4bdjct5":{"registrationId":1374528261,"currentRatchet":{"ephemeralKeyPair":{"pubKey":"BVF13lIb5h6YVFMNab2F7IH+BMCsCIF7TJP1kvrm19pv","privKey":"SAaXp5yYtSsUQ1ZYK8M1nEELhklcpFvaDVpIt5CjYns="},"lastRemoteEphemeralKey":"BaUXAtt7NZ60R7MsnbVhpGCvqxVu+zsakNCUJzueZ+Z9","previousCounter":0,"rootKey":"3BDP5LHX/zTyMex8fsV8dPPEUAOT6DcdvgdgEJPoOgY="},"indexInfo":{"baseKey":"Ba4lReE3dlMh5+eEY4W67Ugzp2L5wNfGy9PUq4bdjct5","baseKeyType":1,"closed":-1,"used":1763718478356,"created":1763718478356,"remoteIdentityKey":"BYcyRiB34msYll1fFTInW2zY8TJMXxBCBsJCPulgmeUQ"},"_chains":{"BVF13lIb5h6YVFMNab2F7IH+BMCsCIF7TJP1kvrm19pv":{"chainKey":{"counter":145,"key":"JtnlarHkjE/RtpQ5i+xmsjBBsqjfT0DFIu8thnsVs0A="},"chainType":1,"messageKeys":{}}},"pendingPreKey":{"signedKeyId":3150883,"baseKey":"Ba4lReE3dlMh5+eEY4W67Ugzp2L5wNfGy9PUq4bdjct5","preKeyId":3175436}}},"version":"v1"}