{"_sessions":{"BUd5340Can7K2ZGiFurjWOL/YeHt8HQnjlCHcXjVgSQ4":{"registrationId":3369121723,"currentRatchet":{"ephemeralKeyPair":{"pubKey":"BQRYAdqqIC07Sbn6UybJX/4A5wRi27phR9GOaaIyl7YT","privKey":"eFMUplVsgvdBTsH8G00PRaWL5JETnMZFGzFgptUSI14="},"lastRemoteEphemeralKey":"BZSmHiffsdP3uXpXq69T57HmwG8dbHcPN46HlNTQ6Pcr","previousCounter":0,"rootKey":"Cv5YN6WTNqpglA7L6q2WQz1CU8A8RyWaVM9Qp/0IsiU="},"indexInfo":{"baseKey":"BUd5340Can7K2ZGiFurjWOL/YeHt8HQnjlCHcXjVgSQ4","baseKeyType":1,"closed":-1,"used":1763716076213,"created":1763716076213,"remoteIdentityKey":"Bdv8HTtb4RCuI7LZZicDgLvIhLTmPMheIxym9Tsoy3Qe"},"_chains":{"BQRYAdqqIC07Sbn6UybJX/4A5wRi27phR9GOaaIyl7YT":{"chainKey":{"counter":220,"key":"bPEQnBvKKxRDGBLEoAib+VD8hFAP3j3cmUsL8ucBs8o="},"chainType":1,"messageKeys":{}}},"pendingPreKey":{"signedKeyId":1,"baseKey":"BUd5340Can7K2ZGiFurjWOL/YeHt8HQnjlCHcXjVgSQ4","preKeyId":767}}},"version":"v1"}