{"_sessions":{"Be9hkGZFXBtb8flJtvDutHkeP3re9BnO6BKpsGmQnrpN":{"registrationId":282317928,"currentRatchet":{"ephemeralKeyPair":{"pubKey":"Bf55AwkNqi8eKI8d1T46Y8Fm6b1AP4n16S+3Huunn5wL","privKey":"8GC0c4laBNX1FhIWVHQju339CQxqbIAepNEnHTd5gVc="},"lastRemoteEphemeralKey":"Be0+YFEzTXqaRGwWccns9VoUZcYWbFveE7uSBTR4e+kK","previousCounter":0,"rootKey":"JiK9ED1xkRW17A3EM2JfnXmXt9C/YjZZy9qzXMXUwr4="},"indexInfo":{"baseKey":"Be9hkGZFXBtb8flJtvDutHkeP3re9BnO6BKpsGmQnrpN","baseKeyType":1,"closed":1763718472746,"used":1763718471843,"created":1763718471843,"remoteIdentityKey":"BWQyQ5DINcG2/D2XRURqcyLOcHsyzSClGq4yWlZwl+Um"},"_chains":{"Bf55AwkNqi8eKI8d1T46Y8Fm6b1AP4n16S+3Huunn5wL":{"chainKey":{"counter":-1,"key":"anmoDXhrTU7L4OnN/eZr5hyFyBwn17wb+jxoMxf6QZo="},"chainType":1,"messageKeys":{}}},"pendingPreKey":{"signedKeyId":3,"baseKey":"Be9hkGZFXBtb8flJtvDutHkeP3re9BnO6BKpsGmQnrpN","preKeyId":14906042}},"BYZve/Xv6mfHDvOLj4Xtf4vEUSPrO4/l4YQ4ABO9OFUQ":{"registrationId":282317928,"currentRatchet":{"ephemeralKeyPair":{"pubKey":"Bdc5Md5PhDqLKfMYSrEqPRGZjawF9dPGFS3JUN+VkHU6","privKey":"gMab/2tLJ9RsO88edx6mBnYE2IFO1YsVut6ig3yyinw="},"lastRemoteEphemeralKey":"Be0+YFEzTXqaRGwWccns9VoUZcYWbFveE7uSBTR4e+kK","previousCounter":0,"rootKey":"Lb8PekmX2eKQKOxTpUV3ho5QrseOv3qG9E+uHe+DPmg="},"indexInfo":{"baseKey":"BYZve/Xv6mfHDvOLj4Xtf4vEUSPrO4/l4YQ4ABO9OFUQ","baseKeyType":1,"closed":-1,"used":1763718472743,"created":1763718472743,"remoteIdentityKey":"BWQyQ5DINcG2/D2XRURqcyLOcHsyzSClGq4yWlZwl+Um"},"_chains":{"Bdc5Md5PhDqLKfMYSrEqPRGZjawF9dPGFS3JUN+VkHU6":{"chainKey":{"counter":145,"key":"cXSBeYYltwlnFa6xgL7Rn3Gu5ozptLusIQXyPnsR07c="},"chainType":1,"messageKeys":{}}},"pendingPreKey":{"signedKeyId":3,"baseKey":"BYZve/Xv6mfHDvOLj4Xtf4vEUSPrO4/l4YQ4ABO9OFUQ","preKeyId":14906085}}},"version":"v1"}