{"_sessions":{"BQLrqz3hAX6GEZuD/WPO2vOL550j5XAuTnHhvzfbMnMM":{"registrationId":634648815,"currentRatchet":{"ephemeralKeyPair":{"pubKey":"BQsSoMtVKPMkRaZfgy0pyOeQcgatvGp3MDqdufOaaBQO","privKey":"KFEUemJKHZdjE5P19VOIYlmIpNKJTOPdw7ocurP6i0Y="},"lastRemoteEphemeralKey":"BQwkJHB9bmpgquIVQ1M5x6nfZNLv1Sob2Q2TWJtDmpt6","previousCounter":0,"rootKey":"hs35YVb9dBYqFWF4Irlk2pBrTcWB3Lr26pqPyh3wkTE="},"indexInfo":{"baseKey":"BQLrqz3hAX6GEZuD/WPO2vOL550j5XAuTnHhvzfbMnMM","baseKeyType":1,"closed":1763718470603,"used":1763718469714,"created":1763718469714,"remoteIdentityKey":"BSQZeO+cJH/ck9deN3yRsnjCWm8A7b4sw6R9aewADDVx"},"_chains":{"BQsSoMtVKPMkRaZfgy0pyOeQcgatvGp3MDqdufOaaBQO":{"chainKey":{"counter":-1,"key":"vcueoBFj637hh7FjoWvzLSNROYXncOCMtE630Ip8FK0="},"chainType":1,"messageKeys":{}}},"pendingPreKey":{"signedKeyId":16,"baseKey":"BQLrqz3hAX6GEZuD/WPO2vOL550j5XAuTnHhvzfbMnMM","preKeyId":2839221}},"BXzEaY2DmiTWLmk/3He0x96bbnm3OYAEm0WcxflZbaoa":{"registrationId":634648815,"currentRatchet":{"ephemeralKeyPair":{"pubKey":"Be2Ep/wuEgmLdcWzB++H9wg5sdwlfgpzkqLf4jd5XVFD","privKey":"wBpAKjQCJ/D76tOmx5d2/JLGTgTHQJG58X8BkvTSlm0="},"lastRemoteEphemeralKey":"BQwkJHB9bmpgquIVQ1M5x6nfZNLv1Sob2Q2TWJtDmpt6","previousCounter":0,"rootKey":"tzNNcPKhiiGOc0d1cRiZJMHHswykvTRM+ZrqLh5ri3A="},"indexInfo":{"baseKey":"BXzEaY2DmiTWLmk/3He0x96bbnm3OYAEm0WcxflZbaoa","baseKeyType":1,"closed":-1,"used":1763718470599,"created":1763718470599,"remoteIdentityKey":"BSQZeO+cJH/ck9deN3yRsnjCWm8A7b4sw6R9aewADDVx"},"_chains":{"Be2Ep/wuEgmLdcWzB++H9wg5sdwlfgpzkqLf4jd5XVFD":{"chainKey":{"counter":145,"key":"bWTlrjaiE7NMxdaMvqNl+IcvksdQrAvI0GYNllC6iEI="},"chainType":1,"messageKeys":{}}},"pendingPreKey":{"signedKeyId":16,"baseKey":"BXzEaY2DmiTWLmk/3He0x96bbnm3OYAEm0WcxflZbaoa","preKeyId":2839459}}},"version":"v1"}