{"_sessions":{"BZEKVTc/bZcy9CeRPRr/ILdUpNAZKfDfZ4QPPl1aBtsZ":{"registrationId":559857020,"currentRatchet":{"ephemeralKeyPair":{"pubKey":"BehlpHeL0xEbuxYuwUvBmzfTIdNWswT5+2tNlsjMZvEe","privKey":"EFdGFrqBAfI+TfuZRxV2tEfAkaWWaeiEVx9WI7Hj30k="},"lastRemoteEphemeralKey":"BXEkInAV3gxyJLFVt4Jh7elwe17rmMZ3+JvrAof2pGI8","previousCounter":0,"rootKey":"zE9vQQmf+kEvTAKiey8fHb3JSfN69jb8+nekmE3kLDg="},"indexInfo":{"baseKey":"BZEKVTc/bZcy9CeRPRr/ILdUpNAZKfDfZ4QPPl1aBtsZ","baseKeyType":1,"closed":1763718470975,"used":1763718469937,"created":1763718469937,"remoteIdentityKey":"Bbez+KZK1UloZWKY+Ad3J2dpviy5i9xots357Fpyrd9q"},"_chains":{"BehlpHeL0xEbuxYuwUvBmzfTIdNWswT5+2tNlsjMZvEe":{"chainKey":{"counter":-1,"key":"c0HbCoCGDfCKtlfn7rXbsXWKoophLUVw5WRXdNVl+jw="},"chainType":1,"messageKeys":{}}},"pendingPreKey":{"signedKeyId":20,"baseKey":"BZEKVTc/bZcy9CeRPRr/ILdUpNAZKfDfZ4QPPl1aBtsZ","preKeyId":658136}},"BWl+yMAjHn1NPEKcFRfcXDaGSWVAeLH3QspZdq9jZycL":{"registrationId":559857020,"currentRatchet":{"ephemeralKeyPair":{"pubKey":"BVrA/cr/31/KMRdVCIltCoEQK/9eAN0i6UTYKRJN0KI7","privKey":"ILl3uJiMHTsdJvVSaAFwLfw3SxhivlmzE79lJHUswEI="},"lastRemoteEphemeralKey":"BXEkInAV3gxyJLFVt4Jh7elwe17rmMZ3+JvrAof2pGI8","previousCounter":0,"rootKey":"CL/xDB+TbcXM8KDAJTewMpEZQ66OKaMH5W2yXrbX7y8="},"indexInfo":{"baseKey":"BWl+yMAjHn1NPEKcFRfcXDaGSWVAeLH3QspZdq9jZycL","baseKeyType":1,"closed":-1,"used":1763718470972,"created":1763718470972,"remoteIdentityKey":"Bbez+KZK1UloZWKY+Ad3J2dpviy5i9xots357Fpyrd9q"},"_chains":{"BVrA/cr/31/KMRdVCIltCoEQK/9eAN0i6UTYKRJN0KI7":{"chainKey":{"counter":145,"key":"Ci+vrUZjhQ2FNTpUUs+PJxM8cMZgMTU7UEU7F/AfTMM="},"chainType":1,"messageKeys":{}}},"pendingPreKey":{"signedKeyId":20,"baseKey":"BWl+yMAjHn1NPEKcFRfcXDaGSWVAeLH3QspZdq9jZycL","preKeyId":658111}}},"version":"v1"}