{"_sessions":{"BW6DULSAUIxuO3yzjQCmJhsezrKf8ZXPKW7CMzplfIQc":{"registrationId":1200092089,"currentRatchet":{"ephemeralKeyPair":{"pubKey":"BVHWyYYFhXbqhRjS3lz/uf94rWaCcpGsbVZvgrULm/BD","privKey":"yMMBJbphG8SDXZ+8wTJJU9owDzN0W4GCZUYYxeco+lg="},"lastRemoteEphemeralKey":"Bc0l6cFsc+KKh9ssmS5cPmRi86Ry83/JpDpSHxU56w14","previousCounter":0,"rootKey":"COoKoNqQZseGLJkCvJmL9qFhSYbwZQVppPQE2PEh4iU="},"indexInfo":{"baseKey":"BW6DULSAUIxuO3yzjQCmJhsezrKf8ZXPKW7CMzplfIQc","baseKeyType":1,"closed":1763718479809,"used":1763718479028,"created":1763718479028,"remoteIdentityKey":"BdElCdTg5vYVw3kke4p/4aMHp/NHJqM236zWsNtTG6xq"},"_chains":{"BVHWyYYFhXbqhRjS3lz/uf94rWaCcpGsbVZvgrULm/BD":{"chainKey":{"counter":-1,"key":"LTScWDnMAowDVlHf7y4jrc94pWokdA30o07Wd2DYZX8="},"chainType":1,"messageKeys":{}}},"pendingPreKey":{"signedKeyId":13,"baseKey":"BW6DULSAUIxuO3yzjQCmJhsezrKf8ZXPKW7CMzplfIQc","preKeyId":3680893}},"Baef8akQSzt8hlk9CXV7a3ErQ+6SpTgoDX5K/XHDjCdi":{"registrationId":1200092089,"currentRatchet":{"ephemeralKeyPair":{"pubKey":"BXruPjy+KAoJTVy8USC1tTOnF2apjxn6sMI2Vf/WlbFC","privKey":"eLbImeUQSLI1XSn2bjAHoTkv6PsEMQxDW308D9rpiG0="},"lastRemoteEphemeralKey":"Bc0l6cFsc+KKh9ssmS5cPmRi86Ry83/JpDpSHxU56w14","previousCounter":0,"rootKey":"WemHpkrdFqO0dlKuZIgtHm9sBZzrQVgikQOT27Jlb8U="},"indexInfo":{"baseKey":"Baef8akQSzt8hlk9CXV7a3ErQ+6SpTgoDX5K/XHDjCdi","baseKeyType":1,"closed":-1,"used":1763718479806,"created":1763718479806,"remoteIdentityKey":"BdElCdTg5vYVw3kke4p/4aMHp/NHJqM236zWsNtTG6xq"},"_chains":{"BXruPjy+KAoJTVy8USC1tTOnF2apjxn6sMI2Vf/WlbFC":{"chainKey":{"counter":145,"key":"mwA+LJbZ0mJpL+kmmqzI/0cAvbGJu84Bzt5JFe3DxJw="},"chainType":1,"messageKeys":{}}},"pendingPreKey":{"signedKeyId":13,"baseKey":"Baef8akQSzt8hlk9CXV7a3ErQ+6SpTgoDX5K/XHDjCdi","preKeyId":3680857}}},"version":"v1"}