{"_sessions":{"BXS553uhPvu1iFL7LTFifiKAqhU2RMwEkjSAdTkEaGMj":{"registrationId":587021256,"currentRatchet":{"ephemeralKeyPair":{"pubKey":"BXNOUMfH1T4SIa2lmxyO4PePHINzkZdAqaEgYuDqrjg3","privKey":"iK5RVaGActBvO9sxynO6IWNt8csdyLmtrR2fEkK4FUA="},"lastRemoteEphemeralKey":"BUgcv69Mh1CmDMoH/hBqLgxqQNWXayS5Io4AOkvvxW4t","previousCounter":0,"rootKey":"jpgBwh/3umVUSEp4tQR2VBwenDrOBQ0OVKHRJcFXKdM="},"indexInfo":{"baseKey":"BXS553uhPvu1iFL7LTFifiKAqhU2RMwEkjSAdTkEaGMj","baseKeyType":1,"closed":-1,"used":1763716076233,"created":1763716076233,"remoteIdentityKey":"BXKdUOvo7rISJt1FYUrRdpUH5sNPwTkKJLQLYpRrTUIw"},"_chains":{"BXNOUMfH1T4SIa2lmxyO4PePHINzkZdAqaEgYuDqrjg3":{"chainKey":{"counter":72,"key":"ovS/as2KSwVhaYFPIcW9ThSkw5Aj/c1OymfbOMZVjUo="},"chainType":1,"messageKeys":{}}},"pendingPreKey":{"signedKeyId":9459935,"baseKey":"BXS553uhPvu1iFL7LTFifiKAqhU2RMwEkjSAdTkEaGMj","preKeyId":173084}}},"version":"v1"}