{"_sessions":{"BVCDm2jGZr4/T6fDP7I+JwoXctpvw56EsIj5vknxadYq":{"registrationId":63616167,"currentRatchet":{"ephemeralKeyPair":{"pubKey":"BZgdhIZjJWA35Z8kDv1PBUt9tmkrGTu6qJT3f/Am7ZJa","privKey":"iH2B4vqUP6GGQIK7QF/fvvBWH2g2iSTFojdn+NusmUs="},"lastRemoteEphemeralKey":"BQpPhEzGDG2BxfMgmYQ6ETL5PVtiBk1bf3yajigT/roe","previousCounter":0,"rootKey":"BxAad4Cv/4Dk9vlMclpeLBBH2jkqK8LKUkSs4wHCODM="},"indexInfo":{"baseKey":"BVCDm2jGZr4/T6fDP7I+JwoXctpvw56EsIj5vknxadYq","baseKeyType":1,"closed":1763718474830,"used":1763718473898,"created":1763718473898,"remoteIdentityKey":"BX/+PRyBf6upTWGEQQB1TdK83kQtOA2our7w0YE6XSUM"},"_chains":{"BZgdhIZjJWA35Z8kDv1PBUt9tmkrGTu6qJT3f/Am7ZJa":{"chainKey":{"counter":-1,"key":"jhKLAu7bj+qz5g0Tpv5aATB+3F4UtA+yqOFq64gW84A="},"chainType":1,"messageKeys":{}}},"pendingPreKey":{"signedKeyId":4,"baseKey":"BVCDm2jGZr4/T6fDP7I+JwoXctpvw56EsIj5vknxadYq","preKeyId":7397637}},"BbvROvvgYXG/hEQxbE5cLs5e6MYkytumcHIHvMxLGkwD":{"registrationId":63616167,"currentRatchet":{"ephemeralKeyPair":{"pubKey":"BfDDP3FHsAxkE0WbI5LIxJhO/Q9+rZGJ+OEPId388Fkj","privKey":"eEOPHvPspH+6g/3IlXGU9rAbXcrqhyTV9ymrWjC+Q08="},"lastRemoteEphemeralKey":"BQpPhEzGDG2BxfMgmYQ6ETL5PVtiBk1bf3yajigT/roe","previousCounter":0,"rootKey":"jULhplKouYCV2hypMP6i5iEx+yVwVb1TwCUmKX+FsOY="},"indexInfo":{"baseKey":"BbvROvvgYXG/hEQxbE5cLs5e6MYkytumcHIHvMxLGkwD","baseKeyType":1,"closed":-1,"used":1763718474827,"created":1763718474827,"remoteIdentityKey":"BX/+PRyBf6upTWGEQQB1TdK83kQtOA2our7w0YE6XSUM"},"_chains":{"BfDDP3FHsAxkE0WbI5LIxJhO/Q9+rZGJ+OEPId388Fkj":{"chainKey":{"counter":145,"key":"n+ehz7BtXVyR/LXa8ReWHDl6fSgT55KuYpcLdD2yNdE="},"chainType":1,"messageKeys":{}}},"pendingPreKey":{"signedKeyId":4,"baseKey":"BbvROvvgYXG/hEQxbE5cLs5e6MYkytumcHIHvMxLGkwD","preKeyId":7397683}}},"version":"v1"}