{"_sessions":{"Bd7xBdXtrpbZ7ABKe4el3MEFR1T95AoYvvDDk0YyLeQ5":{"registrationId":730545426,"currentRatchet":{"ephemeralKeyPair":{"pubKey":"BRXV3+TZ5OHBCwILswsoMNUcF6nki38wKsuCT6xI6I4X","privKey":"4A5LpDkRk7w8T9qi6zKX6F9itGx/Hm+KY34ttE4YCUo="},"lastRemoteEphemeralKey":"BT9AQ1hlTWVPihM90IafHqfCGPH/rIqBb9usclcGwERx","previousCounter":0,"rootKey":"kf2+pv4jXl8GpymWJWRu50sMW+PggxvdMlZyBdvzlis="},"indexInfo":{"baseKey":"Bd7xBdXtrpbZ7ABKe4el3MEFR1T95AoYvvDDk0YyLeQ5","baseKeyType":1,"closed":1763718474754,"used":1763718473848,"created":1763718473848,"remoteIdentityKey":"BeepijBwH+fh8mLm+M6eFvFNqo2bi4cppLcO5/nJPQcq"},"_chains":{"BRXV3+TZ5OHBCwILswsoMNUcF6nki38wKsuCT6xI6I4X":{"chainKey":{"counter":-1,"key":"tqdEHU8Fr3+dgn+7s0dtU2gyqkwUmAqnLu8/0IAcaHs="},"chainType":1,"messageKeys":{}}},"pendingPreKey":{"signedKeyId":547176,"baseKey":"Bd7xBdXtrpbZ7ABKe4el3MEFR1T95AoYvvDDk0YyLeQ5","preKeyId":45475}},"BUH/FjtQ5M6R2ABQsmA05+KfLFGQgG07rEiX1gxW6UsK":{"registrationId":730545426,"currentRatchet":{"ephemeralKeyPair":{"pubKey":"BdE8Jxb33Yl8md/8UqTKovhMmUpUdKMLkf8Jpdhj4VUo","privKey":"qJiBxoPcPWSo1FAxVa3xP/N6eqNALvc9YiHf36p5YFA="},"lastRemoteEphemeralKey":"BT9AQ1hlTWVPihM90IafHqfCGPH/rIqBb9usclcGwERx","previousCounter":0,"rootKey":"s959657okgxik7h0D2FneZKhYRi37G6siZ8MMkgNV4Q="},"indexInfo":{"baseKey":"BUH/FjtQ5M6R2ABQsmA05+KfLFGQgG07rEiX1gxW6UsK","baseKeyType":1,"closed":-1,"used":1763718474751,"created":1763718474751,"remoteIdentityKey":"BeepijBwH+fh8mLm+M6eFvFNqo2bi4cppLcO5/nJPQcq"},"_chains":{"BdE8Jxb33Yl8md/8UqTKovhMmUpUdKMLkf8Jpdhj4VUo":{"chainKey":{"counter":145,"key":"NqGtBXj0SL4ch9EcUpnoDSZMYF0SiCde9jRdXA+V0x4="},"chainType":1,"messageKeys":{}}},"pendingPreKey":{"signedKeyId":547176,"baseKey":"BUH/FjtQ5M6R2ABQsmA05+KfLFGQgG07rEiX1gxW6UsK","preKeyId":45527}}},"version":"v1"}