{"_sessions":{"BS85Hjqe8zZKyuROp17ARgQCT86CHi09JpI+Y6SxXe9N":{"registrationId":1369339532,"currentRatchet":{"ephemeralKeyPair":{"pubKey":"Bca36vIclcAhVsdO4ntWlWvR834uwtq3/q8Z0Rg6cPxS","privKey":"mHe8Es2nvdcU6HWfnyKOdGUV22pIjgvKuYe4zaWdBHU="},"lastRemoteEphemeralKey":"BaWRleqjPHITQoU9MoNW3AG3as6+rZ/BnFUuhI9ijg12","previousCounter":0,"rootKey":"4i1CYWcVO+OMUOz0z/PaLVxd+FOjNR+T+FaK5bP4G7w="},"indexInfo":{"baseKey":"BS85Hjqe8zZKyuROp17ARgQCT86CHi09JpI+Y6SxXe9N","baseKeyType":1,"closed":1763718472718,"used":1763718471824,"created":1763718471824,"remoteIdentityKey":"BemCh2qqWq996LC7wh5AWJQ6zyQJL7C17sDOEiWPYyRM"},"_chains":{"Bca36vIclcAhVsdO4ntWlWvR834uwtq3/q8Z0Rg6cPxS":{"chainKey":{"counter":-1,"key":"g6ERjbnzCUSo91AfaGz7DkSJnAY7DpqEJH3MmeMu2R0="},"chainType":1,"messageKeys":{}}},"pendingPreKey":{"signedKeyId":28,"baseKey":"BS85Hjqe8zZKyuROp17ARgQCT86CHi09JpI+Y6SxXe9N","preKeyId":696114}},"BcoWUu45Txcjmgu0aPCh0gHN20TsFqAu+yLG/oEBA7hi":{"registrationId":1369339532,"currentRatchet":{"ephemeralKeyPair":{"pubKey":"BWch/ts682oM5jFHcZOou0pzqbozx2HEISuxAPMcKvAI","privKey":"mNQj4W3DioXWJ+8MHg9JySzI9Tr3bY4emikvGkcNc3A="},"lastRemoteEphemeralKey":"BaWRleqjPHITQoU9MoNW3AG3as6+rZ/BnFUuhI9ijg12","previousCounter":0,"rootKey":"S17JZ9C7W/hv/6cMRdgBcqZtB7gLvx6gEF2Tp7exGgc="},"indexInfo":{"baseKey":"BcoWUu45Txcjmgu0aPCh0gHN20TsFqAu+yLG/oEBA7hi","baseKeyType":1,"closed":-1,"used":1763718472715,"created":1763718472715,"remoteIdentityKey":"BemCh2qqWq996LC7wh5AWJQ6zyQJL7C17sDOEiWPYyRM"},"_chains":{"BWch/ts682oM5jFHcZOou0pzqbozx2HEISuxAPMcKvAI":{"chainKey":{"counter":145,"key":"YxykbRIUa/6jO3INXMs68IL0nvB241vyRbGS6FNn0WA="},"chainType":1,"messageKeys":{}}},"pendingPreKey":{"signedKeyId":28,"baseKey":"BcoWUu45Txcjmgu0aPCh0gHN20TsFqAu+yLG/oEBA7hi","preKeyId":696141}}},"version":"v1"}