{"_sessions":{"BVpNzQI25sy2VA56WYzIAXQDA1ApPWnVJm1vm6xRY89V":{"registrationId":1100222396,"currentRatchet":{"ephemeralKeyPair":{"pubKey":"BUazE7pSOhV+EPCs2nlRvQ1Q8DIp4sMxxKxmZddwSHNm","privKey":"AA3kP2cSZxVLvilpFFsNsUYWM7rXd7ZfXK+l0Vb0xH8="},"lastRemoteEphemeralKey":"BQH8jKU0JHt8Lx6rwvoXXHqMwHp5C8RXChn4UPFULBMy","previousCounter":0,"rootKey":"X4mOHw8z/Pe5cbY2GY9VaYcwirxy86Uxg3ww0R6i/2U="},"indexInfo":{"baseKey":"BVpNzQI25sy2VA56WYzIAXQDA1ApPWnVJm1vm6xRY89V","baseKeyType":1,"closed":1763718471038,"used":1763718469972,"created":1763718469972,"remoteIdentityKey":"BV08hnsxDcRtd9+rmv/jXIFSnbdpQsKFrAtfSAOcmLFX"},"_chains":{"BUazE7pSOhV+EPCs2nlRvQ1Q8DIp4sMxxKxmZddwSHNm":{"chainKey":{"counter":-1,"key":"bjqiYNi3/N7+DjW5FCj0huzJdzOUF0upwEGq61vPF5Y="},"chainType":1,"messageKeys":{}}},"pendingPreKey":{"signedKeyId":8135147,"baseKey":"BVpNzQI25sy2VA56WYzIAXQDA1ApPWnVJm1vm6xRY89V","preKeyId":15792128}},"BTUK51TL1Dahevc/Eb86PioqxdVE7bd0s1bmckuBQQkz":{"registrationId":1100222396,"currentRatchet":{"ephemeralKeyPair":{"pubKey":"BUZFZh3klxADeZhAPwHyrEzNr2Qt/Mp0wFS3bcLgijQ5","privKey":"uE7gQ1zA9KiBi9OwUwwv5rN7CgcYW5WqSKS5HgNUHVo="},"lastRemoteEphemeralKey":"BQH8jKU0JHt8Lx6rwvoXXHqMwHp5C8RXChn4UPFULBMy","previousCounter":0,"rootKey":"OujW1HCL549ja8UAa84niGvjTiN0brixnPKQ09pnDPY="},"indexInfo":{"baseKey":"BTUK51TL1Dahevc/Eb86PioqxdVE7bd0s1bmckuBQQkz","baseKeyType":1,"closed":-1,"used":1763718471035,"created":1763718471035,"remoteIdentityKey":"BV08hnsxDcRtd9+rmv/jXIFSnbdpQsKFrAtfSAOcmLFX"},"_chains":{"BUZFZh3klxADeZhAPwHyrEzNr2Qt/Mp0wFS3bcLgijQ5":{"chainKey":{"counter":145,"key":"gJyX7JLCBAmtLU9EukdEIw7cMB++2zpyXvbZ/7W5/9s="},"chainType":1,"messageKeys":{}}},"pendingPreKey":{"signedKeyId":8135147,"baseKey":"BTUK51TL1Dahevc/Eb86PioqxdVE7bd0s1bmckuBQQkz","preKeyId":15792185}}},"version":"v1"}