{"_sessions":{"BQwD570rurZYFzW0ZN43DgYvm6iLRT68V1K07ftSRiJc":{"registrationId":1554355485,"currentRatchet":{"ephemeralKeyPair":{"pubKey":"BQdzTSaJy37O8OwC2CGzj6kEkq0mbzKLCAUiuxp0sSNw","privKey":"KP8MQb7e7I9i27NprQKbXnEAYD5ocQv0bov5aqgfuU4="},"lastRemoteEphemeralKey":"Be4B3/jJVC3j3QcsjnQJFYZaO3tq9lf6VKDcGNrdffwa","previousCounter":0,"rootKey":"k4P/qTvo9rO5HLkFKmZTjTGM+PLBtMe8znxEe/gA/VQ="},"indexInfo":{"baseKey":"BQwD570rurZYFzW0ZN43DgYvm6iLRT68V1K07ftSRiJc","baseKeyType":1,"closed":1763718473003,"used":1763718471999,"created":1763718471999,"remoteIdentityKey":"BX5IAZNRQ81l7PN0vUcrOFddETAmVojP4ElP9pY8Otx9"},"_chains":{"BQdzTSaJy37O8OwC2CGzj6kEkq0mbzKLCAUiuxp0sSNw":{"chainKey":{"counter":-1,"key":"WmV9RrroucSd7jgvxllk9cWLSlKE1H4K2U6HPgh1Vgs="},"chainType":1,"messageKeys":{}}},"pendingPreKey":{"signedKeyId":6,"baseKey":"BQwD570rurZYFzW0ZN43DgYvm6iLRT68V1K07ftSRiJc","preKeyId":7424998}},"BR7H4fMisfUAzKbn5cAXA7OBeoLgaOcVSL7IStUJIss1":{"registrationId":1554355485,"currentRatchet":{"ephemeralKeyPair":{"pubKey":"BdIjTDy8ZPF37bToVelbGuiqiWC8lTRy+wWQ1oqw3Z0c","privKey":"yCIjo8zp70SYXlbPIqKLdM7iMqLfd5XfaiXS3cD3s0U="},"lastRemoteEphemeralKey":"Be4B3/jJVC3j3QcsjnQJFYZaO3tq9lf6VKDcGNrdffwa","previousCounter":0,"rootKey":"6WvLwwbepsypgLqGGLaHwl7QbIhsowuzfl4fTr80n60="},"indexInfo":{"baseKey":"BR7H4fMisfUAzKbn5cAXA7OBeoLgaOcVSL7IStUJIss1","baseKeyType":1,"closed":-1,"used":1763718473000,"created":1763718473000,"remoteIdentityKey":"BX5IAZNRQ81l7PN0vUcrOFddETAmVojP4ElP9pY8Otx9"},"_chains":{"BdIjTDy8ZPF37bToVelbGuiqiWC8lTRy+wWQ1oqw3Z0c":{"chainKey":{"counter":145,"key":"aMVSQ+4W5Q00UGObCx5/BqqwxzN+XK5820cH+uBJvzE="},"chainType":1,"messageKeys":{}}},"pendingPreKey":{"signedKeyId":6,"baseKey":"BR7H4fMisfUAzKbn5cAXA7OBeoLgaOcVSL7IStUJIss1","preKeyId":7425335}}},"version":"v1"}