{"_sessions":{"Bd1wKiOOK7qXG/D1qLI1y9iGudmLES1JSnNqr40Pgh0j":{"registrationId":994445617,"currentRatchet":{"ephemeralKeyPair":{"pubKey":"BVsXQNbL3All6ZkSXcn9O4nyg9AJU0gT61ohQwxKzVVL","privKey":"ODViK9UYwcWuWk5AK7dqF5cSmTIOv4S2QiCLyyvLAFM="},"lastRemoteEphemeralKey":"BS+8gzTP35F7rgvHC+S1LNCTDWhuvM3yztuEqL56oLF4","previousCounter":0,"rootKey":"PR/Ma0WcazCv8Kcok6OzPmbpwDvUouZGTXMZdW6PFqE="},"indexInfo":{"baseKey":"Bd1wKiOOK7qXG/D1qLI1y9iGudmLES1JSnNqr40Pgh0j","baseKeyType":1,"closed":1763718482102,"used":1763718481252,"created":1763718481252,"remoteIdentityKey":"BbhV1KV0oeVBPMgsIaP+Cp+vhPmYgfywq/5fVvEGioF6"},"_chains":{"BVsXQNbL3All6ZkSXcn9O4nyg9AJU0gT61ohQwxKzVVL":{"chainKey":{"counter":-1,"key":"hBAf5WTr2T7jKeb0K0x1TJhFqXd/tEij5cGczjUl+cM="},"chainType":1,"messageKeys":{}}},"pendingPreKey":{"signedKeyId":5,"baseKey":"Bd1wKiOOK7qXG/D1qLI1y9iGudmLES1JSnNqr40Pgh0j"}},"BTZqfyoEO8EQlAPhr0f4S6/B+ylnf9UkFzMrPSqtKTg6":{"registrationId":994445617,"currentRatchet":{"ephemeralKeyPair":{"pubKey":"BUF/FdFNN24iV2+EcuYaDvNGjq4/fErArZOGu56cXnAZ","privKey":"oKV8hlexGlrboX9XBSEYoL4iSg38DdtjqLO01C8y51I="},"lastRemoteEphemeralKey":"BS+8gzTP35F7rgvHC+S1LNCTDWhuvM3yztuEqL56oLF4","previousCounter":0,"rootKey":"gCPAqX0niTdiL4azzFuJ5Egto83vWH5YrnKGQ16dRk8="},"indexInfo":{"baseKey":"BTZqfyoEO8EQlAPhr0f4S6/B+ylnf9UkFzMrPSqtKTg6","baseKeyType":1,"closed":-1,"used":1763718482099,"created":1763718482099,"remoteIdentityKey":"BbhV1KV0oeVBPMgsIaP+Cp+vhPmYgfywq/5fVvEGioF6"},"_chains":{"BUF/FdFNN24iV2+EcuYaDvNGjq4/fErArZOGu56cXnAZ":{"chainKey":{"counter":145,"key":"GX+JYn56nUq06UN6syuU5wfHh6f1LmzDSJzWZ3fV57w="},"chainType":1,"messageKeys":{}}},"pendingPreKey":{"signedKeyId":5,"baseKey":"BTZqfyoEO8EQlAPhr0f4S6/B+ylnf9UkFzMrPSqtKTg6"}}},"version":"v1"}