{"_sessions":{"BShUp8AO6COrSGIJ1tTZuCTIUBxhCQa8ysLJlNU50chP":{"registrationId":1313621561,"currentRatchet":{"ephemeralKeyPair":{"pubKey":"BU5qv3KZqUPmcbGn38v2sF6ICwkdCdbJnRoRinFRdwEJ","privKey":"oCtQWcTkKQ5SLj8BVMwfHGmBcAsefnxNbT1/HkA2MGE="},"lastRemoteEphemeralKey":"BSh4+fo9mm35pVbXcvtVZ8uKokAfcZOFRBublfTZnOJv","previousCounter":0,"rootKey":"xHMWxq730hZXRHAG991vlkAf5JcFgNWVYbM5gURcvuM="},"indexInfo":{"baseKey":"BShUp8AO6COrSGIJ1tTZuCTIUBxhCQa8ysLJlNU50chP","baseKeyType":1,"closed":1763718476327,"used":1763718475627,"created":1763718475627,"remoteIdentityKey":"BcEKl6zBr7pL9L7RhItqXvBqL9YDA3Gw/hUZyte/2lUV"},"_chains":{"BU5qv3KZqUPmcbGn38v2sF6ICwkdCdbJnRoRinFRdwEJ":{"chainKey":{"counter":-1,"key":"ohm2Vgg/QUFE4FMIYg2B4FnuQm8RJOOoIWcvlUqxAas="},"chainType":1,"messageKeys":{}}},"pendingPreKey":{"signedKeyId":3,"baseKey":"BShUp8AO6COrSGIJ1tTZuCTIUBxhCQa8ysLJlNU50chP","preKeyId":13557007}},"BSCFOgB2zb9nO8uAS70Mw5KMZOo8UJ3H5JTZQM71rhx/":{"registrationId":1313621561,"currentRatchet":{"ephemeralKeyPair":{"pubKey":"BY+zGFmboPcHqbutayQqqRrHuptDtLIxKR/yjxTUK4Ym","privKey":"MGU/oqWqG5adrjpuhpcrzBvtzJGm1UqvnNjDDVN+k00="},"lastRemoteEphemeralKey":"BSh4+fo9mm35pVbXcvtVZ8uKokAfcZOFRBublfTZnOJv","previousCounter":0,"rootKey":"hC7X+zFCJnKNmbT22cLCq3TKrZdpKjj8Qy+idJKqcbQ="},"indexInfo":{"baseKey":"BSCFOgB2zb9nO8uAS70Mw5KMZOo8UJ3H5JTZQM71rhx/","baseKeyType":1,"closed":-1,"used":1763718476324,"created":1763718476324,"remoteIdentityKey":"BcEKl6zBr7pL9L7RhItqXvBqL9YDA3Gw/hUZyte/2lUV"},"_chains":{"BY+zGFmboPcHqbutayQqqRrHuptDtLIxKR/yjxTUK4Ym":{"chainKey":{"counter":145,"key":"LZvtW4O/1cQOvRD6ZS1GGYSaGJXyWjALj60MNKir5Wg="},"chainType":1,"messageKeys":{}}},"pendingPreKey":{"signedKeyId":3,"baseKey":"BSCFOgB2zb9nO8uAS70Mw5KMZOo8UJ3H5JTZQM71rhx/","preKeyId":13556533}}},"version":"v1"}