{"_sessions":{"BbjB3lRQwfHs+ri5rfU6OwQwXhRhZgJ9vUDWg+hcoxFC":{"registrationId":922530040,"currentRatchet":{"ephemeralKeyPair":{"pubKey":"BTyoDCeYRRIIMIGGz4OSSZDGPdhDQjH9qpuiOHww3Xg+","privKey":"IPLfQfA+zNL+PNNRs66Dmw8u8NHfvPu+wOeQpBP+Jmo="},"lastRemoteEphemeralKey":"BVyTrdmaXmu+UU4LYlYvDdaGqSgxHPh6I4ZhdXTBSFwU","previousCounter":0,"rootKey":"slWFrE9WdH+pvCqh/MbQ2Nq1B5AYxy96Q+ExYtSuZF4="},"indexInfo":{"baseKey":"BbjB3lRQwfHs+ri5rfU6OwQwXhRhZgJ9vUDWg+hcoxFC","baseKeyType":1,"closed":1763718471008,"used":1763718469955,"created":1763718469955,"remoteIdentityKey":"BbbGnuGBkEqRyl8bzbZvSu4jQtty+ZNMYsMI1ydPpS9b"},"_chains":{"BTyoDCeYRRIIMIGGz4OSSZDGPdhDQjH9qpuiOHww3Xg+":{"chainKey":{"counter":-1,"key":"K5TdcJPwQjL8/wkf3jOQzK1Jo1zzTQRMWdn8H46rQhA="},"chainType":1,"messageKeys":{}}},"pendingPreKey":{"signedKeyId":4,"baseKey":"BbjB3lRQwfHs+ri5rfU6OwQwXhRhZgJ9vUDWg+hcoxFC","preKeyId":3540756}},"BV7b/Syu7uzz99vp/ST7cGGSYdlRcZCyddnCBsPN33wQ":{"registrationId":922530040,"currentRatchet":{"ephemeralKeyPair":{"pubKey":"BaAiwlFimVTHvPp3UGYoD9yHpOx8YmXWwOs+P9xkCNFx","privKey":"QI2+h8YnsxjgCcmUrT8y4ssS4WESk3Y05+ysTec88XY="},"lastRemoteEphemeralKey":"BVyTrdmaXmu+UU4LYlYvDdaGqSgxHPh6I4ZhdXTBSFwU","previousCounter":0,"rootKey":"lPkMzKFMv2/lPJT5O/uE+PltH1CliKBXmvsl8bglp/A="},"indexInfo":{"baseKey":"BV7b/Syu7uzz99vp/ST7cGGSYdlRcZCyddnCBsPN33wQ","baseKeyType":1,"closed":-1,"used":1763718471005,"created":1763718471005,"remoteIdentityKey":"BbbGnuGBkEqRyl8bzbZvSu4jQtty+ZNMYsMI1ydPpS9b"},"_chains":{"BaAiwlFimVTHvPp3UGYoD9yHpOx8YmXWwOs+P9xkCNFx":{"chainKey":{"counter":145,"key":"J8RbcIxiZa6ZR9mJ8ZtccYVa7A7Fx6K7dDN2dHbYTF8="},"chainType":1,"messageKeys":{}}},"pendingPreKey":{"signedKeyId":4,"baseKey":"BV7b/Syu7uzz99vp/ST7cGGSYdlRcZCyddnCBsPN33wQ","preKeyId":3541358}}},"version":"v1"}