{"_sessions":{"BSqtxW/lqR3XmoqC8YVOJGvH7ZNjDLApjoLp5uFt0cBh":{"registrationId":375344852,"currentRatchet":{"ephemeralKeyPair":{"pubKey":"Bfk65tgJRLEkCHbOpsnyeKy9I3F13U971WUUNeX2BpN/","privKey":"oMoJyGOxebP+2BBekxKpHBvVQwlOKMqPG6WP4kGZPnk="},"lastRemoteEphemeralKey":"BbDJkMZwFAuaGdB9bpvjey8crRBGePytV+7zLUABgKNz","previousCounter":0,"rootKey":"OMPzLT+CNGBpVdKsYjyM+1M3garCp0OOhOa3Jr5PepI="},"indexInfo":{"baseKey":"BSqtxW/lqR3XmoqC8YVOJGvH7ZNjDLApjoLp5uFt0cBh","baseKeyType":1,"closed":1763718473325,"used":1763718472176,"created":1763718472176,"remoteIdentityKey":"BfuEP/1W7gmXQ6A0IPYnebQLcmpm22hqdvqOkA9g+X8P"},"_chains":{"Bfk65tgJRLEkCHbOpsnyeKy9I3F13U971WUUNeX2BpN/":{"chainKey":{"counter":-1,"key":"elGnadW5FkXHyJnJLz6BaFtFo0szYIg47nz7/+AOEWg="},"chainType":1,"messageKeys":{}}},"pendingPreKey":{"signedKeyId":13,"baseKey":"BSqtxW/lqR3XmoqC8YVOJGvH7ZNjDLApjoLp5uFt0cBh"}},"BZXU41MM1YIB4rcbolRghQuRRZc2aB9YEh9MJ0hd2Gtu":{"registrationId":375344852,"currentRatchet":{"ephemeralKeyPair":{"pubKey":"BcFNsPtbR+LzhnUUaTurJQilLW8FuduGbageNrYDnM8y","privKey":"iFgJ484vAtZAjvHiqkFLLRNHNnHZIutRW2ZxCMxUp28="},"lastRemoteEphemeralKey":"BbDJkMZwFAuaGdB9bpvjey8crRBGePytV+7zLUABgKNz","previousCounter":0,"rootKey":"NwW1CiWaAfqSl6kfIJXJ8faGChNlIm3QjchXLLLAZDA="},"indexInfo":{"baseKey":"BZXU41MM1YIB4rcbolRghQuRRZc2aB9YEh9MJ0hd2Gtu","baseKeyType":1,"closed":-1,"used":1763718473322,"created":1763718473322,"remoteIdentityKey":"BfuEP/1W7gmXQ6A0IPYnebQLcmpm22hqdvqOkA9g+X8P"},"_chains":{"BcFNsPtbR+LzhnUUaTurJQilLW8FuduGbageNrYDnM8y":{"chainKey":{"counter":145,"key":"CefMJz8Cf4/8nobtVNFKRHQT5z4SSSvHL6SU12EZ7dQ="},"chainType":1,"messageKeys":{}}},"pendingPreKey":{"signedKeyId":13,"baseKey":"BZXU41MM1YIB4rcbolRghQuRRZc2aB9YEh9MJ0hd2Gtu"}}},"version":"v1"}