{"_sessions":{"BbXmitri1/kwgDYxc5XTI7hwiqCxnPtjnzRJTDoWt08z":{"registrationId":996450945,"currentRatchet":{"ephemeralKeyPair":{"pubKey":"BeC2CTter3vkbDQJe4cQP9+3AuTEByTp3zTK8rhCnk4Y","privKey":"mIa0RYRW3uOmRQAKIo6dXMDZhP0nCp7sPbM+0o1vgns="},"lastRemoteEphemeralKey":"BQ+ClLFAglMIC/W64mj+otHbPAEIwtMxwEkHYELSd2JD","previousCounter":0,"rootKey":"m/AnD4kw85tbCWqqzlK9kWnyl17yPLE4spEIjyJOtFY="},"indexInfo":{"baseKey":"BbXmitri1/kwgDYxc5XTI7hwiqCxnPtjnzRJTDoWt08z","baseKeyType":1,"closed":1763718481902,"used":1763718481110,"created":1763718481110,"remoteIdentityKey":"BfTtOE6cxJ6o5ICBnk2I9idLQN02NsPZRtjNHkI9MpI6"},"_chains":{"BeC2CTter3vkbDQJe4cQP9+3AuTEByTp3zTK8rhCnk4Y":{"chainKey":{"counter":-1,"key":"6Vj08xm/mCwN4sjb/hazU2HeHQduqoZnwBPMIMDeUmI="},"chainType":1,"messageKeys":{}}},"pendingPreKey":{"signedKeyId":25,"baseKey":"BbXmitri1/kwgDYxc5XTI7hwiqCxnPtjnzRJTDoWt08z","preKeyId":1033148}},"BWcMD2ZqONzfVfGLP9WmIQareAV7ePFcsbrHSqsV7ngL":{"registrationId":996450945,"currentRatchet":{"ephemeralKeyPair":{"pubKey":"BQYb1HDvg0uy2spic/LG85f8/Ziafu1eDQEI80Q/qPBp","privKey":"yKEYvwl6vy/P5gsIouVgM3AFN4juZDqEtOlrD9t0Um8="},"lastRemoteEphemeralKey":"BQ+ClLFAglMIC/W64mj+otHbPAEIwtMxwEkHYELSd2JD","previousCounter":0,"rootKey":"k8t7JpzL0vrfBRZ/Ih8dawOQBv6uB1PQNTd6WY7++Ls="},"indexInfo":{"baseKey":"BWcMD2ZqONzfVfGLP9WmIQareAV7ePFcsbrHSqsV7ngL","baseKeyType":1,"closed":-1,"used":1763718481900,"created":1763718481900,"remoteIdentityKey":"BfTtOE6cxJ6o5ICBnk2I9idLQN02NsPZRtjNHkI9MpI6"},"_chains":{"BQYb1HDvg0uy2spic/LG85f8/Ziafu1eDQEI80Q/qPBp":{"chainKey":{"counter":145,"key":"U8XR0j8vI8o7rbaftYe+rOzvgpzfRZ0YpFw41jaWJnY="},"chainType":1,"messageKeys":{}}},"pendingPreKey":{"signedKeyId":25,"baseKey":"BWcMD2ZqONzfVfGLP9WmIQareAV7ePFcsbrHSqsV7ngL","preKeyId":1033069}}},"version":"v1"}