{"_sessions":{"BTh0kUr/Pxa5UfZ5dQaMLcNOMp5DMEeaDIMrv1zAVW9Y":{"registrationId":781526703,"currentRatchet":{"ephemeralKeyPair":{"pubKey":"BZ7oKle2veBDNgvazSfMegW/jUbeTpWIWgAB+WEJNvpn","privKey":"MCLmlx/3j0dEewJScFUYBWIJi2oemEZCYtZPDKy84FI="},"lastRemoteEphemeralKey":"Balu1CxzCKq+wLMRGosaV6kP/umkYpuYfNRMGRpsEWEN","previousCounter":0,"rootKey":"UXQSVf3Yovn9ts3NRgm6pIHKETX9DFaZl8j5xHezdWk="},"indexInfo":{"baseKey":"BTh0kUr/Pxa5UfZ5dQaMLcNOMp5DMEeaDIMrv1zAVW9Y","baseKeyType":1,"closed":1763718473506,"used":1763718472261,"created":1763718472261,"remoteIdentityKey":"BefxfpReTWG0yWK9DmxoXPslgXnwem1WhQ7F6GTttbp4"},"_chains":{"BZ7oKle2veBDNgvazSfMegW/jUbeTpWIWgAB+WEJNvpn":{"chainKey":{"counter":-1,"key":"Vr8AHGIftj08r9rVQCMucVGsr9uoqzJ2v4zW31+C0Lk="},"chainType":1,"messageKeys":{}}},"pendingPreKey":{"signedKeyId":14,"baseKey":"BTh0kUr/Pxa5UfZ5dQaMLcNOMp5DMEeaDIMrv1zAVW9Y","preKeyId":7887805}},"BV854KwpT035vUbyuG9vp+ZvMyyMFt8iLU7DtxInUvUP":{"registrationId":781526703,"currentRatchet":{"ephemeralKeyPair":{"pubKey":"BeJtCWJyECWwenyf+8az5knrgb0XrKpczXAR6elsm6Ak","privKey":"MMY8Ot2htL7OK/CJMCCZcvwaYHfDyripaONHPqXdSmg="},"lastRemoteEphemeralKey":"Balu1CxzCKq+wLMRGosaV6kP/umkYpuYfNRMGRpsEWEN","previousCounter":0,"rootKey":"3rneEl6hyc5FEe/OCNKgPB/xAwRsQ65Ocu5NciaS2Es="},"indexInfo":{"baseKey":"BV854KwpT035vUbyuG9vp+ZvMyyMFt8iLU7DtxInUvUP","baseKeyType":1,"closed":-1,"used":1763718473494,"created":1763718473494,"remoteIdentityKey":"BefxfpReTWG0yWK9DmxoXPslgXnwem1WhQ7F6GTttbp4"},"_chains":{"BeJtCWJyECWwenyf+8az5knrgb0XrKpczXAR6elsm6Ak":{"chainKey":{"counter":145,"key":"B17N7pOSjO+kjeK3TgZEX/YdwlXmwu9srcjlXKsrB7g="},"chainType":1,"messageKeys":{}}},"pendingPreKey":{"signedKeyId":14,"baseKey":"BV854KwpT035vUbyuG9vp+ZvMyyMFt8iLU7DtxInUvUP","preKeyId":7887454}}},"version":"v1"}