{"_sessions":{"BYua7dgK7ydA5EkRK+v4x9fNJp6t73EEHCI1jB8bBWBn":{"registrationId":1998566924,"currentRatchet":{"ephemeralKeyPair":{"pubKey":"BZdKsH/sPAtOzdx7e693sGCBk9T7l+LySHKboC9b3MAr","privKey":"GBRERVKodRiIUW+vFrCFGH0sQ91P3E6s6YRz6ueQBX4="},"lastRemoteEphemeralKey":"BY7Xym8UmA0hpPBoBz8z7Itv4ty9ysjYiHugWRh6W8wv","previousCounter":0,"rootKey":"fPX5uzu65+m/XPTTb5ycdzXF/W9X5NfdpM61qp3TYgg="},"indexInfo":{"baseKey":"BYua7dgK7ydA5EkRK+v4x9fNJp6t73EEHCI1jB8bBWBn","baseKeyType":1,"closed":1763718476542,"used":1763718475762,"created":1763718475762,"remoteIdentityKey":"BTmv6kFh6EDoupYYfkayyu03ByClhXKmU4zcoxKkD3g9"},"_chains":{"BZdKsH/sPAtOzdx7e693sGCBk9T7l+LySHKboC9b3MAr":{"chainKey":{"counter":-1,"key":"jc3b59GDzFG4g1akoh1Pyo7LPaneRebPfynbpnkQ4mM="},"chainType":1,"messageKeys":{}}},"pendingPreKey":{"signedKeyId":23,"baseKey":"BYua7dgK7ydA5EkRK+v4x9fNJp6t73EEHCI1jB8bBWBn","preKeyId":594535}},"BSTYLmSJPqvNx4lrmV8CVzQsYkceIGIf/37HiYM2lDNT":{"registrationId":1998566924,"currentRatchet":{"ephemeralKeyPair":{"pubKey":"BQkf4+b9g8UgGUp77NEAs2asqUbqRsZNfM6JU5ryDqRl","privKey":"GI3m3yzlgm+9Mcdb/7p6+vszmL+7yOXRY82Uuz/Ir0g="},"lastRemoteEphemeralKey":"BY7Xym8UmA0hpPBoBz8z7Itv4ty9ysjYiHugWRh6W8wv","previousCounter":0,"rootKey":"PxyD6ZG/4BCE3KaMJn+OBqQtBQqSQMD/9PRJK8i+PxA="},"indexInfo":{"baseKey":"BSTYLmSJPqvNx4lrmV8CVzQsYkceIGIf/37HiYM2lDNT","baseKeyType":1,"closed":-1,"used":1763718476539,"created":1763718476539,"remoteIdentityKey":"BTmv6kFh6EDoupYYfkayyu03ByClhXKmU4zcoxKkD3g9"},"_chains":{"BQkf4+b9g8UgGUp77NEAs2asqUbqRsZNfM6JU5ryDqRl":{"chainKey":{"counter":145,"key":"M75AQgJ86xCmfKtRpsgBdf5BbiZfpjNhnd/j/gfoles="},"chainType":1,"messageKeys":{}}},"pendingPreKey":{"signedKeyId":23,"baseKey":"BSTYLmSJPqvNx4lrmV8CVzQsYkceIGIf/37HiYM2lDNT","preKeyId":594345}}},"version":"v1"}