{"_sessions":{"BYF1XhnCqxQRmaSmgK9glf3XgqmFhEbUJeT81j/HK6Yy":{"registrationId":115300514,"currentRatchet":{"ephemeralKeyPair":{"pubKey":"BYWRUn2EYdbp0xV30Qe5yTwmjisEmkFCLokQdrYfRm4G","privKey":"QEgf+P2ZoCQisBGVIi5YPJ2K54zfmy+lPqAB26gCIko="},"lastRemoteEphemeralKey":"BVw+01nUGQUM00Faa/n418aQBAUCj9aa692uVpkq+oxz","previousCounter":0,"rootKey":"pPHD7k+jfwBCuIw8oVbp6cP5NppeNEUvDvQAXxNuzbY="},"indexInfo":{"baseKey":"BYF1XhnCqxQRmaSmgK9glf3XgqmFhEbUJeT81j/HK6Yy","baseKeyType":1,"closed":1763718470987,"used":1763718469942,"created":1763718469942,"remoteIdentityKey":"BfSsG+zNmPlw5WuHGlI+mYF6lDZ4OPU4sNMRsOXdVmkT"},"_chains":{"BYWRUn2EYdbp0xV30Qe5yTwmjisEmkFCLokQdrYfRm4G":{"chainKey":{"counter":-1,"key":"Mlo3ac895wZxb7aTF3Lfd+UCdmv3rjdlB9j3Ei82P2U="},"chainType":1,"messageKeys":{}}},"pendingPreKey":{"signedKeyId":2122836,"baseKey":"BYF1XhnCqxQRmaSmgK9glf3XgqmFhEbUJeT81j/HK6Yy","preKeyId":3174985}},"BQ4OHKMZPbpK7+reW92NqfOMeF5e+O0sGS2LSa1n0R0L":{"registrationId":115300514,"currentRatchet":{"ephemeralKeyPair":{"pubKey":"BUq+uK9X7wTxtFRdWIr+vCrOYqgQP/2BXD5/0YytnPBC","privKey":"0IK7y2r1dO2svIzT4ObR47tRXNFbuNui/IQcKlN38Fo="},"lastRemoteEphemeralKey":"BVw+01nUGQUM00Faa/n418aQBAUCj9aa692uVpkq+oxz","previousCounter":0,"rootKey":"uupdtcx7t3UdPVwlIODrRDyBvpx8Wxqn2rteu4iIEW0="},"indexInfo":{"baseKey":"BQ4OHKMZPbpK7+reW92NqfOMeF5e+O0sGS2LSa1n0R0L","baseKeyType":1,"closed":-1,"used":1763718470983,"created":1763718470983,"remoteIdentityKey":"BfSsG+zNmPlw5WuHGlI+mYF6lDZ4OPU4sNMRsOXdVmkT"},"_chains":{"BUq+uK9X7wTxtFRdWIr+vCrOYqgQP/2BXD5/0YytnPBC":{"chainKey":{"counter":145,"key":"/WMg7OebkGBoY60ToBfDU9Hp1trfuKL1F+x8M7oodFc="},"chainType":1,"messageKeys":{}}},"pendingPreKey":{"signedKeyId":2122836,"baseKey":"BQ4OHKMZPbpK7+reW92NqfOMeF5e+O0sGS2LSa1n0R0L","preKeyId":3175474}}},"version":"v1"}