{"_sessions":{"BYixm+e6DzojvE0G+TQPMLDZiWixVUyWlnWBGKbC74kq":{"registrationId":1995788154,"currentRatchet":{"ephemeralKeyPair":{"pubKey":"BWJOYwTaXNQ+CfZGEAEgESnuWLg8LmcC3G7bFf7C24dL","privKey":"WBGxVbhbUP9HstkvVWO61zBFXRRfaOq15oizwW3oIFo="},"lastRemoteEphemeralKey":"BXVluxNwDG+Bl8TctjqKdRXvG0/fMvufPNJ08U5/pn0s","previousCounter":0,"rootKey":"fn2lKqy748ePZ821b3h2dMWpk5pj0TR2g2TccpzsfDQ="},"indexInfo":{"baseKey":"BYixm+e6DzojvE0G+TQPMLDZiWixVUyWlnWBGKbC74kq","baseKeyType":1,"closed":1763718471305,"used":1763718470133,"created":1763718470133,"remoteIdentityKey":"BeAWT0twcqT3tu51ExHv12OmcBvxgcpmMGsZli42A6to"},"_chains":{"BWJOYwTaXNQ+CfZGEAEgESnuWLg8LmcC3G7bFf7C24dL":{"chainKey":{"counter":-1,"key":"CDp5uuErl5TNKtkWSxJYc65VDQwBiz9jVs1T4+xlA2g="},"chainType":1,"messageKeys":{}}},"pendingPreKey":{"signedKeyId":10,"baseKey":"BYixm+e6DzojvE0G+TQPMLDZiWixVUyWlnWBGKbC74kq","preKeyId":11520630}},"Bd5f7Z1SmxebyYLbaQEwRB5MBq8KBLUu++7FyFfdgnhb":{"registrationId":1995788154,"currentRatchet":{"ephemeralKeyPair":{"pubKey":"BUVGnrrWxsWRxgnX87qLny0xRGFhfmQxw4iA2TkO/8UL","privKey":"8FGNxcAJnMIRl7DVIOTSyOIx+0E0qod+kHafsZ4SgHE="},"lastRemoteEphemeralKey":"BXVluxNwDG+Bl8TctjqKdRXvG0/fMvufPNJ08U5/pn0s","previousCounter":0,"rootKey":"+1ni72HY3P4OSgWEswFIDUrZleNg1Tx8GQdu48g+sI0="},"indexInfo":{"baseKey":"Bd5f7Z1SmxebyYLbaQEwRB5MBq8KBLUu++7FyFfdgnhb","baseKeyType":1,"closed":-1,"used":1763718471302,"created":1763718471302,"remoteIdentityKey":"BeAWT0twcqT3tu51ExHv12OmcBvxgcpmMGsZli42A6to"},"_chains":{"BUVGnrrWxsWRxgnX87qLny0xRGFhfmQxw4iA2TkO/8UL":{"chainKey":{"counter":145,"key":"3b6bF3Ydsz/eqj4fHrxTuekapD/E1kJvM/NRhb72IxE="},"chainType":1,"messageKeys":{}}},"pendingPreKey":{"signedKeyId":10,"baseKey":"Bd5f7Z1SmxebyYLbaQEwRB5MBq8KBLUu++7FyFfdgnhb","preKeyId":11520666}}},"version":"v1"}