{"_sessions":{"Ba0/r7836X1MFIctESpAEJT/zGUjmaioBHntAHHSV2gu":{"registrationId":651608340,"currentRatchet":{"ephemeralKeyPair":{"pubKey":"BfHv9y5DQMO/cv+GhweyVnLK9YiOiN8iw6k9rWud0p5S","privKey":"CI047DkhfXBRGojM1C1I2h72PsLIwqxMTvnHlecC2WY="},"lastRemoteEphemeralKey":"BcTEsYEx5feihOEJMHAGhMyBDbGjEr5kHDwd/0z10WJA","previousCounter":0,"rootKey":"qowOPeVP54UROb5YW1uhM1/GyMwUR5084v/ZiBcRxuI="},"indexInfo":{"baseKey":"Ba0/r7836X1MFIctESpAEJT/zGUjmaioBHntAHHSV2gu","baseKeyType":1,"closed":1763718471394,"used":1763718470167,"created":1763718470167,"remoteIdentityKey":"BX0mVb//oeFSI3rHUoxzmOu+ecnuLginxPMcwF35A9wB"},"_chains":{"BfHv9y5DQMO/cv+GhweyVnLK9YiOiN8iw6k9rWud0p5S":{"chainKey":{"counter":-1,"key":"WWzjSe4LLmzcFcnXyjJaDFAo4Ersy85+pnKe8QyJJ4I="},"chainType":1,"messageKeys":{}}},"pendingPreKey":{"signedKeyId":16601207,"baseKey":"Ba0/r7836X1MFIctESpAEJT/zGUjmaioBHntAHHSV2gu","preKeyId":7678344}},"BbGtCSGTo3UMwaiXloBEt1P0dkdTqeBjDH2cRyFyIN1/":{"registrationId":651608340,"currentRatchet":{"ephemeralKeyPair":{"pubKey":"BeiR7HvHQoC3ZwIGn3gOeZFdogoxe6dPSQD56bpU8BZg","privKey":"CKZ3cIfKyZTYQE9udPDs307ljSMh/B+0eyFZ+MY6hm0="},"lastRemoteEphemeralKey":"BcTEsYEx5feihOEJMHAGhMyBDbGjEr5kHDwd/0z10WJA","previousCounter":0,"rootKey":"HKimfGuy5/uv5fNsF3whLwH/natrVQLVyVHUkHyilqo="},"indexInfo":{"baseKey":"BbGtCSGTo3UMwaiXloBEt1P0dkdTqeBjDH2cRyFyIN1/","baseKeyType":1,"closed":-1,"used":1763718471391,"created":1763718471391,"remoteIdentityKey":"BX0mVb//oeFSI3rHUoxzmOu+ecnuLginxPMcwF35A9wB"},"_chains":{"BeiR7HvHQoC3ZwIGn3gOeZFdogoxe6dPSQD56bpU8BZg":{"chainKey":{"counter":145,"key":"6wLS6JSccgJ8mE0fUkZXbtHynLG7hZ/oNFhaPErq6vg="},"chainType":1,"messageKeys":{}}},"pendingPreKey":{"signedKeyId":16601207,"baseKey":"BbGtCSGTo3UMwaiXloBEt1P0dkdTqeBjDH2cRyFyIN1/","preKeyId":7678168}}},"version":"v1"}