{"_sessions":{"BRx/RbqgFZCoq8O4zwCuM1nID4CtGns3T6fo3amzuVsc":{"registrationId":1272488857,"currentRatchet":{"ephemeralKeyPair":{"pubKey":"BaH3zUEaO34U4Niuvpn2VRfhHVKeBkWaL0zghTzFONlV","privKey":"gH3LYlyapBZiDUFiK7v9qyzzKg4Wdug76sZAXkKVlmQ="},"lastRemoteEphemeralKey":"BcsqLFZOIuZJobWLKe4xdLs6D3j5I3/vTSpsijtNSe5j","previousCounter":0,"rootKey":"K3azomv8qPFTGmLPLRFLemiqHm4rAtDICWU1LTT3RqU="},"indexInfo":{"baseKey":"BRx/RbqgFZCoq8O4zwCuM1nID4CtGns3T6fo3amzuVsc","baseKeyType":1,"closed":1763718477876,"used":1763718477162,"created":1763718477162,"remoteIdentityKey":"BfETfyj78Ay/heqrxVWh4DvDtAUm2w0RTnK0HbSCr2wD"},"_chains":{"BaH3zUEaO34U4Niuvpn2VRfhHVKeBkWaL0zghTzFONlV":{"chainKey":{"counter":-1,"key":"F6MPaWgKjuwobC0YvJHVAPeG2bPP2OfRr8DmCd3Z0X4="},"chainType":1,"messageKeys":{}}},"pendingPreKey":{"signedKeyId":25,"baseKey":"BRx/RbqgFZCoq8O4zwCuM1nID4CtGns3T6fo3amzuVsc","preKeyId":8127040}},"BYlCv1mGiWuE7k6mX+UxJcaM9WyG5uPt+V27T5v75bUj":{"registrationId":1272488857,"currentRatchet":{"ephemeralKeyPair":{"pubKey":"BUufKXDaRaq8gHYGFBs2ZLiybQr7i5pl3w0mDWkMFSpB","privKey":"wPq70VJ9oTDtPGNrhr53Ll90mWqZ52zA4vgeTdN3D3A="},"lastRemoteEphemeralKey":"BcsqLFZOIuZJobWLKe4xdLs6D3j5I3/vTSpsijtNSe5j","previousCounter":0,"rootKey":"62HjBjkg1Gd6Q5P3AxByDCZipaRtxH0fRRtP5UI/4TM="},"indexInfo":{"baseKey":"BYlCv1mGiWuE7k6mX+UxJcaM9WyG5uPt+V27T5v75bUj","baseKeyType":1,"closed":-1,"used":1763718477873,"created":1763718477873,"remoteIdentityKey":"BfETfyj78Ay/heqrxVWh4DvDtAUm2w0RTnK0HbSCr2wD"},"_chains":{"BUufKXDaRaq8gHYGFBs2ZLiybQr7i5pl3w0mDWkMFSpB":{"chainKey":{"counter":145,"key":"6j0NOpzYdWxo2hZCzqmUL7GEs7uhNWWmOKSTsqMGOR4="},"chainType":1,"messageKeys":{}}},"pendingPreKey":{"signedKeyId":25,"baseKey":"BYlCv1mGiWuE7k6mX+UxJcaM9WyG5uPt+V27T5v75bUj","preKeyId":8126338}}},"version":"v1"}