{"_sessions":{"BWuhFVNhmBe82QY5TKxSeQMi6FR3Wn+h4RfbjvIGqv8+":{"registrationId":1580591485,"currentRatchet":{"ephemeralKeyPair":{"pubKey":"BWhCYNJEQmtSaxfzJBRRegh92SgPp+y8IGYxjDx3iEop","privKey":"MMMTi4KR0IyZLiTTiEC4H0/Dp9yR+2agjddvdjExAWg="},"lastRemoteEphemeralKey":"BSMG/Ow+I0IWnm28JEXlgDCbU0p2GA1JjqmhtH26oNZr","previousCounter":0,"rootKey":"s4yPQWpibV0CY8uNTlu55rRLTnpuYQQnD7ginMt4xKA="},"indexInfo":{"baseKey":"BWuhFVNhmBe82QY5TKxSeQMi6FR3Wn+h4RfbjvIGqv8+","baseKeyType":1,"closed":1763718472900,"used":1763718471940,"created":1763718471940,"remoteIdentityKey":"BRDSsJ5NO0DOGCoYSFWEjn8CgfbB7f33WzgBYvTLZzps"},"_chains":{"BWhCYNJEQmtSaxfzJBRRegh92SgPp+y8IGYxjDx3iEop":{"chainKey":{"counter":-1,"key":"+yAkrESONtHmtYAXesneeWzDpg6pzUGH96Dpp/ohj0U="},"chainType":1,"messageKeys":{}}},"pendingPreKey":{"signedKeyId":9,"baseKey":"BWuhFVNhmBe82QY5TKxSeQMi6FR3Wn+h4RfbjvIGqv8+","preKeyId":4702798}},"BXLjqKO2QM6aCiBMzxAqrGKC25w69++5CkbVy8YebQ4c":{"registrationId":1580591485,"currentRatchet":{"ephemeralKeyPair":{"pubKey":"Bd/kjCOz/qkhLxPEN2pI/jSNDiPp5ZOeMr1RwnFn7jJ3","privKey":"uKbQFqU2TEI6T/AkXPHeRh1ZxbbS0X032b5hYsaIhkU="},"lastRemoteEphemeralKey":"BSMG/Ow+I0IWnm28JEXlgDCbU0p2GA1JjqmhtH26oNZr","previousCounter":0,"rootKey":"RJaFVBx3u42kYbuhRzHBYUD8lTKPgOUBslXnU0SJ+Ds="},"indexInfo":{"baseKey":"BXLjqKO2QM6aCiBMzxAqrGKC25w69++5CkbVy8YebQ4c","baseKeyType":1,"closed":-1,"used":1763718472897,"created":1763718472897,"remoteIdentityKey":"BRDSsJ5NO0DOGCoYSFWEjn8CgfbB7f33WzgBYvTLZzps"},"_chains":{"Bd/kjCOz/qkhLxPEN2pI/jSNDiPp5ZOeMr1RwnFn7jJ3":{"chainKey":{"counter":145,"key":"6rF+IFhf4lpJn0xgY4C0C0iXTzKZv4qYwUDnVTYdviE="},"chainType":1,"messageKeys":{}}},"pendingPreKey":{"signedKeyId":9,"baseKey":"BXLjqKO2QM6aCiBMzxAqrGKC25w69++5CkbVy8YebQ4c","preKeyId":4703151}}},"version":"v1"}