{"_sessions":{"BYLhr5t+HLQPhQIx8cZoJdR0Rv5xNz7JR1UB0QnrWa49":{"registrationId":1488955403,"currentRatchet":{"ephemeralKeyPair":{"pubKey":"BdBJ6VJ1JSC0csEtPm9kOkMsWroses0kjjCM4gu3TBdD","privKey":"0LvvIFUwkLYiBmPDShmfr69IYzwGktC560F/e18FVko="},"lastRemoteEphemeralKey":"BVz+kYgGV1KxRShWbjwVUpAZIRMWKT8NgPFfUx0zxtAA","previousCounter":0,"rootKey":"d3BumgGRu6mBbOXm+fPTLa+IVg4W+YVL1ENCr+P43h4="},"indexInfo":{"baseKey":"BYLhr5t+HLQPhQIx8cZoJdR0Rv5xNz7JR1UB0QnrWa49","baseKeyType":1,"closed":1763718474699,"used":1763718473811,"created":1763718473811,"remoteIdentityKey":"BQkuZkIFxopPvqtJlngWVe79nTtTTHkXxtPw/uC1wNVr"},"_chains":{"BdBJ6VJ1JSC0csEtPm9kOkMsWroses0kjjCM4gu3TBdD":{"chainKey":{"counter":-1,"key":"K/EverPyiHwy8zjmBvgyMYBsbcoN4AqSdgvtZvOvVaw="},"chainType":1,"messageKeys":{}}},"pendingPreKey":{"signedKeyId":4,"baseKey":"BYLhr5t+HLQPhQIx8cZoJdR0Rv5xNz7JR1UB0QnrWa49","preKeyId":14930557}},"Bf6tqVZ+YaHnnuwSAVzArK1wHeo2j3VBSxLQY2WM08QM":{"registrationId":1488955403,"currentRatchet":{"ephemeralKeyPair":{"pubKey":"BYBlDrYpcyE7wuRwRuvKQ+ImoSNloXYWzoCuGKJY9u8d","privKey":"UAL9tyYmnr5sXK+u0FsNBoP95xYgljoQJRr534MmFEs="},"lastRemoteEphemeralKey":"BVz+kYgGV1KxRShWbjwVUpAZIRMWKT8NgPFfUx0zxtAA","previousCounter":0,"rootKey":"LiZnzegIPbD6tARqkk+yMb5v/3I4iE23bw9Sk0JWshY="},"indexInfo":{"baseKey":"Bf6tqVZ+YaHnnuwSAVzArK1wHeo2j3VBSxLQY2WM08QM","baseKeyType":1,"closed":-1,"used":1763718474696,"created":1763718474696,"remoteIdentityKey":"BQkuZkIFxopPvqtJlngWVe79nTtTTHkXxtPw/uC1wNVr"},"_chains":{"BYBlDrYpcyE7wuRwRuvKQ+ImoSNloXYWzoCuGKJY9u8d":{"chainKey":{"counter":145,"key":"c3FXJNmu8OdBDA2JafqN4m8Wb4pEPd7UfFLGBP9mBAE="},"chainType":1,"messageKeys":{}}},"pendingPreKey":{"signedKeyId":4,"baseKey":"Bf6tqVZ+YaHnnuwSAVzArK1wHeo2j3VBSxLQY2WM08QM","preKeyId":14930546}}},"version":"v1"}