{"_sessions":{"BTFqlBovEUz+10uwaQj1/qxXOErzMUFPVTsJnJQ9J7cE":{"registrationId":214945637,"currentRatchet":{"ephemeralKeyPair":{"pubKey":"BUBDHXRmmxWDL3KHtlt3xM2SRVX1b2qR4fbTpRLe1D1k","privKey":"uIIbp+Ij7wSw1F8xt9XvXp4RG6g3+npJBSLB88+5GEI="},"lastRemoteEphemeralKey":"BbgK9InRJrvhbRScttlV072GieHMN+WB0Nk4vUF10p5E","previousCounter":0,"rootKey":"qxdv24GhiLlwZBJjhmjDYrQ78k3sV9OS0Ff2JuPtwrY="},"indexInfo":{"baseKey":"BTFqlBovEUz+10uwaQj1/qxXOErzMUFPVTsJnJQ9J7cE","baseKeyType":1,"closed":1763718471555,"used":1763718470287,"created":1763718470287,"remoteIdentityKey":"BSDKSOgu1K8j3E/R9wzvOAXGhnQYUX9qkysqJ1vxe31e"},"_chains":{"BUBDHXRmmxWDL3KHtlt3xM2SRVX1b2qR4fbTpRLe1D1k":{"chainKey":{"counter":-1,"key":"QJgJK5c5b6ceL52LwWIGv3lBPTeUDxyVfCnU7J/K32g="},"chainType":1,"messageKeys":{}}},"pendingPreKey":{"signedKeyId":950441,"baseKey":"BTFqlBovEUz+10uwaQj1/qxXOErzMUFPVTsJnJQ9J7cE","preKeyId":4115195}},"BRSfgKaFmzkIrIYyTByPfJ5OEQ2VGUVTetAkxt4dUyNz":{"registrationId":214945637,"currentRatchet":{"ephemeralKeyPair":{"pubKey":"BQr/xEeANXuhNuYMVePw3t1A9gxbeJHsXNRtgm0F2ppC","privKey":"OAFdrErnubjKLdBTv8xEZIuTbt0u0skyTOKYqA3SRVY="},"lastRemoteEphemeralKey":"BbgK9InRJrvhbRScttlV072GieHMN+WB0Nk4vUF10p5E","previousCounter":0,"rootKey":"PKDWZhmErwc7nOv2GbxnAucVUfG0itKDce1OEryOPy0="},"indexInfo":{"baseKey":"BRSfgKaFmzkIrIYyTByPfJ5OEQ2VGUVTetAkxt4dUyNz","baseKeyType":1,"closed":-1,"used":1763718471552,"created":1763718471552,"remoteIdentityKey":"BSDKSOgu1K8j3E/R9wzvOAXGhnQYUX9qkysqJ1vxe31e"},"_chains":{"BQr/xEeANXuhNuYMVePw3t1A9gxbeJHsXNRtgm0F2ppC":{"chainKey":{"counter":145,"key":"zXBefK1Sb0MhspqNNxQkfEi6rMWPlRMezoApBSBIdiU="},"chainType":1,"messageKeys":{}}},"pendingPreKey":{"signedKeyId":950441,"baseKey":"BRSfgKaFmzkIrIYyTByPfJ5OEQ2VGUVTetAkxt4dUyNz","preKeyId":4115456}}},"version":"v1"}